id,name,abbrev,conference,power_conf,wins,losses,win_pct,conf_wins,conf_losses,streak,ap_rank,net_rank,trank,barthag,adj_oe,adj_de,adj_margin,adj_tempo,sos,elite_sos,ppg,opp_ppg,efg_pct,efg_d,tov_pct,tov_d,orb_pct,drb_pct,ft_rate,ft_rate_d,two_pt_pct,three_pt_pct,three_pt_d,blk_pct,stl_pct,avg_hgt,experience,seed_score,projected_seed,projected_region,prob_r64,prob_r32,prob_s16,prob_e8,prob_f4,prob_championship,prob_champion
1,Duke,DUKE,Men's Basketball,0,0,0,0,0,3,,999,200,200,0.5,100.0,100.0,0.0,67.0,0.5,0.0,0.0,0.0,0.0,0.0,0.0,0.0,0.0,0.0,0.0,0.0,0.0,0.0,0.0,0.0,0.0,0.0,0.0,5.0,1,East,0.5245,0.259,0.1245,0.0615,0.0285,0.013,0.013
5,Clemson,CLEMSO,Men's Basketball,0,0,0,0,0,11,,999,200,200,0.5,100.0,100.0,0.0,67.0,0.5,0.0,0.0,0.0,0.0,0.0,0.0,0.0,0.0,0.0,0.0,0.0,0.0,0.0,0.0,0.0,0.0,0.0,0.0,5.0,2,East,0.4755,0.2365,0.1145,0.0555,0.0235,0.0125,0.0125
9,California,CALIFO,Men's Basketball,0,0,0,0,0,12,,999,200,200,0.5,100.0,100.0,0.0,67.0,0.5,0.0,0.0,0.0,0.0,0.0,0.0,0.0,0.0,0.0,0.0,0.0,0.0,0.0,0.0,0.0,0.0,0.0,0.0,5.0,3,East,0.4845,0.242,0.114,0.0605,0.029,0.0155,0.0155
13,Wake Forest,WAKEF,Men's Basketball,0,0,0,0,0,17,,999,200,200,0.5,100.0,100.0,0.0,67.0,0.5,0.0,0.0,0.0,0.0,0.0,0.0,0.0,0.0,0.0,0.0,0.0,0.0,0.0,0.0,0.0,0.0,0.0,0.0,5.0,4,East,0.5155,0.2625,0.141,0.076,0.041,0.0245,0.0245
17,Boston College,BOSTON,Men's Basketball,0,0,0,0,0,20,,999,200,200,0.5,100.0,100.0,0.0,67.0,0.5,0.0,0.0,0.0,0.0,0.0,0.0,0.0,0.0,0.0,0.0,0.0,0.0,0.0,0.0,0.0,0.0,0.0,0.0,5.0,5,East,0.493,0.253,0.1265,0.0695,0.0405,0.0235,0.0235
21,NJIT,NJIT,Men's Basketball,0,0,0,0,0,17,,999,200,200,0.5,100.0,100.0,0.0,67.0,0.5,0.0,0.0,0.0,0.0,0.0,0.0,0.0,0.0,0.0,0.0,0.0,0.0,0.0,0.0,0.0,0.0,0.0,0.0,5.0,6,East,0.507,0.2585,0.122,0.062,0.03,0.0155,0.0155
25,New Hampshire,NEWHA,Men's Basketball,0,0,0,0,0,21,,999,200,200,0.5,100.0,100.0,0.0,67.0,0.5,0.0,0.0,0.0,0.0,0.0,0.0,0.0,0.0,0.0,0.0,0.0,0.0,0.0,0.0,0.0,0.0,0.0,0.0,5.0,7,East,0.5185,0.2495,0.133,0.069,0.0355,0.0145,0.0145
29,Tulsa,TULSA,Men's Basketball,0,0,0,0,0,8,,999,200,200,0.5,100.0,100.0,0.0,67.0,0.5,0.0,0.0,0.0,0.0,0.0,0.0,0.0,0.0,0.0,0.0,0.0,0.0,0.0,0.0,0.0,0.0,0.0,0.0,5.0,8,East,0.4815,0.239,0.1245,0.0615,0.0305,0.0185,0.0185
33,Fla. Atlantic,FLA.A,Men's Basketball,0,0,0,0,0,15,,999,200,200,0.5,100.0,100.0,0.0,67.0,0.5,0.0,0.0,0.0,0.0,0.0,0.0,0.0,0.0,0.0,0.0,0.0,0.0,0.0,0.0,0.0,0.0,0.0,0.0,5.0,9,East,0.521,0.253,0.129,0.0535,0.0305,0.0175,0.0175
37,Memphis,MEMPHI,Men's Basketball,0,0,0,0,0,19,,999,200,200,0.5,100.0,100.0,0.0,67.0,0.5,0.0,0.0,0.0,0.0,0.0,0.0,0.0,0.0,0.0,0.0,0.0,0.0,0.0,0.0,0.0,0.0,0.0,0.0,5.0,10,East,0.479,0.225,0.105,0.049,0.027,0.014,0.014
41,Austin Peay,AUSTIN,Men's Basketball,0,0,0,0,0,9,,999,200,200,0.5,100.0,100.0,0.0,67.0,0.5,0.0,0.0,0.0,0.0,0.0,0.0,0.0,0.0,0.0,0.0,0.0,0.0,0.0,0.0,0.0,0.0,0.0,0.0,5.0,11,East,0.5125,0.26,0.128,0.0695,0.0355,0.0205,0.0205
45,FGCU,FGCU,Men's Basketball,0,0,0,0,0,18,,999,200,200,0.5,100.0,100.0,0.0,67.0,0.5,0.0,0.0,0.0,0.0,0.0,0.0,0.0,0.0,0.0,0.0,0.0,0.0,0.0,0.0,0.0,0.0,0.0,0.0,5.0,12,East,0.4875,0.262,0.131,0.065,0.0315,0.0155,0.0155
49,Stetson,STETSO,Men's Basketball,0,0,0,0,0,21,,999,200,200,0.5,100.0,100.0,0.0,67.0,0.5,0.0,0.0,0.0,0.0,0.0,0.0,0.0,0.0,0.0,0.0,0.0,0.0,0.0,0.0,0.0,0.0,0.0,0.0,5.0,13,East,0.4835,0.2355,0.122,0.0615,0.0265,0.014,0.014
53,Saint Louis,SAINT,Men's Basketball,0,0,0,0,0,6,,999,200,200,0.5,100.0,100.0,0.0,67.0,0.5,0.0,0.0,0.0,0.0,0.0,0.0,0.0,0.0,0.0,0.0,0.0,0.0,0.0,0.0,0.0,0.0,0.0,0.0,5.0,14,East,0.5165,0.2555,0.1315,0.069,0.0345,0.0205,0.0205
57,George Mason,GEORGE,Men's Basketball,0,0,0,0,0,10,,999,200,200,0.5,100.0,100.0,0.0,67.0,0.5,0.0,0.0,0.0,0.0,0.0,0.0,0.0,0.0,0.0,0.0,0.0,0.0,0.0,0.0,0.0,0.0,0.0,0.0,5.0,15,East,0.4965,0.25,0.1195,0.0605,0.028,0.015,0.015
61,Fordham,FORDHA,Men's Basketball,0,0,0,0,0,15,,999,200,200,0.5,100.0,100.0,0.0,67.0,0.5,0.0,0.0,0.0,0.0,0.0,0.0,0.0,0.0,0.0,0.0,0.0,0.0,0.0,0.0,0.0,0.0,0.0,0.0,5.0,16,East,0.5035,0.259,0.134,0.0565,0.028,0.0145,0.0145
4,North Carolina,NORTH,Men's Basketball,0,0,0,0,0,9,,999,200,200,0.5,100.0,100.0,0.0,67.0,0.5,0.0,0.0,0.0,0.0,0.0,0.0,0.0,0.0,0.0,0.0,0.0,0.0,0.0,0.0,0.0,0.0,0.0,0.0,5.0,1,Midwest,0.4995,0.2435,0.1255,0.0595,0.0325,0.016,0.016
8,Florida St.,FLORID,Men's Basketball,0,0,0,0,0,15,,999,200,200,0.5,100.0,100.0,0.0,67.0,0.5,0.0,0.0,0.0,0.0,0.0,0.0,0.0,0.0,0.0,0.0,0.0,0.0,0.0,0.0,0.0,0.0,0.0,0.0,5.0,2,Midwest,0.5005,0.2505,0.1235,0.065,0.029,0.012,0.012
12,SMU,SMU,Men's Basketball,0,0,0,0,0,14,,999,200,200,0.5,100.0,100.0,0.0,67.0,0.5,0.0,0.0,0.0,0.0,0.0,0.0,0.0,0.0,0.0,0.0,0.0,0.0,0.0,0.0,0.0,0.0,0.0,0.0,5.0,3,Midwest,0.501,0.2485,0.113,0.0515,0.0275,0.013,0.013
16,Notre Dame,NOTRE,Men's Basketball,0,0,0,0,0,18,,999,200,200,0.5,100.0,100.0,0.0,67.0,0.5,0.0,0.0,0.0,0.0,0.0,0.0,0.0,0.0,0.0,0.0,0.0,0.0,0.0,0.0,0.0,0.0,0.0,0.0,5.0,4,Midwest,0.499,0.2575,0.1335,0.0685,0.03,0.0135,0.0135
20,Vermont,VERMON,Men's Basketball,0,0,0,0,0,12,,999,200,200,0.5,100.0,100.0,0.0,67.0,0.5,0.0,0.0,0.0,0.0,0.0,0.0,0.0,0.0,0.0,0.0,0.0,0.0,0.0,0.0,0.0,0.0,0.0,0.0,5.0,5,Midwest,0.4815,0.2465,0.1205,0.0545,0.025,0.0135,0.0135
24,Maine,MAINE,Men's Basketball,0,0,0,0,0,24,,999,200,200,0.5,100.0,100.0,0.0,67.0,0.5,0.0,0.0,0.0,0.0,0.0,0.0,0.0,0.0,0.0,0.0,0.0,0.0,0.0,0.0,0.0,0.0,0.0,0.0,5.0,6,Midwest,0.5185,0.259,0.1315,0.0655,0.0315,0.017,0.017
28,South Fla.,SOUTH,Men's Basketball,0,0,0,0,0,9,,999,200,200,0.5,100.0,100.0,0.0,67.0,0.5,0.0,0.0,0.0,0.0,0.0,0.0,0.0,0.0,0.0,0.0,0.0,0.0,0.0,0.0,0.0,0.0,0.0,0.0,5.0,7,Midwest,0.5115,0.2475,0.1295,0.0625,0.031,0.017,0.017
32,North Texas,NORTH,Men's Basketball,0,0,0,0,0,14,,999,200,200,0.5,100.0,100.0,0.0,67.0,0.5,0.0,0.0,0.0,0.0,0.0,0.0,0.0,0.0,0.0,0.0,0.0,0.0,0.0,0.0,0.0,0.0,0.0,0.0,5.0,8,Midwest,0.4885,0.247,0.123,0.073,0.0385,0.021,0.021
36,Temple,TEMPLE,Men's Basketball,0,0,0,0,0,16,,999,200,200,0.5,100.0,100.0,0.0,67.0,0.5,0.0,0.0,0.0,0.0,0.0,0.0,0.0,0.0,0.0,0.0,0.0,0.0,0.0,0.0,0.0,0.0,0.0,0.0,5.0,9,Midwest,0.4905,0.22,0.1075,0.056,0.0275,0.015,0.015
40,UTSA,UTSA,Men's Basketball,0,0,0,0,0,25,,999,200,200,0.5,100.0,100.0,0.0,67.0,0.5,0.0,0.0,0.0,0.0,0.0,0.0,0.0,0.0,0.0,0.0,0.0,0.0,0.0,0.0,0.0,0.0,0.0,0.0,5.0,10,Midwest,0.5095,0.269,0.1455,0.07,0.0375,0.0175,0.0175
44,Lipscomb,LIPSCO,Men's Basketball,0,0,0,0,0,13,,999,200,200,0.5,100.0,100.0,0.0,67.0,0.5,0.0,0.0,0.0,0.0,0.0,0.0,0.0,0.0,0.0,0.0,0.0,0.0,0.0,0.0,0.0,0.0,0.0,0.0,5.0,11,Midwest,0.5035,0.267,0.13,0.069,0.0345,0.0185,0.0185
48,Jacksonville,JACKSO,Men's Basketball,0,0,0,0,0,20,,999,200,200,0.5,100.0,100.0,0.0,67.0,0.5,0.0,0.0,0.0,0.0,0.0,0.0,0.0,0.0,0.0,0.0,0.0,0.0,0.0,0.0,0.0,0.0,0.0,0.0,5.0,12,Midwest,0.4965,0.244,0.1235,0.057,0.0285,0.011,0.011
52,North Ala.,NORTH,Men's Basketball,0,0,0,0,0,21,,999,200,200,0.5,100.0,100.0,0.0,67.0,0.5,0.0,0.0,0.0,0.0,0.0,0.0,0.0,0.0,0.0,0.0,0.0,0.0,0.0,0.0,0.0,0.0,0.0,0.0,5.0,13,Midwest,0.49,0.2455,0.118,0.0545,0.027,0.0115,0.0115
56,Dayton,DAYTON,Men's Basketball,0,0,0,0,0,12,,999,200,200,0.5,100.0,100.0,0.0,67.0,0.5,0.0,0.0,0.0,0.0,0.0,0.0,0.0,0.0,0.0,0.0,0.0,0.0,0.0,0.0,0.0,0.0,0.0,0.0,5.0,14,Midwest,0.51,0.2455,0.118,0.0575,0.028,0.014,0.014
60,George Washington,GEORGE,Men's Basketball,0,0,0,0,0,16,,999,200,200,0.5,100.0,100.0,0.0,67.0,0.5,0.0,0.0,0.0,0.0,0.0,0.0,0.0,0.0,0.0,0.0,0.0,0.0,0.0,0.0,0.0,0.0,0.0,0.0,5.0,15,Midwest,0.4785,0.2425,0.1275,0.0705,0.038,0.02,0.02
64,La Salle,LASAL,Men's Basketball,0,0,0,0,0,23,,999,200,200,0.5,100.0,100.0,0.0,67.0,0.5,0.0,0.0,0.0,0.0,0.0,0.0,0.0,0.0,0.0,0.0,0.0,0.0,0.0,0.0,0.0,0.0,0.0,0.0,5.0,16,Midwest,0.5215,0.2665,0.13,0.0655,0.0345,0.017,0.017
3,Miami (FL),MIAMI,Men's Basketball,0,0,0,0,0,9,,999,200,200,0.5,100.0,100.0,0.0,67.0,0.5,0.0,0.0,0.0,0.0,0.0,0.0,0.0,0.0,0.0,0.0,0.0,0.0,0.0,0.0,0.0,0.0,0.0,0.0,5.0,1,South,0.483,0.2495,0.138,0.067,0.033,0.017,0.017
7,NC State,NCSTA,Men's Basketball,0,0,0,0,0,14,,999,200,200,0.5,100.0,100.0,0.0,67.0,0.5,0.0,0.0,0.0,0.0,0.0,0.0,0.0,0.0,0.0,0.0,0.0,0.0,0.0,0.0,0.0,0.0,0.0,0.0,5.0,2,South,0.517,0.255,0.133,0.07,0.0415,0.019,0.019
11,Virginia Tech,VIRGIN,Men's Basketball,0,0,0,0,0,13,,999,200,200,0.5,100.0,100.0,0.0,67.0,0.5,0.0,0.0,0.0,0.0,0.0,0.0,0.0,0.0,0.0,0.0,0.0,0.0,0.0,0.0,0.0,0.0,0.0,0.0,5.0,3,South,0.4915,0.245,0.134,0.0685,0.0335,0.0175,0.0175
15,Pittsburgh,PITTSB,Men's Basketball,0,0,0,0,0,20,,999,200,200,0.5,100.0,100.0,0.0,67.0,0.5,0.0,0.0,0.0,0.0,0.0,0.0,0.0,0.0,0.0,0.0,0.0,0.0,0.0,0.0,0.0,0.0,0.0,0.0,5.0,4,South,0.5085,0.2505,0.123,0.061,0.031,0.0155,0.0155
19,UMBC,UMBC,Men's Basketball,0,0,0,0,0,9,,999,200,200,0.5,100.0,100.0,0.0,67.0,0.5,0.0,0.0,0.0,0.0,0.0,0.0,0.0,0.0,0.0,0.0,0.0,0.0,0.0,0.0,0.0,0.0,0.0,0.0,5.0,5,South,0.4985,0.2435,0.115,0.0545,0.027,0.0135,0.0135
23,UAlbany,UALBAN,Men's Basketball,0,0,0,0,0,21,,999,200,200,0.5,100.0,100.0,0.0,67.0,0.5,0.0,0.0,0.0,0.0,0.0,0.0,0.0,0.0,0.0,0.0,0.0,0.0,0.0,0.0,0.0,0.0,0.0,0.0,5.0,6,South,0.5015,0.2515,0.112,0.0585,0.0315,0.015,0.015
27,Binghamton,BINGHA,Men's Basketball,0,0,0,0,0,23,,999,200,200,0.5,100.0,100.0,0.0,67.0,0.5,0.0,0.0,0.0,0.0,0.0,0.0,0.0,0.0,0.0,0.0,0.0,0.0,0.0,0.0,0.0,0.0,0.0,0.0,5.0,7,South,0.4865,0.2435,0.1185,0.0655,0.029,0.014,0.014
31,UAB,UAB,Men's Basketball,0,0,0,0,0,12,,999,200,200,0.5,100.0,100.0,0.0,67.0,0.5,0.0,0.0,0.0,0.0,0.0,0.0,0.0,0.0,0.0,0.0,0.0,0.0,0.0,0.0,0.0,0.0,0.0,0.0,5.0,8,South,0.5135,0.2615,0.1265,0.06,0.0265,0.015,0.015
35,Tulane,TULANE,Men's Basketball,0,0,0,0,0,15,,999,200,200,0.5,100.0,100.0,0.0,67.0,0.5,0.0,0.0,0.0,0.0,0.0,0.0,0.0,0.0,0.0,0.0,0.0,0.0,0.0,0.0,0.0,0.0,0.0,0.0,5.0,9,South,0.5185,0.267,0.1405,0.064,0.028,0.016,0.016
39,East Carolina,EASTC,Men's Basketball,0,0,0,0,0,20,,999,200,200,0.5,100.0,100.0,0.0,67.0,0.5,0.0,0.0,0.0,0.0,0.0,0.0,0.0,0.0,0.0,0.0,0.0,0.0,0.0,0.0,0.0,0.0,0.0,0.0,5.0,10,South,0.4815,0.23,0.114,0.05,0.0295,0.011,0.011
43,Queens (NC),QUEENS,Men's Basketball,0,0,0,0,0,14,,999,200,200,0.5,100.0,100.0,0.0,67.0,0.5,0.0,0.0,0.0,0.0,0.0,0.0,0.0,0.0,0.0,0.0,0.0,0.0,0.0,0.0,0.0,0.0,0.0,0.0,5.0,11,South,0.4975,0.2475,0.125,0.064,0.033,0.0145,0.0145
47,Bellarmine,BELLAR,Men's Basketball,0,0,0,0,0,19,,999,200,200,0.5,100.0,100.0,0.0,67.0,0.5,0.0,0.0,0.0,0.0,0.0,0.0,0.0,0.0,0.0,0.0,0.0,0.0,0.0,0.0,0.0,0.0,0.0,0.0,5.0,12,South,0.5025,0.2555,0.14,0.074,0.0385,0.0175,0.0175
51,North Florida,NORTH,Men's Basketball,0,0,0,0,0,25,,999,200,200,0.5,100.0,100.0,0.0,67.0,0.5,0.0,0.0,0.0,0.0,0.0,0.0,0.0,0.0,0.0,0.0,0.0,0.0,0.0,0.0,0.0,0.0,0.0,0.0,5.0,13,South,0.491,0.252,0.132,0.069,0.0325,0.0165,0.0165
55,Saint Joseph's,SAINT,Men's Basketball,0,0,0,0,0,12,,999,200,200,0.5,100.0,100.0,0.0,67.0,0.5,0.0,0.0,0.0,0.0,0.0,0.0,0.0,0.0,0.0,0.0,0.0,0.0,0.0,0.0,0.0,0.0,0.0,0.0,5.0,14,South,0.509,0.2465,0.1105,0.056,0.0295,0.013,0.013
59,Duquesne,DUQUES,Men's Basketball,0,0,0,0,0,15,,999,200,200,0.5,100.0,100.0,0.0,67.0,0.5,0.0,0.0,0.0,0.0,0.0,0.0,0.0,0.0,0.0,0.0,0.0,0.0,0.0,0.0,0.0,0.0,0.0,0.0,5.0,15,South,0.4725,0.2415,0.1125,0.054,0.0255,0.0095,0.0095
63,Richmond,RICHMO,Men's Basketball,0,0,0,0,0,17,,999,200,200,0.5,100.0,100.0,0.0,67.0,0.5,0.0,0.0,0.0,0.0,0.0,0.0,0.0,0.0,0.0,0.0,0.0,0.0,0.0,0.0,0.0,0.0,0.0,0.0,5.0,16,South,0.5275,0.26,0.1255,0.064,0.03,0.013,0.013
2,Virginia,VIRGIN,Men's Basketball,0,0,0,0,0,6,,999,200,200,0.5,100.0,100.0,0.0,67.0,0.5,0.0,0.0,0.0,0.0,0.0,0.0,0.0,0.0,0.0,0.0,0.0,0.0,0.0,0.0,0.0,0.0,0.0,0.0,5.0,1,West,0.483,0.245,0.12,0.0585,0.025,0.0115,0.0115
6,Louisville,LOUISV,Men's Basketball,0,0,0,0,0,11,,999,200,200,0.5,100.0,100.0,0.0,67.0,0.5,0.0,0.0,0.0,0.0,0.0,0.0,0.0,0.0,0.0,0.0,0.0,0.0,0.0,0.0,0.0,0.0,0.0,0.0,5.0,2,West,0.517,0.261,0.1405,0.067,0.033,0.0205,0.0205
10,Stanford,STANFO,Men's Basketball,0,0,0,0,0,13,,999,200,200,0.5,100.0,100.0,0.0,67.0,0.5,0.0,0.0,0.0,0.0,0.0,0.0,0.0,0.0,0.0,0.0,0.0,0.0,0.0,0.0,0.0,0.0,0.0,0.0,5.0,3,West,0.5115,0.251,0.123,0.0675,0.036,0.0175,0.0175
14,Syracuse,SYRACU,Men's Basketball,0,0,0,0,0,17,,999,200,200,0.5,100.0,100.0,0.0,67.0,0.5,0.0,0.0,0.0,0.0,0.0,0.0,0.0,0.0,0.0,0.0,0.0,0.0,0.0,0.0,0.0,0.0,0.0,0.0,5.0,4,West,0.4885,0.243,0.122,0.059,0.03,0.0135,0.0135
18,Georgia Tech,GEORGI,Men's Basketball,0,0,0,0,0,20,,999,200,200,0.5,100.0,100.0,0.0,67.0,0.5,0.0,0.0,0.0,0.0,0.0,0.0,0.0,0.0,0.0,0.0,0.0,0.0,0.0,0.0,0.0,0.0,0.0,0.0,5.0,5,West,0.5095,0.2615,0.1335,0.0595,0.0265,0.0135,0.0135
22,UMass Lowell,UMASS,Men's Basketball,0,0,0,0,0,18,,999,200,200,0.5,100.0,100.0,0.0,67.0,0.5,0.0,0.0,0.0,0.0,0.0,0.0,0.0,0.0,0.0,0.0,0.0,0.0,0.0,0.0,0.0,0.0,0.0,0.0,5.0,6,West,0.4905,0.249,0.1145,0.0605,0.0305,0.016,0.016
26,Bryant,BRYANT,Men's Basketball,0,0,0,0,0,22,,999,200,200,0.5,100.0,100.0,0.0,67.0,0.5,0.0,0.0,0.0,0.0,0.0,0.0,0.0,0.0,0.0,0.0,0.0,0.0,0.0,0.0,0.0,0.0,0.0,0.0,5.0,7,West,0.5005,0.2375,0.12,0.058,0.0305,0.0135,0.0135
30,Wichita St.,WICHIT,Men's Basketball,0,0,0,0,0,12,,999,200,200,0.5,100.0,100.0,0.0,67.0,0.5,0.0,0.0,0.0,0.0,0.0,0.0,0.0,0.0,0.0,0.0,0.0,0.0,0.0,0.0,0.0,0.0,0.0,0.0,5.0,8,West,0.4995,0.252,0.1265,0.062,0.03,0.0145,0.0145
34,Charlotte,CHARLO,Men's Basketball,0,0,0,0,0,17,,999,200,200,0.5,100.0,100.0,0.0,67.0,0.5,0.0,0.0,0.0,0.0,0.0,0.0,0.0,0.0,0.0,0.0,0.0,0.0,0.0,0.0,0.0,0.0,0.0,0.0,5.0,9,West,0.505,0.2405,0.1195,0.067,0.031,0.014,0.014
38,Rice,RICE,Men's Basketball,0,0,0,0,0,18,,999,200,200,0.5,100.0,100.0,0.0,67.0,0.5,0.0,0.0,0.0,0.0,0.0,0.0,0.0,0.0,0.0,0.0,0.0,0.0,0.0,0.0,0.0,0.0,0.0,0.0,5.0,10,West,0.495,0.2705,0.139,0.0665,0.0295,0.016,0.016
42,Central Ark.,CENTRA,Men's Basketball,0,0,0,0,0,12,,999,200,200,0.5,100.0,100.0,0.0,67.0,0.5,0.0,0.0,0.0,0.0,0.0,0.0,0.0,0.0,0.0,0.0,0.0,0.0,0.0,0.0,0.0,0.0,0.0,0.0,5.0,11,West,0.4945,0.239,0.128,0.069,0.0345,0.0185,0.0185
46,West Ga.,WESTG,Men's Basketball,0,0,0,0,0,17,,999,200,200,0.5,100.0,100.0,0.0,67.0,0.5,0.0,0.0,0.0,0.0,0.0,0.0,0.0,0.0,0.0,0.0,0.0,0.0,0.0,0.0,0.0,0.0,0.0,0.0,5.0,12,West,0.5055,0.25,0.1345,0.0655,0.0355,0.016,0.016
50,Eastern Ky.,EASTER,Men's Basketball,0,0,0,0,0,21,,999,200,200,0.5,100.0,100.0,0.0,67.0,0.5,0.0,0.0,0.0,0.0,0.0,0.0,0.0,0.0,0.0,0.0,0.0,0.0,0.0,0.0,0.0,0.0,0.0,0.0,5.0,13,West,0.5,0.2405,0.113,0.0545,0.0295,0.0175,0.0175
54,VCU,VCU,Men's Basketball,0,0,0,0,0,8,,999,200,200,0.5,100.0,100.0,0.0,67.0,0.5,0.0,0.0,0.0,0.0,0.0,0.0,0.0,0.0,0.0,0.0,0.0,0.0,0.0,0.0,0.0,0.0,0.0,0.0,5.0,14,West,0.5,0.2505,0.1225,0.0635,0.0355,0.015,0.015
58,Davidson,DAVIDS,Men's Basketball,0,0,0,0,0,14,,999,200,200,0.5,100.0,100.0,0.0,67.0,0.5,0.0,0.0,0.0,0.0,0.0,0.0,0.0,0.0,0.0,0.0,0.0,0.0,0.0,0.0,0.0,0.0,0.0,0.0,5.0,15,West,0.51,0.255,0.123,0.0635,0.034,0.0165,0.0165
62,Rhode Island,RHODE,Men's Basketball,0,0,0,0,0,16,,999,200,200,0.5,100.0,100.0,0.0,67.0,0.5,0.0,0.0,0.0,0.0,0.0,0.0,0.0,0.0,0.0,0.0,0.0,0.0,0.0,0.0,0.0,0.0,0.0,0.0,5.0,16,West,0.49,0.254,0.1205,0.0585,0.029,0.012,0.012
