name,conference,power_conf,norm_win_pct,norm_net_rank,norm_trank,norm_barthag,norm_adj_oe,norm_adj_de,norm_adj_margin,norm_adj_tempo,norm_sos,norm_elite_sos,norm_efg_pct,norm_efg_d,norm_tov_pct,norm_tov_d,norm_orb_pct,norm_drb_pct,norm_ft_rate,norm_ft_rate_d,norm_two_pt_pct,norm_three_pt_pct,norm_three_pt_d,norm_blk_pct,norm_stl_pct,norm_avg_hgt,norm_experience,norm_conf_wins,norm_conf_losses,norm_wins,norm_losses,norm_prob_r64,norm_prob_r32,norm_prob_s16,norm_prob_e8,norm_prob_f4,norm_prob_championship,norm_prob_champion,target_seed,target_in_tourney,target_prob_champion,target_region,conf_Men's_Basketball,region_East,region_West,region_South,region_Midwest,region_Play_in,region_—
Duke,Men's Basketball,0,0.0,0.0,0.0,0.0,0.0,0.0,0.0,0.0,0.0,0.0,0.0,0.0,0.0,0.0,0.0,0.0,0.0,0.0,0.0,0.0,0.0,0.0,0.0,0.0,0.0,0.0,0.071429,0.0,0.0,0.926736,0.873134,0.775801,0.786207,0.759494,0.627907,0.627907,1,1,0.0135,East,1,1,0,0,0,0,0
Virginia,Men's Basketball,0,0.0,0.0,0.0,0.0,0.0,0.0,0.0,0.0,0.0,0.0,0.0,0.0,0.0,0.0,0.0,0.0,0.0,0.0,0.0,0.0,0.0,0.0,0.0,0.0,0.0,0.0,0.142857,0.0,0.0,0.946717,0.873134,0.839858,0.855172,0.936709,0.790698,0.790698,1,1,0.017,West,1,0,1,0,0,0,0
Miami (FL),Men's Basketball,0,0.0,0.0,0.0,0.0,0.0,0.0,0.0,0.0,0.0,0.0,0.0,0.0,0.0,0.0,0.0,0.0,0.0,0.0,0.0,0.0,0.0,0.0,0.0,0.0,0.0,0.0,0.214286,0.0,0.0,0.919125,0.878731,0.790036,0.813793,0.78481,0.604651,0.604651,1,1,0.013,South,1,0,0,1,0,0,0
North Carolina,Men's Basketball,0,0.0,0.0,0.0,0.0,0.0,0.0,0.0,0.0,0.0,0.0,0.0,0.0,0.0,0.0,0.0,0.0,0.0,0.0,0.0,0.0,0.0,0.0,0.0,0.0,0.0,0.0,0.214286,0.0,0.0,0.921028,0.88806,0.893238,0.806897,0.734177,0.860465,0.860465,1,1,0.0185,Midwest,1,0,0,0,1,0,0
Clemson,Men's Basketball,0,0.0,0.0,0.0,0.0,0.0,0.0,0.0,0.0,0.0,0.0,0.0,0.0,0.0,0.0,0.0,0.0,0.0,0.0,0.0,0.0,0.0,0.0,0.0,0.0,0.0,0.0,0.285714,0.0,0.0,0.976213,0.979478,0.964413,0.937931,0.848101,0.813953,0.813953,2,1,0.0175,East,1,1,0,0,0,0,0
NC State,Men's Basketball,0,0.0,0.0,0.0,0.0,0.0,0.0,0.0,0.0,0.0,0.0,0.0,0.0,0.0,0.0,0.0,0.0,0.0,0.0,0.0,0.0,0.0,0.0,0.0,0.0,0.0,0.0,0.357143,0.0,0.0,0.956232,0.962687,0.925267,0.868966,0.810127,0.651163,0.651163,2,1,0.014,West,1,0,1,0,0,0,0
Louisville,Men's Basketball,0,0.0,0.0,0.0,0.0,0.0,0.0,0.0,0.0,0.0,0.0,0.0,0.0,0.0,0.0,0.0,0.0,0.0,0.0,0.0,0.0,0.0,0.0,0.0,0.0,0.0,0.0,0.321429,0.0,0.0,0.983825,0.95709,0.932384,0.875862,0.848101,0.651163,0.651163,2,1,0.014,South,1,0,0,1,0,0,0
California,Men's Basketball,0,0.0,0.0,0.0,0.0,0.0,0.0,0.0,0.0,0.0,0.0,0.0,0.0,0.0,0.0,0.0,0.0,0.0,0.0,0.0,0.0,0.0,0.0,0.0,0.0,0.0,0.0,0.321429,0.0,0.0,0.981922,0.992537,0.946619,0.875862,0.848101,0.813953,0.813953,2,1,0.0175,Midwest,1,0,0,0,1,0,0
SMU,Men's Basketball,0,0.0,0.0,0.0,0.0,0.0,0.0,0.0,0.0,0.0,0.0,0.0,0.0,0.0,0.0,0.0,0.0,0.0,0.0,0.0,0.0,0.0,0.0,0.0,0.0,0.0,0.0,0.357143,0.0,0.0,0.983825,0.949627,0.935943,0.793103,0.670886,0.581395,0.581395,3,1,0.0125,East,1,1,0,0,0,0,0
Florida St.,Men's Basketball,0,0.0,0.0,0.0,0.0,0.0,0.0,0.0,0.0,0.0,0.0,0.0,0.0,0.0,0.0,0.0,0.0,0.0,0.0,0.0,0.0,0.0,0.0,0.0,0.0,0.0,0.0,0.5,0.0,0.0,0.94862,0.912313,0.846975,0.717241,0.607595,0.627907,0.627907,3,1,0.0135,West,1,0,1,0,0,0,0
Virginia Tech,Men's Basketball,0,0.0,0.0,0.0,0.0,0.0,0.0,0.0,0.0,0.0,0.0,0.0,0.0,0.0,0.0,0.0,0.0,0.0,0.0,0.0,0.0,0.0,0.0,0.0,0.0,0.0,0.0,0.392857,0.0,0.0,0.970504,0.960821,0.896797,0.758621,0.658228,0.55814,0.55814,3,1,0.012,South,1,0,0,1,0,0,0
Stanford,Men's Basketball,0,0.0,0.0,0.0,0.0,0.0,0.0,0.0,0.0,0.0,0.0,0.0,0.0,0.0,0.0,0.0,0.0,0.0,0.0,0.0,0.0,0.0,0.0,0.0,0.0,0.0,0.0,0.392857,0.0,0.0,0.96099,0.895522,0.83274,0.793103,0.658228,0.581395,0.581395,3,1,0.0125,Midwest,1,0,0,0,1,0,0
Wake Forest,Men's Basketball,0,0.0,0.0,0.0,0.0,0.0,0.0,0.0,0.0,0.0,0.0,0.0,0.0,0.0,0.0,0.0,0.0,0.0,0.0,0.0,0.0,0.0,0.0,0.0,0.0,0.0,0.0,0.5,0.0,0.0,0.919125,0.929104,0.932384,0.937931,0.898734,0.930233,0.930233,4,1,0.02,East,1,1,0,0,0,0,0
Syracuse,Men's Basketball,0,0.0,0.0,0.0,0.0,0.0,0.0,0.0,0.0,0.0,0.0,0.0,0.0,0.0,0.0,0.0,0.0,0.0,0.0,0.0,0.0,0.0,0.0,0.0,0.0,0.0,0.0,0.5,0.0,0.0,0.954329,0.983209,0.978648,0.965517,0.911392,0.744186,0.744186,4,1,0.016,West,1,0,1,0,0,0,0
Notre Dame,Men's Basketball,0,0.0,0.0,0.0,0.0,0.0,0.0,0.0,0.0,0.0,0.0,0.0,0.0,0.0,0.0,0.0,0.0,0.0,0.0,0.0,0.0,0.0,0.0,0.0,0.0,0.0,0.0,0.571429,0.0,0.0,0.932445,0.934701,0.903915,0.965517,0.949367,0.697674,0.697674,4,1,0.015,South,1,0,0,1,0,0,0
Pittsburgh,Men's Basketball,0,0.0,0.0,0.0,0.0,0.0,0.0,0.0,0.0,0.0,0.0,0.0,0.0,0.0,0.0,0.0,0.0,0.0,0.0,0.0,0.0,0.0,0.0,0.0,0.0,0.0,0.0,0.642857,0.0,0.0,0.94196,0.955224,0.893238,0.972414,0.886076,0.883721,0.883721,4,1,0.019,Midwest,1,0,0,0,1,0,0
Boston College,Men's Basketball,0,0.0,0.0,0.0,0.0,0.0,0.0,0.0,0.0,0.0,0.0,0.0,0.0,0.0,0.0,0.0,0.0,0.0,0.0,0.0,0.0,0.0,0.0,0.0,0.0,0.0,0.0,0.678571,0.0,0.0,0.986679,0.916045,0.829181,0.862069,0.822785,0.837209,0.837209,5,1,0.018,East,1,1,0,0,0,0,0
Georgia Tech,Men's Basketball,0,0.0,0.0,0.0,0.0,0.0,0.0,0.0,0.0,0.0,0.0,0.0,0.0,0.0,0.0,0.0,0.0,0.0,0.0,0.0,0.0,0.0,0.0,0.0,0.0,0.0,0.0,0.642857,0.0,0.0,0.924833,0.882463,0.818505,0.737931,0.658228,0.674419,0.674419,5,1,0.0145,West,1,0,1,0,0,0,0
UMBC,Men's Basketball,0,0.0,0.0,0.0,0.0,0.0,0.0,0.0,0.0,0.0,0.0,0.0,0.0,0.0,0.0,0.0,0.0,0.0,0.0,0.0,0.0,0.0,0.0,0.0,0.0,0.0,0.0,0.285714,0.0,0.0,0.943863,0.899254,0.846975,0.786207,0.873418,0.813953,0.813953,5,1,0.0175,South,1,0,0,1,0,0,0
Vermont,Men's Basketball,0,0.0,0.0,0.0,0.0,0.0,0.0,0.0,0.0,0.0,0.0,0.0,0.0,0.0,0.0,0.0,0.0,0.0,0.0,0.0,0.0,0.0,0.0,0.0,0.0,0.0,0.0,0.392857,0.0,0.0,0.959087,0.916045,0.932384,0.924138,0.822785,0.860465,0.860465,5,1,0.0185,Midwest,1,0,0,0,1,0,0
NJIT,Men's Basketball,0,0.0,0.0,0.0,0.0,0.0,0.0,0.0,0.0,0.0,0.0,0.0,0.0,0.0,0.0,0.0,0.0,0.0,0.0,0.0,0.0,0.0,0.0,0.0,0.0,0.0,0.0,0.535714,0.0,0.0,0.91627,0.875,0.843416,0.8,0.632911,0.465116,0.465116,6,1,0.01,East,1,1,0,0,0,0,0
UMass Lowell,Men's Basketball,0,0.0,0.0,0.0,0.0,0.0,0.0,0.0,0.0,0.0,0.0,0.0,0.0,0.0,0.0,0.0,0.0,0.0,0.0,0.0,0.0,0.0,0.0,0.0,0.0,0.0,0.0,0.607143,0.0,0.0,0.978116,0.947761,0.921708,0.910345,0.924051,0.790698,0.790698,6,1,0.017,West,1,0,1,0,0,0,0
UAlbany,Men's Basketball,0,0.0,0.0,0.0,0.0,0.0,0.0,0.0,0.0,0.0,0.0,0.0,0.0,0.0,0.0,0.0,0.0,0.0,0.0,0.0,0.0,0.0,0.0,0.0,0.0,0.0,0.0,0.678571,0.0,0.0,0.959087,0.972015,0.939502,0.813793,0.822785,1.0,1.0,6,1,0.0215,South,1,0,0,1,0,0,0
Maine,Men's Basketball,0,0.0,0.0,0.0,0.0,0.0,0.0,0.0,0.0,0.0,0.0,0.0,0.0,0.0,0.0,0.0,0.0,0.0,0.0,0.0,0.0,0.0,0.0,0.0,0.0,0.0,0.0,0.785714,0.0,0.0,0.943863,0.919776,0.871886,0.848276,0.721519,0.767442,0.767442,6,1,0.0165,Midwest,1,0,0,0,1,0,0
Bryant,Men's Basketball,0,0.0,0.0,0.0,0.0,0.0,0.0,0.0,0.0,0.0,0.0,0.0,0.0,0.0,0.0,0.0,0.0,0.0,0.0,0.0,0.0,0.0,0.0,0.0,0.0,0.0,0.0,0.714286,0.0,0.0,0.989534,0.988806,0.967972,0.97931,0.936709,0.930233,0.930233,7,1,0.02,East,1,1,0,0,0,0,0
New Hampshire,Men's Basketball,0,0.0,0.0,0.0,0.0,0.0,0.0,0.0,0.0,0.0,0.0,0.0,0.0,0.0,0.0,0.0,0.0,0.0,0.0,0.0,0.0,0.0,0.0,0.0,0.0,0.0,0.0,0.714286,0.0,0.0,0.924833,0.908582,0.868327,0.786207,0.759494,0.674419,0.674419,7,1,0.0145,West,1,0,1,0,0,0,0
Binghamton,Men's Basketball,0,0.0,0.0,0.0,0.0,0.0,0.0,0.0,0.0,0.0,0.0,0.0,0.0,0.0,0.0,0.0,0.0,0.0,0.0,0.0,0.0,0.0,0.0,0.0,0.0,0.0,0.0,0.821429,0.0,0.0,0.960038,0.921642,0.914591,0.965517,0.810127,0.627907,0.627907,7,1,0.0135,South,1,0,0,1,0,0,0
South Fla.,Men's Basketball,0,0.0,0.0,0.0,0.0,0.0,0.0,0.0,0.0,0.0,0.0,0.0,0.0,0.0,0.0,0.0,0.0,0.0,0.0,0.0,0.0,0.0,0.0,0.0,0.0,0.0,0.0,0.285714,0.0,0.0,0.953378,0.921642,0.839858,0.77931,0.64557,0.604651,0.604651,7,1,0.013,Midwest,1,0,0,0,1,0,0
Tulsa,Men's Basketball,0,0.0,0.0,0.0,0.0,0.0,0.0,0.0,0.0,0.0,0.0,0.0,0.0,0.0,0.0,0.0,0.0,0.0,0.0,0.0,0.0,0.0,0.0,0.0,0.0,0.0,0.0,0.214286,0.0,0.0,0.913416,0.951493,0.868327,0.855172,0.746835,0.72093,0.72093,8,1,0.0155,East,1,1,0,0,0,0,0
Wichita St.,Men's Basketball,0,0.0,0.0,0.0,0.0,0.0,0.0,0.0,0.0,0.0,0.0,0.0,0.0,0.0,0.0,0.0,0.0,0.0,0.0,0.0,0.0,0.0,0.0,0.0,0.0,0.0,0.0,0.357143,0.0,0.0,0.978116,0.992537,0.918149,0.793103,0.696203,0.55814,0.55814,8,1,0.012,West,1,0,1,0,0,0,0
UAB,Men's Basketball,0,0.0,0.0,0.0,0.0,0.0,0.0,0.0,0.0,0.0,0.0,0.0,0.0,0.0,0.0,0.0,0.0,0.0,0.0,0.0,0.0,0.0,0.0,0.0,0.0,0.0,0.0,0.357143,0.0,0.0,0.942912,0.938433,0.893238,0.841379,0.848101,0.790698,0.790698,8,1,0.017,South,1,0,0,1,0,0,0
Charlotte,Men's Basketball,0,0.0,0.0,0.0,0.0,0.0,0.0,0.0,0.0,0.0,0.0,0.0,0.0,0.0,0.0,0.0,0.0,0.0,0.0,0.0,0.0,0.0,0.0,0.0,0.0,0.0,0.0,0.464286,0.0,0.0,0.949572,0.973881,0.907473,0.896552,0.772152,0.72093,0.72093,8,1,0.0155,Midwest,1,0,0,0,1,0,0
Tulane,Men's Basketball,0,0.0,0.0,0.0,0.0,0.0,0.0,0.0,0.0,0.0,0.0,0.0,0.0,0.0,0.0,0.0,0.0,0.0,0.0,0.0,0.0,0.0,0.0,0.0,0.0,0.0,0.0,0.392857,0.0,0.0,0.937203,0.962687,0.839858,0.77931,0.632911,0.395349,0.395349,9,1,0.0085,East,1,1,0,0,0,0,0
Fla. Atlantic,Men's Basketball,0,0.0,0.0,0.0,0.0,0.0,0.0,0.0,0.0,0.0,0.0,0.0,0.0,0.0,0.0,0.0,0.0,0.0,0.0,0.0,0.0,0.0,0.0,0.0,0.0,0.0,0.0,0.464286,0.0,0.0,0.941009,0.919776,0.932384,0.937931,0.924051,0.860465,0.860465,9,1,0.0185,West,1,0,1,0,0,0,0
Temple,Men's Basketball,0,0.0,0.0,0.0,0.0,0.0,0.0,0.0,0.0,0.0,0.0,0.0,0.0,0.0,0.0,0.0,0.0,0.0,0.0,0.0,0.0,0.0,0.0,0.0,0.0,0.0,0.0,0.464286,0.0,0.0,0.980019,0.973881,0.875445,0.855172,0.734177,0.651163,0.651163,9,1,0.014,South,1,0,0,1,0,0,0
Memphis,Men's Basketball,0,0.0,0.0,0.0,0.0,0.0,0.0,0.0,0.0,0.0,0.0,0.0,0.0,0.0,0.0,0.0,0.0,0.0,0.0,0.0,0.0,0.0,0.0,0.0,0.0,0.0,0.0,0.571429,0.0,0.0,0.920076,0.91791,0.864769,0.896552,0.772152,0.604651,0.604651,9,1,0.013,Midwest,1,0,0,0,1,0,0
North Texas,Men's Basketball,0,0.0,0.0,0.0,0.0,0.0,0.0,0.0,0.0,0.0,0.0,0.0,0.0,0.0,0.0,0.0,0.0,0.0,0.0,0.0,0.0,0.0,0.0,0.0,0.0,0.0,0.0,0.464286,0.0,0.0,0.965747,0.934701,0.88968,0.8,0.708861,0.837209,0.837209,10,1,0.018,East,1,1,0,0,0,0,0
Rice,Men's Basketball,0,0.0,0.0,0.0,0.0,0.0,0.0,0.0,0.0,0.0,0.0,0.0,0.0,0.0,0.0,0.0,0.0,0.0,0.0,0.0,0.0,0.0,0.0,0.0,0.0,0.0,0.0,0.607143,0.0,0.0,0.961941,0.878731,0.825623,0.862069,0.746835,0.72093,0.72093,10,1,0.0155,West,1,0,1,0,0,0,0
East Carolina,Men's Basketball,0,0.0,0.0,0.0,0.0,0.0,0.0,0.0,0.0,0.0,0.0,0.0,0.0,0.0,0.0,0.0,0.0,0.0,0.0,0.0,0.0,0.0,0.0,0.0,0.0,0.0,0.0,0.642857,0.0,0.0,0.922931,0.882463,0.793594,0.882759,0.936709,0.906977,0.906977,10,1,0.0195,South,1,0,0,1,0,0,0
UTSA,Men's Basketball,0,0.0,0.0,0.0,0.0,0.0,0.0,0.0,0.0,0.0,0.0,0.0,0.0,0.0,0.0,0.0,0.0,0.0,0.0,0.0,0.0,0.0,0.0,0.0,0.0,0.0,0.0,0.821429,0.0,0.0,0.982873,0.953358,0.935943,0.813793,0.734177,0.72093,0.72093,10,1,0.0155,Midwest,1,0,0,0,1,0,0
Austin Peay,Men's Basketball,0,0.0,0.0,0.0,0.0,0.0,0.0,0.0,0.0,0.0,0.0,0.0,0.0,0.0,0.0,0.0,0.0,0.0,0.0,0.0,0.0,0.0,0.0,0.0,0.0,0.0,0.0,0.285714,0.0,0.0,0.936251,0.910448,0.864769,0.786207,0.594937,0.55814,0.55814,11,1,0.012,East,1,1,0,0,0,0,0
Central Ark.,Men's Basketball,0,0.0,0.0,0.0,0.0,0.0,0.0,0.0,0.0,0.0,0.0,0.0,0.0,0.0,0.0,0.0,0.0,0.0,0.0,0.0,0.0,0.0,0.0,0.0,0.0,0.0,0.0,0.392857,0.0,0.0,1.0,1.0,1.0,0.931034,0.848101,0.860465,0.860465,11,1,0.0185,West,1,0,1,0,0,0,0
Queens (NC),Men's Basketball,0,0.0,0.0,0.0,0.0,0.0,0.0,0.0,0.0,0.0,0.0,0.0,0.0,0.0,0.0,0.0,0.0,0.0,0.0,0.0,0.0,0.0,0.0,0.0,0.0,0.0,0.0,0.464286,0.0,0.0,0.979068,0.95709,0.94306,0.896552,0.746835,0.837209,0.837209,11,1,0.018,South,1,0,0,1,0,0,0
Lipscomb,Men's Basketball,0,0.0,0.0,0.0,0.0,0.0,0.0,0.0,0.0,0.0,0.0,0.0,0.0,0.0,0.0,0.0,0.0,0.0,0.0,0.0,0.0,0.0,0.0,0.0,0.0,0.0,0.0,0.428571,0.0,0.0,0.973359,0.901119,0.836299,0.889655,0.835443,0.72093,0.72093,11,1,0.0155,Midwest,1,0,0,0,1,0,0
West Ga.,Men's Basketball,0,0.0,0.0,0.0,0.0,0.0,0.0,0.0,0.0,0.0,0.0,0.0,0.0,0.0,0.0,0.0,0.0,0.0,0.0,0.0,0.0,0.0,0.0,0.0,0.0,0.0,0.0,0.571429,0.0,0.0,0.966698,0.923507,0.903915,0.875862,0.873418,0.790698,0.790698,12,1,0.017,East,1,1,0,0,0,0,0
FGCU,Men's Basketball,0,0.0,0.0,0.0,0.0,0.0,0.0,0.0,0.0,0.0,0.0,0.0,0.0,0.0,0.0,0.0,0.0,0.0,0.0,0.0,0.0,0.0,0.0,0.0,0.0,0.0,0.0,0.607143,0.0,0.0,0.90295,0.932836,0.932384,0.937931,0.810127,0.767442,0.767442,12,1,0.0165,West,1,0,1,0,0,0,0
Bellarmine,Men's Basketball,0,0.0,0.0,0.0,0.0,0.0,0.0,0.0,0.0,0.0,0.0,0.0,0.0,0.0,0.0,0.0,0.0,0.0,0.0,0.0,0.0,0.0,0.0,0.0,0.0,0.0,0.0,0.642857,0.0,0.0,0.923882,0.91791,0.797153,0.758621,0.632911,0.651163,0.651163,12,1,0.014,South,1,0,0,1,0,0,0
Jacksonville,Men's Basketball,0,0.0,0.0,0.0,0.0,0.0,0.0,0.0,0.0,0.0,0.0,0.0,0.0,0.0,0.0,0.0,0.0,0.0,0.0,0.0,0.0,0.0,0.0,0.0,0.0,0.0,0.0,0.678571,0.0,0.0,0.929591,0.958955,0.996441,1.0,0.886076,0.674419,0.674419,12,1,0.0145,Midwest,1,0,0,0,1,0,0
Eastern Ky.,Men's Basketball,0,0.0,0.0,0.0,0.0,0.0,0.0,0.0,0.0,0.0,0.0,0.0,0.0,0.0,0.0,0.0,0.0,0.0,0.0,0.0,0.0,0.0,0.0,0.0,0.0,0.0,0.0,0.714286,0.0,0.0,0.963844,0.955224,0.875445,0.889655,0.78481,0.651163,0.651163,13,1,0.014,East,1,1,0,0,0,0,0
Stetson,Men's Basketball,0,0.0,0.0,0.0,0.0,0.0,0.0,0.0,0.0,0.0,0.0,0.0,0.0,0.0,0.0,0.0,0.0,0.0,0.0,0.0,0.0,0.0,0.0,0.0,0.0,0.0,0.0,0.714286,0.0,0.0,0.918173,0.871269,0.800712,0.758621,0.734177,0.744186,0.744186,13,1,0.016,West,1,0,1,0,0,0,0
North Florida,Men's Basketball,0,0.0,0.0,0.0,0.0,0.0,0.0,0.0,0.0,0.0,0.0,0.0,0.0,0.0,0.0,0.0,0.0,0.0,0.0,0.0,0.0,0.0,0.0,0.0,0.0,0.0,0.0,0.857143,0.0,0.0,0.956232,0.940299,0.928826,0.806897,0.772152,0.767442,0.767442,13,1,0.0165,South,1,0,0,1,0,0,0
North Ala.,Men's Basketball,0,0.0,0.0,0.0,0.0,0.0,0.0,0.0,0.0,0.0,0.0,0.0,0.0,0.0,0.0,0.0,0.0,0.0,0.0,0.0,0.0,0.0,0.0,0.0,0.0,0.0,0.0,0.714286,0.0,0.0,0.952426,0.923507,0.86121,0.82069,0.708861,0.627907,0.627907,13,1,0.0135,Midwest,1,0,0,0,1,0,0
Saint Louis,Men's Basketball,0,0.0,0.0,0.0,0.0,0.0,0.0,0.0,0.0,0.0,0.0,0.0,0.0,0.0,0.0,0.0,0.0,0.0,0.0,0.0,0.0,0.0,0.0,0.0,0.0,0.0,0.0,0.107143,0.0,0.0,0.939106,0.95709,0.94306,0.931034,0.835443,0.976744,0.976744,14,1,0.021,East,1,1,0,0,0,0,0
VCU,Men's Basketball,0,0.0,0.0,0.0,0.0,0.0,0.0,0.0,0.0,0.0,0.0,0.0,0.0,0.0,0.0,0.0,0.0,0.0,0.0,0.0,0.0,0.0,0.0,0.0,0.0,0.0,0.0,0.25,0.0,0.0,0.984776,0.985075,0.985765,0.944828,0.797468,0.581395,0.581395,14,1,0.0125,West,1,0,1,0,0,0,0
Dayton,Men's Basketball,0,0.0,0.0,0.0,0.0,0.0,0.0,0.0,0.0,0.0,0.0,0.0,0.0,0.0,0.0,0.0,0.0,0.0,0.0,0.0,0.0,0.0,0.0,0.0,0.0,0.0,0.0,0.321429,0.0,0.0,0.946717,0.968284,0.918149,0.944828,0.873418,0.697674,0.697674,14,1,0.015,South,1,0,0,1,0,0,0
Saint Joseph's,Men's Basketball,0,0.0,0.0,0.0,0.0,0.0,0.0,0.0,0.0,0.0,0.0,0.0,0.0,0.0,0.0,0.0,0.0,0.0,0.0,0.0,0.0,0.0,0.0,0.0,0.0,0.0,0.0,0.357143,0.0,0.0,0.950523,0.960821,0.918149,0.862069,0.696203,0.651163,0.651163,14,1,0.014,Midwest,1,0,0,0,1,0,0
George Mason,Men's Basketball,0,0.0,0.0,0.0,0.0,0.0,0.0,0.0,0.0,0.0,0.0,0.0,0.0,0.0,0.0,0.0,0.0,0.0,0.0,0.0,0.0,0.0,0.0,0.0,0.0,0.0,0.0,0.25,0.0,0.0,0.966698,0.927239,0.907473,0.855172,0.797468,0.627907,0.627907,15,1,0.0135,East,1,1,0,0,0,0,0
Davidson,Men's Basketball,0,0.0,0.0,0.0,0.0,0.0,0.0,0.0,0.0,0.0,0.0,0.0,0.0,0.0,0.0,0.0,0.0,0.0,0.0,0.0,0.0,0.0,0.0,0.0,0.0,0.0,0.0,0.392857,0.0,0.0,0.937203,0.949627,0.857651,0.896552,0.873418,0.72093,0.72093,15,1,0.0155,West,1,0,1,0,0,0,0
Duquesne,Men's Basketball,0,0.0,0.0,0.0,0.0,0.0,0.0,0.0,0.0,0.0,0.0,0.0,0.0,0.0,0.0,0.0,0.0,0.0,0.0,0.0,0.0,0.0,0.0,0.0,0.0,0.0,0.0,0.464286,0.0,0.0,0.94862,0.893657,0.914591,0.882759,0.860759,0.72093,0.72093,15,1,0.0155,South,1,0,0,1,0,0,0
George Washington,Men's Basketball,0,0.0,0.0,0.0,0.0,0.0,0.0,0.0,0.0,0.0,0.0,0.0,0.0,0.0,0.0,0.0,0.0,0.0,0.0,0.0,0.0,0.0,0.0,0.0,0.0,0.0,0.0,0.464286,0.0,0.0,0.921979,0.908582,0.843416,0.772414,0.708861,0.604651,0.604651,15,1,0.013,Midwest,1,0,0,0,1,0,0
Fordham,Men's Basketball,0,0.0,0.0,0.0,0.0,0.0,0.0,0.0,0.0,0.0,0.0,0.0,0.0,0.0,0.0,0.0,0.0,0.0,0.0,0.0,0.0,0.0,0.0,0.0,0.0,0.0,0.0,0.464286,0.0,0.0,0.936251,0.891791,0.893238,0.924138,0.898734,0.930233,0.930233,16,1,0.02,East,1,1,0,0,0,0,0
Rhode Island,Men's Basketball,0,0.0,0.0,0.0,0.0,0.0,0.0,0.0,0.0,0.0,0.0,0.0,0.0,0.0,0.0,0.0,0.0,0.0,0.0,0.0,0.0,0.0,0.0,0.0,0.0,0.0,0.0,0.5,0.0,0.0,0.965747,0.925373,0.782918,0.889655,0.835443,0.837209,0.837209,16,1,0.018,West,1,0,1,0,0,0,0
Richmond,Men's Basketball,0,0.0,0.0,0.0,0.0,0.0,0.0,0.0,0.0,0.0,0.0,0.0,0.0,0.0,0.0,0.0,0.0,0.0,0.0,0.0,0.0,0.0,0.0,0.0,0.0,0.0,0.0,0.5,0.0,0.0,0.954329,0.929104,0.946619,0.944828,1.0,0.813953,0.813953,16,1,0.0175,South,1,0,0,1,0,0,0
La Salle,Men's Basketball,0,0.0,0.0,0.0,0.0,0.0,0.0,0.0,0.0,0.0,0.0,0.0,0.0,0.0,0.0,0.0,0.0,0.0,0.0,0.0,0.0,0.0,0.0,0.0,0.0,0.0,0.0,0.714286,0.0,0.0,0.980971,0.938433,0.86121,0.841379,0.734177,0.744186,0.744186,16,1,0.016,Midwest,1,0,0,0,1,0,0
St. Bonaventure,Men's Basketball,0,0.0,0.0,0.0,0.0,0.0,0.0,0.0,0.0,0.0,0.0,0.0,0.0,0.0,0.0,0.0,0.0,0.0,0.0,0.0,0.0,0.0,0.0,0.0,0.0,0.0,0.0,0.5,0.0,0.0,0.0,0.0,0.0,0.0,0.0,0.0,0.0,-1,0,0.0,Play-in,1,0,0,0,0,1,0
Loyola Chicago,Men's Basketball,0,0.0,0.0,0.0,0.0,0.0,0.0,0.0,0.0,0.0,0.0,0.0,0.0,0.0,0.0,0.0,0.0,0.0,0.0,0.0,0.0,0.0,0.0,0.0,0.0,0.0,0.0,0.785714,0.0,0.0,0.0,0.0,0.0,0.0,0.0,0.0,0.0,-1,0,0.0,Play-in,1,0,0,0,0,1,0
Arizona,Men's Basketball,0,0.0,0.0,0.0,0.0,0.0,0.0,0.0,0.0,0.0,0.0,0.0,0.0,0.0,0.0,0.0,0.0,0.0,0.0,0.0,0.0,0.0,0.0,0.0,0.0,0.0,0.0,0.071429,0.0,0.0,0.0,0.0,0.0,0.0,0.0,0.0,0.0,-1,0,0.0,Play-in,1,0,0,0,0,1,0
Houston,Men's Basketball,0,0.0,0.0,0.0,0.0,0.0,0.0,0.0,0.0,0.0,0.0,0.0,0.0,0.0,0.0,0.0,0.0,0.0,0.0,0.0,0.0,0.0,0.0,0.0,0.0,0.0,0.0,0.178571,0.0,0.0,0.0,0.0,0.0,0.0,0.0,0.0,0.0,-1,0,0.0,Play-in,1,0,0,0,0,1,0
Texas Tech,Men's Basketball,0,0.0,0.0,0.0,0.0,0.0,0.0,0.0,0.0,0.0,0.0,0.0,0.0,0.0,0.0,0.0,0.0,0.0,0.0,0.0,0.0,0.0,0.0,0.0,0.0,0.0,0.0,0.25,0.0,0.0,0.0,0.0,0.0,0.0,0.0,0.0,0.0,-1,0,0.0,—,1,0,0,0,0,0,1
Iowa St.,Men's Basketball,0,0.0,0.0,0.0,0.0,0.0,0.0,0.0,0.0,0.0,0.0,0.0,0.0,0.0,0.0,0.0,0.0,0.0,0.0,0.0,0.0,0.0,0.0,0.0,0.0,0.0,0.0,0.178571,0.0,0.0,0.0,0.0,0.0,0.0,0.0,0.0,0.0,-1,0,0.0,—,1,0,0,0,0,0,1
Kansas,Men's Basketball,0,0.0,0.0,0.0,0.0,0.0,0.0,0.0,0.0,0.0,0.0,0.0,0.0,0.0,0.0,0.0,0.0,0.0,0.0,0.0,0.0,0.0,0.0,0.0,0.0,0.0,0.0,0.285714,0.0,0.0,0.0,0.0,0.0,0.0,0.0,0.0,0.0,-1,0,0.0,—,1,0,0,0,0,0,1
UCF,Men's Basketball,0,0.0,0.0,0.0,0.0,0.0,0.0,0.0,0.0,0.0,0.0,0.0,0.0,0.0,0.0,0.0,0.0,0.0,0.0,0.0,0.0,0.0,0.0,0.0,0.0,0.0,0.0,0.285714,0.0,0.0,0.0,0.0,0.0,0.0,0.0,0.0,0.0,-1,0,0.0,—,1,0,0,0,0,0,1
TCU,Men's Basketball,0,0.0,0.0,0.0,0.0,0.0,0.0,0.0,0.0,0.0,0.0,0.0,0.0,0.0,0.0,0.0,0.0,0.0,0.0,0.0,0.0,0.0,0.0,0.0,0.0,0.0,0.0,0.357143,0.0,0.0,0.0,0.0,0.0,0.0,0.0,0.0,0.0,-1,0,0.0,—,1,0,0,0,0,0,1
BYU,Men's Basketball,0,0.0,0.0,0.0,0.0,0.0,0.0,0.0,0.0,0.0,0.0,0.0,0.0,0.0,0.0,0.0,0.0,0.0,0.0,0.0,0.0,0.0,0.0,0.0,0.0,0.0,0.0,0.321429,0.0,0.0,0.0,0.0,0.0,0.0,0.0,0.0,0.0,-1,0,0.0,—,1,0,0,0,0,0,1
West Virginia,Men's Basketball,0,0.0,0.0,0.0,0.0,0.0,0.0,0.0,0.0,0.0,0.0,0.0,0.0,0.0,0.0,0.0,0.0,0.0,0.0,0.0,0.0,0.0,0.0,0.0,0.0,0.0,0.0,0.428571,0.0,0.0,0.0,0.0,0.0,0.0,0.0,0.0,0.0,-1,0,0.0,—,1,0,0,0,0,0,1
Cincinnati,Men's Basketball,0,0.0,0.0,0.0,0.0,0.0,0.0,0.0,0.0,0.0,0.0,0.0,0.0,0.0,0.0,0.0,0.0,0.0,0.0,0.0,0.0,0.0,0.0,0.0,0.0,0.0,0.0,0.464286,0.0,0.0,0.0,0.0,0.0,0.0,0.0,0.0,0.0,-1,0,0.0,—,1,0,0,0,0,0,1
Colorado,Men's Basketball,0,0.0,0.0,0.0,0.0,0.0,0.0,0.0,0.0,0.0,0.0,0.0,0.0,0.0,0.0,0.0,0.0,0.0,0.0,0.0,0.0,0.0,0.0,0.0,0.0,0.0,0.0,0.464286,0.0,0.0,0.0,0.0,0.0,0.0,0.0,0.0,0.0,-1,0,0.0,—,1,0,0,0,0,0,1
Arizona St.,Men's Basketball,0,0.0,0.0,0.0,0.0,0.0,0.0,0.0,0.0,0.0,0.0,0.0,0.0,0.0,0.0,0.0,0.0,0.0,0.0,0.0,0.0,0.0,0.0,0.0,0.0,0.0,0.0,0.5,0.0,0.0,0.0,0.0,0.0,0.0,0.0,0.0,0.0,-1,0,0.0,—,1,0,0,0,0,0,1
Oklahoma St.,Men's Basketball,0,0.0,0.0,0.0,0.0,0.0,0.0,0.0,0.0,0.0,0.0,0.0,0.0,0.0,0.0,0.0,0.0,0.0,0.0,0.0,0.0,0.0,0.0,0.0,0.0,0.0,0.0,0.428571,0.0,0.0,0.0,0.0,0.0,0.0,0.0,0.0,0.0,-1,0,0.0,—,1,0,0,0,0,0,1
Baylor,Men's Basketball,0,0.0,0.0,0.0,0.0,0.0,0.0,0.0,0.0,0.0,0.0,0.0,0.0,0.0,0.0,0.0,0.0,0.0,0.0,0.0,0.0,0.0,0.0,0.0,0.0,0.0,0.0,0.5,0.0,0.0,0.0,0.0,0.0,0.0,0.0,0.0,0.0,-1,0,0.0,—,1,0,0,0,0,0,1
Kansas St.,Men's Basketball,0,0.0,0.0,0.0,0.0,0.0,0.0,0.0,0.0,0.0,0.0,0.0,0.0,0.0,0.0,0.0,0.0,0.0,0.0,0.0,0.0,0.0,0.0,0.0,0.0,0.0,0.0,0.642857,0.0,0.0,0.0,0.0,0.0,0.0,0.0,0.0,0.0,-1,0,0.0,—,1,0,0,0,0,0,1
Utah,Men's Basketball,0,0.0,0.0,0.0,0.0,0.0,0.0,0.0,0.0,0.0,0.0,0.0,0.0,0.0,0.0,0.0,0.0,0.0,0.0,0.0,0.0,0.0,0.0,0.0,0.0,0.0,0.0,0.678571,0.0,0.0,0.0,0.0,0.0,0.0,0.0,0.0,0.0,-1,0,0.0,—,1,0,0,0,0,0,1
UConn,Men's Basketball,0,0.0,0.0,0.0,0.0,0.0,0.0,0.0,0.0,0.0,0.0,0.0,0.0,0.0,0.0,0.0,0.0,0.0,0.0,0.0,0.0,0.0,0.0,0.0,0.0,0.0,0.0,0.107143,0.0,0.0,0.0,0.0,0.0,0.0,0.0,0.0,0.0,-1,0,0.0,—,1,0,0,0,0,0,1
St. John's (NY),Men's Basketball,0,0.0,0.0,0.0,0.0,0.0,0.0,0.0,0.0,0.0,0.0,0.0,0.0,0.0,0.0,0.0,0.0,0.0,0.0,0.0,0.0,0.0,0.0,0.0,0.0,0.0,0.0,0.214286,0.0,0.0,0.0,0.0,0.0,0.0,0.0,0.0,0.0,-1,0,0.0,—,1,0,0,0,0,0,1
Villanova,Men's Basketball,0,0.0,0.0,0.0,0.0,0.0,0.0,0.0,0.0,0.0,0.0,0.0,0.0,0.0,0.0,0.0,0.0,0.0,0.0,0.0,0.0,0.0,0.0,0.0,0.0,0.0,0.0,0.25,0.0,0.0,0.0,0.0,0.0,0.0,0.0,0.0,0.0,-1,0,0.0,—,1,0,0,0,0,0,1
Seton Hall,Men's Basketball,0,0.0,0.0,0.0,0.0,0.0,0.0,0.0,0.0,0.0,0.0,0.0,0.0,0.0,0.0,0.0,0.0,0.0,0.0,0.0,0.0,0.0,0.0,0.0,0.0,0.0,0.0,0.357143,0.0,0.0,0.0,0.0,0.0,0.0,0.0,0.0,0.0,-1,0,0.0,—,1,0,0,0,0,0,1
Creighton,Men's Basketball,0,0.0,0.0,0.0,0.0,0.0,0.0,0.0,0.0,0.0,0.0,0.0,0.0,0.0,0.0,0.0,0.0,0.0,0.0,0.0,0.0,0.0,0.0,0.0,0.0,0.0,0.0,0.571429,0.0,0.0,0.0,0.0,0.0,0.0,0.0,0.0,0.0,-1,0,0.0,—,1,0,0,0,0,0,1
DePaul,Men's Basketball,0,0.0,0.0,0.0,0.0,0.0,0.0,0.0,0.0,0.0,0.0,0.0,0.0,0.0,0.0,0.0,0.0,0.0,0.0,0.0,0.0,0.0,0.0,0.0,0.0,0.0,0.0,0.464286,0.0,0.0,0.0,0.0,0.0,0.0,0.0,0.0,0.0,-1,0,0.0,—,1,0,0,0,0,0,1
Providence,Men's Basketball,0,0.0,0.0,0.0,0.0,0.0,0.0,0.0,0.0,0.0,0.0,0.0,0.0,0.0,0.0,0.0,0.0,0.0,0.0,0.0,0.0,0.0,0.0,0.0,0.0,0.0,0.0,0.535714,0.0,0.0,0.0,0.0,0.0,0.0,0.0,0.0,0.0,-1,0,0.0,—,1,0,0,0,0,0,1
Butler,Men's Basketball,0,0.0,0.0,0.0,0.0,0.0,0.0,0.0,0.0,0.0,0.0,0.0,0.0,0.0,0.0,0.0,0.0,0.0,0.0,0.0,0.0,0.0,0.0,0.0,0.0,0.0,0.0,0.5,0.0,0.0,0.0,0.0,0.0,0.0,0.0,0.0,0.0,-1,0,0.0,—,1,0,0,0,0,0,1
Xavier,Men's Basketball,0,0.0,0.0,0.0,0.0,0.0,0.0,0.0,0.0,0.0,0.0,0.0,0.0,0.0,0.0,0.0,0.0,0.0,0.0,0.0,0.0,0.0,0.0,0.0,0.0,0.0,0.0,0.535714,0.0,0.0,0.0,0.0,0.0,0.0,0.0,0.0,0.0,-1,0,0.0,—,1,0,0,0,0,0,1
Marquette,Men's Basketball,0,0.0,0.0,0.0,0.0,0.0,0.0,0.0,0.0,0.0,0.0,0.0,0.0,0.0,0.0,0.0,0.0,0.0,0.0,0.0,0.0,0.0,0.0,0.0,0.0,0.0,0.0,0.642857,0.0,0.0,0.0,0.0,0.0,0.0,0.0,0.0,0.0,-1,0,0.0,—,1,0,0,0,0,0,1
Georgetown,Men's Basketball,0,0.0,0.0,0.0,0.0,0.0,0.0,0.0,0.0,0.0,0.0,0.0,0.0,0.0,0.0,0.0,0.0,0.0,0.0,0.0,0.0,0.0,0.0,0.0,0.0,0.0,0.0,0.571429,0.0,0.0,0.0,0.0,0.0,0.0,0.0,0.0,0.0,-1,0,0.0,—,1,0,0,0,0,0,1
Portland St.,Men's Basketball,0,0.0,0.0,0.0,0.0,0.0,0.0,0.0,0.0,0.0,0.0,0.0,0.0,0.0,0.0,0.0,0.0,0.0,0.0,0.0,0.0,0.0,0.0,0.0,0.0,0.0,0.0,0.357143,0.0,0.0,0.0,0.0,0.0,0.0,0.0,0.0,0.0,-1,0,0.0,—,1,0,0,0,0,0,1
Montana St.,Men's Basketball,0,0.0,0.0,0.0,0.0,0.0,0.0,0.0,0.0,0.0,0.0,0.0,0.0,0.0,0.0,0.0,0.0,0.0,0.0,0.0,0.0,0.0,0.0,0.0,0.0,0.0,0.0,0.464286,0.0,0.0,0.0,0.0,0.0,0.0,0.0,0.0,0.0,-1,0,0.0,—,1,0,0,0,0,0,1
Eastern Wash.,Men's Basketball,0,0.0,0.0,0.0,0.0,0.0,0.0,0.0,0.0,0.0,0.0,0.0,0.0,0.0,0.0,0.0,0.0,0.0,0.0,0.0,0.0,0.0,0.0,0.0,0.0,0.0,0.0,0.607143,0.0,0.0,0.0,0.0,0.0,0.0,0.0,0.0,0.0,-1,0,0.0,—,1,0,0,0,0,0,1
Weber St.,Men's Basketball,0,0.0,0.0,0.0,0.0,0.0,0.0,0.0,0.0,0.0,0.0,0.0,0.0,0.0,0.0,0.0,0.0,0.0,0.0,0.0,0.0,0.0,0.0,0.0,0.0,0.0,0.0,0.5,0.0,0.0,0.0,0.0,0.0,0.0,0.0,0.0,0.0,-1,0,0.0,—,1,0,0,0,0,0,1
Montana,Men's Basketball,0,0.0,0.0,0.0,0.0,0.0,0.0,0.0,0.0,0.0,0.0,0.0,0.0,0.0,0.0,0.0,0.0,0.0,0.0,0.0,0.0,0.0,0.0,0.0,0.0,0.0,0.0,0.5,0.0,0.0,0.0,0.0,0.0,0.0,0.0,0.0,0.0,-1,0,0.0,—,1,0,0,0,0,0,1
Northern Colo.,Men's Basketball,0,0.0,0.0,0.0,0.0,0.0,0.0,0.0,0.0,0.0,0.0,0.0,0.0,0.0,0.0,0.0,0.0,0.0,0.0,0.0,0.0,0.0,0.0,0.0,0.0,0.0,0.0,0.392857,0.0,0.0,0.0,0.0,0.0,0.0,0.0,0.0,0.0,-1,0,0.0,—,1,0,0,0,0,0,1
Idaho,Men's Basketball,0,0.0,0.0,0.0,0.0,0.0,0.0,0.0,0.0,0.0,0.0,0.0,0.0,0.0,0.0,0.0,0.0,0.0,0.0,0.0,0.0,0.0,0.0,0.0,0.0,0.0,0.0,0.5,0.0,0.0,0.0,0.0,0.0,0.0,0.0,0.0,0.0,-1,0,0.0,—,1,0,0,0,0,0,1
Idaho St.,Men's Basketball,0,0.0,0.0,0.0,0.0,0.0,0.0,0.0,0.0,0.0,0.0,0.0,0.0,0.0,0.0,0.0,0.0,0.0,0.0,0.0,0.0,0.0,0.0,0.0,0.0,0.0,0.0,0.642857,0.0,0.0,0.0,0.0,0.0,0.0,0.0,0.0,0.0,-1,0,0.0,—,1,0,0,0,0,0,1
Sacramento St.,Men's Basketball,0,0.0,0.0,0.0,0.0,0.0,0.0,0.0,0.0,0.0,0.0,0.0,0.0,0.0,0.0,0.0,0.0,0.0,0.0,0.0,0.0,0.0,0.0,0.0,0.0,0.0,0.0,0.714286,0.0,0.0,0.0,0.0,0.0,0.0,0.0,0.0,0.0,-1,0,0.0,—,1,0,0,0,0,0,1
Northern Ariz.,Men's Basketball,0,0.0,0.0,0.0,0.0,0.0,0.0,0.0,0.0,0.0,0.0,0.0,0.0,0.0,0.0,0.0,0.0,0.0,0.0,0.0,0.0,0.0,0.0,0.0,0.0,0.0,0.0,0.714286,0.0,0.0,0.0,0.0,0.0,0.0,0.0,0.0,0.0,-1,0,0.0,—,1,0,0,0,0,0,1
High Point,Men's Basketball,0,0.0,0.0,0.0,0.0,0.0,0.0,0.0,0.0,0.0,0.0,0.0,0.0,0.0,0.0,0.0,0.0,0.0,0.0,0.0,0.0,0.0,0.0,0.0,0.0,0.0,0.0,0.142857,0.0,0.0,0.0,0.0,0.0,0.0,0.0,0.0,0.0,-1,0,0.0,—,1,0,0,0,0,0,1
Winthrop,Men's Basketball,0,0.0,0.0,0.0,0.0,0.0,0.0,0.0,0.0,0.0,0.0,0.0,0.0,0.0,0.0,0.0,0.0,0.0,0.0,0.0,0.0,0.0,0.0,0.0,0.0,0.0,0.0,0.357143,0.0,0.0,0.0,0.0,0.0,0.0,0.0,0.0,0.0,-1,0,0.0,—,1,0,0,0,0,0,1
Radford,Men's Basketball,0,0.0,0.0,0.0,0.0,0.0,0.0,0.0,0.0,0.0,0.0,0.0,0.0,0.0,0.0,0.0,0.0,0.0,0.0,0.0,0.0,0.0,0.0,0.0,0.0,0.0,0.0,0.535714,0.0,0.0,0.0,0.0,0.0,0.0,0.0,0.0,0.0,-1,0,0.0,—,1,0,0,0,0,0,1
Longwood,Men's Basketball,0,0.0,0.0,0.0,0.0,0.0,0.0,0.0,0.0,0.0,0.0,0.0,0.0,0.0,0.0,0.0,0.0,0.0,0.0,0.0,0.0,0.0,0.0,0.0,0.0,0.0,0.0,0.535714,0.0,0.0,0.0,0.0,0.0,0.0,0.0,0.0,0.0,-1,0,0.0,—,1,0,0,0,0,0,1
UNC Asheville,Men's Basketball,0,0.0,0.0,0.0,0.0,0.0,0.0,0.0,0.0,0.0,0.0,0.0,0.0,0.0,0.0,0.0,0.0,0.0,0.0,0.0,0.0,0.0,0.0,0.0,0.0,0.0,0.0,0.571429,0.0,0.0,0.0,0.0,0.0,0.0,0.0,0.0,0.0,-1,0,0.0,—,1,0,0,0,0,0,1
Presbyterian,Men's Basketball,0,0.0,0.0,0.0,0.0,0.0,0.0,0.0,0.0,0.0,0.0,0.0,0.0,0.0,0.0,0.0,0.0,0.0,0.0,0.0,0.0,0.0,0.0,0.0,0.0,0.0,0.0,0.607143,0.0,0.0,0.0,0.0,0.0,0.0,0.0,0.0,0.0,-1,0,0.0,—,1,0,0,0,0,0,1
Charleston So.,Men's Basketball,0,0.0,0.0,0.0,0.0,0.0,0.0,0.0,0.0,0.0,0.0,0.0,0.0,0.0,0.0,0.0,0.0,0.0,0.0,0.0,0.0,0.0,0.0,0.0,0.0,0.0,0.0,0.571429,0.0,0.0,0.0,0.0,0.0,0.0,0.0,0.0,0.0,-1,0,0.0,—,1,0,0,0,0,0,1
USC Upstate,Men's Basketball,0,0.0,0.0,0.0,0.0,0.0,0.0,0.0,0.0,0.0,0.0,0.0,0.0,0.0,0.0,0.0,0.0,0.0,0.0,0.0,0.0,0.0,0.0,0.0,0.0,0.0,0.0,0.642857,0.0,0.0,0.0,0.0,0.0,0.0,0.0,0.0,0.0,-1,0,0.0,—,1,0,0,0,0,0,1
Gardner-Webb,Men's Basketball,0,0.0,0.0,0.0,0.0,0.0,0.0,0.0,0.0,0.0,0.0,0.0,0.0,0.0,0.0,0.0,0.0,0.0,0.0,0.0,0.0,0.0,0.0,0.0,0.0,0.0,0.0,1.0,0.0,0.0,0.0,0.0,0.0,0.0,0.0,0.0,0.0,-1,0,0.0,—,1,0,0,0,0,0,1
Michigan,Men's Basketball,0,0.0,0.0,0.0,0.0,0.0,0.0,0.0,0.0,0.0,0.0,0.0,0.0,0.0,0.0,0.0,0.0,0.0,0.0,0.0,0.0,0.0,0.0,0.0,0.0,0.0,0.0,0.071429,0.0,0.0,0.0,0.0,0.0,0.0,0.0,0.0,0.0,-1,0,0.0,—,1,0,0,0,0,0,1
Nebraska,Men's Basketball,0,0.0,0.0,0.0,0.0,0.0,0.0,0.0,0.0,0.0,0.0,0.0,0.0,0.0,0.0,0.0,0.0,0.0,0.0,0.0,0.0,0.0,0.0,0.0,0.0,0.0,0.0,0.142857,0.0,0.0,0.0,0.0,0.0,0.0,0.0,0.0,0.0,-1,0,0.0,—,1,0,0,0,0,0,1
Michigan St.,Men's Basketball,0,0.0,0.0,0.0,0.0,0.0,0.0,0.0,0.0,0.0,0.0,0.0,0.0,0.0,0.0,0.0,0.0,0.0,0.0,0.0,0.0,0.0,0.0,0.0,0.0,0.0,0.0,0.178571,0.0,0.0,0.0,0.0,0.0,0.0,0.0,0.0,0.0,-1,0,0.0,—,1,0,0,0,0,0,1
Illinois,Men's Basketball,0,0.0,0.0,0.0,0.0,0.0,0.0,0.0,0.0,0.0,0.0,0.0,0.0,0.0,0.0,0.0,0.0,0.0,0.0,0.0,0.0,0.0,0.0,0.0,0.0,0.0,0.0,0.25,0.0,0.0,0.0,0.0,0.0,0.0,0.0,0.0,0.0,-1,0,0.0,—,1,0,0,0,0,0,1
Purdue,Men's Basketball,0,0.0,0.0,0.0,0.0,0.0,0.0,0.0,0.0,0.0,0.0,0.0,0.0,0.0,0.0,0.0,0.0,0.0,0.0,0.0,0.0,0.0,0.0,0.0,0.0,0.0,0.0,0.214286,0.0,0.0,0.0,0.0,0.0,0.0,0.0,0.0,0.0,-1,0,0.0,—,1,0,0,0,0,0,1
Wisconsin,Men's Basketball,0,0.0,0.0,0.0,0.0,0.0,0.0,0.0,0.0,0.0,0.0,0.0,0.0,0.0,0.0,0.0,0.0,0.0,0.0,0.0,0.0,0.0,0.0,0.0,0.0,0.0,0.0,0.321429,0.0,0.0,0.0,0.0,0.0,0.0,0.0,0.0,0.0,-1,0,0.0,—,1,0,0,0,0,0,1
UCLA,Men's Basketball,0,0.0,0.0,0.0,0.0,0.0,0.0,0.0,0.0,0.0,0.0,0.0,0.0,0.0,0.0,0.0,0.0,0.0,0.0,0.0,0.0,0.0,0.0,0.0,0.0,0.0,0.0,0.357143,0.0,0.0,0.0,0.0,0.0,0.0,0.0,0.0,0.0,-1,0,0.0,—,1,0,0,0,0,0,1
Iowa,Men's Basketball,0,0.0,0.0,0.0,0.0,0.0,0.0,0.0,0.0,0.0,0.0,0.0,0.0,0.0,0.0,0.0,0.0,0.0,0.0,0.0,0.0,0.0,0.0,0.0,0.0,0.0,0.0,0.321429,0.0,0.0,0.0,0.0,0.0,0.0,0.0,0.0,0.0,-1,0,0.0,—,1,0,0,0,0,0,1
Ohio St.,Men's Basketball,0,0.0,0.0,0.0,0.0,0.0,0.0,0.0,0.0,0.0,0.0,0.0,0.0,0.0,0.0,0.0,0.0,0.0,0.0,0.0,0.0,0.0,0.0,0.0,0.0,0.0,0.0,0.392857,0.0,0.0,0.0,0.0,0.0,0.0,0.0,0.0,0.0,-1,0,0.0,—,1,0,0,0,0,0,1
Indiana,Men's Basketball,0,0.0,0.0,0.0,0.0,0.0,0.0,0.0,0.0,0.0,0.0,0.0,0.0,0.0,0.0,0.0,0.0,0.0,0.0,0.0,0.0,0.0,0.0,0.0,0.0,0.0,0.0,0.392857,0.0,0.0,0.0,0.0,0.0,0.0,0.0,0.0,0.0,-1,0,0.0,—,1,0,0,0,0,0,1
Southern California,Men's Basketball,0,0.0,0.0,0.0,0.0,0.0,0.0,0.0,0.0,0.0,0.0,0.0,0.0,0.0,0.0,0.0,0.0,0.0,0.0,0.0,0.0,0.0,0.0,0.0,0.0,0.0,0.0,0.392857,0.0,0.0,0.0,0.0,0.0,0.0,0.0,0.0,0.0,-1,0,0.0,—,1,0,0,0,0,0,1
Minnesota,Men's Basketball,0,0.0,0.0,0.0,0.0,0.0,0.0,0.0,0.0,0.0,0.0,0.0,0.0,0.0,0.0,0.0,0.0,0.0,0.0,0.0,0.0,0.0,0.0,0.0,0.0,0.0,0.0,0.535714,0.0,0.0,0.0,0.0,0.0,0.0,0.0,0.0,0.0,-1,0,0.0,—,1,0,0,0,0,0,1
Washington,Men's Basketball,0,0.0,0.0,0.0,0.0,0.0,0.0,0.0,0.0,0.0,0.0,0.0,0.0,0.0,0.0,0.0,0.0,0.0,0.0,0.0,0.0,0.0,0.0,0.0,0.0,0.0,0.0,0.535714,0.0,0.0,0.0,0.0,0.0,0.0,0.0,0.0,0.0,-1,0,0.0,—,1,0,0,0,0,0,1
Northwestern,Men's Basketball,0,0.0,0.0,0.0,0.0,0.0,0.0,0.0,0.0,0.0,0.0,0.0,0.0,0.0,0.0,0.0,0.0,0.0,0.0,0.0,0.0,0.0,0.0,0.0,0.0,0.0,0.0,0.571429,0.0,0.0,0.0,0.0,0.0,0.0,0.0,0.0,0.0,-1,0,0.0,—,1,0,0,0,0,0,1
Maryland,Men's Basketball,0,0.0,0.0,0.0,0.0,0.0,0.0,0.0,0.0,0.0,0.0,0.0,0.0,0.0,0.0,0.0,0.0,0.0,0.0,0.0,0.0,0.0,0.0,0.0,0.0,0.0,0.0,0.607143,0.0,0.0,0.0,0.0,0.0,0.0,0.0,0.0,0.0,-1,0,0.0,—,1,0,0,0,0,0,1
Rutgers,Men's Basketball,0,0.0,0.0,0.0,0.0,0.0,0.0,0.0,0.0,0.0,0.0,0.0,0.0,0.0,0.0,0.0,0.0,0.0,0.0,0.0,0.0,0.0,0.0,0.0,0.0,0.0,0.0,0.607143,0.0,0.0,0.0,0.0,0.0,0.0,0.0,0.0,0.0,-1,0,0.0,—,1,0,0,0,0,0,1
Oregon,Men's Basketball,0,0.0,0.0,0.0,0.0,0.0,0.0,0.0,0.0,0.0,0.0,0.0,0.0,0.0,0.0,0.0,0.0,0.0,0.0,0.0,0.0,0.0,0.0,0.0,0.0,0.0,0.0,0.642857,0.0,0.0,0.0,0.0,0.0,0.0,0.0,0.0,0.0,-1,0,0.0,—,1,0,0,0,0,0,1
Penn St.,Men's Basketball,0,0.0,0.0,0.0,0.0,0.0,0.0,0.0,0.0,0.0,0.0,0.0,0.0,0.0,0.0,0.0,0.0,0.0,0.0,0.0,0.0,0.0,0.0,0.0,0.0,0.0,0.0,0.607143,0.0,0.0,0.0,0.0,0.0,0.0,0.0,0.0,0.0,-1,0,0.0,—,1,0,0,0,0,0,1
Hawaii,Men's Basketball,0,0.0,0.0,0.0,0.0,0.0,0.0,0.0,0.0,0.0,0.0,0.0,0.0,0.0,0.0,0.0,0.0,0.0,0.0,0.0,0.0,0.0,0.0,0.0,0.0,0.0,0.0,0.25,0.0,0.0,0.0,0.0,0.0,0.0,0.0,0.0,0.0,-1,0,0.0,—,1,0,0,0,0,0,1
UC Irvine,Men's Basketball,0,0.0,0.0,0.0,0.0,0.0,0.0,0.0,0.0,0.0,0.0,0.0,0.0,0.0,0.0,0.0,0.0,0.0,0.0,0.0,0.0,0.0,0.0,0.0,0.0,0.0,0.0,0.357143,0.0,0.0,0.0,0.0,0.0,0.0,0.0,0.0,0.0,-1,0,0.0,—,1,0,0,0,0,0,1
UC San Diego,Men's Basketball,0,0.0,0.0,0.0,0.0,0.0,0.0,0.0,0.0,0.0,0.0,0.0,0.0,0.0,0.0,0.0,0.0,0.0,0.0,0.0,0.0,0.0,0.0,0.0,0.0,0.0,0.0,0.321429,0.0,0.0,0.0,0.0,0.0,0.0,0.0,0.0,0.0,-1,0,0.0,—,1,0,0,0,0,0,1
CSUN,Men's Basketball,0,0.0,0.0,0.0,0.0,0.0,0.0,0.0,0.0,0.0,0.0,0.0,0.0,0.0,0.0,0.0,0.0,0.0,0.0,0.0,0.0,0.0,0.0,0.0,0.0,0.0,0.0,0.428571,0.0,0.0,0.0,0.0,0.0,0.0,0.0,0.0,0.0,-1,0,0.0,—,1,0,0,0,0,0,1
UC Santa Barbara,Men's Basketball,0,0.0,0.0,0.0,0.0,0.0,0.0,0.0,0.0,0.0,0.0,0.0,0.0,0.0,0.0,0.0,0.0,0.0,0.0,0.0,0.0,0.0,0.0,0.0,0.0,0.0,0.0,0.428571,0.0,0.0,0.0,0.0,0.0,0.0,0.0,0.0,0.0,-1,0,0.0,—,1,0,0,0,0,0,1
UC Davis,Men's Basketball,0,0.0,0.0,0.0,0.0,0.0,0.0,0.0,0.0,0.0,0.0,0.0,0.0,0.0,0.0,0.0,0.0,0.0,0.0,0.0,0.0,0.0,0.0,0.0,0.0,0.0,0.0,0.428571,0.0,0.0,0.0,0.0,0.0,0.0,0.0,0.0,0.0,-1,0,0.0,—,1,0,0,0,0,0,1
Cal St. Fullerton,Men's Basketball,0,0.0,0.0,0.0,0.0,0.0,0.0,0.0,0.0,0.0,0.0,0.0,0.0,0.0,0.0,0.0,0.0,0.0,0.0,0.0,0.0,0.0,0.0,0.0,0.0,0.0,0.0,0.535714,0.0,0.0,0.0,0.0,0.0,0.0,0.0,0.0,0.0,-1,0,0.0,—,1,0,0,0,0,0,1
Cal Poly,Men's Basketball,0,0.0,0.0,0.0,0.0,0.0,0.0,0.0,0.0,0.0,0.0,0.0,0.0,0.0,0.0,0.0,0.0,0.0,0.0,0.0,0.0,0.0,0.0,0.0,0.0,0.0,0.0,0.607143,0.0,0.0,0.0,0.0,0.0,0.0,0.0,0.0,0.0,-1,0,0.0,—,1,0,0,0,0,0,1
Long Beach St.,Men's Basketball,0,0.0,0.0,0.0,0.0,0.0,0.0,0.0,0.0,0.0,0.0,0.0,0.0,0.0,0.0,0.0,0.0,0.0,0.0,0.0,0.0,0.0,0.0,0.0,0.0,0.0,0.0,0.75,0.0,0.0,0.0,0.0,0.0,0.0,0.0,0.0,0.0,-1,0,0.0,—,1,0,0,0,0,0,1
UC Riverside,Men's Basketball,0,0.0,0.0,0.0,0.0,0.0,0.0,0.0,0.0,0.0,0.0,0.0,0.0,0.0,0.0,0.0,0.0,0.0,0.0,0.0,0.0,0.0,0.0,0.0,0.0,0.0,0.0,0.75,0.0,0.0,0.0,0.0,0.0,0.0,0.0,0.0,0.0,-1,0,0.0,—,1,0,0,0,0,0,1
CSU Bakersfield,Men's Basketball,0,0.0,0.0,0.0,0.0,0.0,0.0,0.0,0.0,0.0,0.0,0.0,0.0,0.0,0.0,0.0,0.0,0.0,0.0,0.0,0.0,0.0,0.0,0.0,0.0,0.0,0.0,0.785714,0.0,0.0,0.0,0.0,0.0,0.0,0.0,0.0,0.0,-1,0,0.0,—,1,0,0,0,0,0,1
UNCW,Men's Basketball,0,0.0,0.0,0.0,0.0,0.0,0.0,0.0,0.0,0.0,0.0,0.0,0.0,0.0,0.0,0.0,0.0,0.0,0.0,0.0,0.0,0.0,0.0,0.0,0.0,0.0,0.0,0.142857,0.0,0.0,0.0,0.0,0.0,0.0,0.0,0.0,0.0,-1,0,0.0,—,1,0,0,0,0,0,1
Col. of Charleston,Men's Basketball,0,0.0,0.0,0.0,0.0,0.0,0.0,0.0,0.0,0.0,0.0,0.0,0.0,0.0,0.0,0.0,0.0,0.0,0.0,0.0,0.0,0.0,0.0,0.0,0.0,0.0,0.0,0.357143,0.0,0.0,0.0,0.0,0.0,0.0,0.0,0.0,0.0,-1,0,0.0,—,1,0,0,0,0,0,1
Hofstra,Men's Basketball,0,0.0,0.0,0.0,0.0,0.0,0.0,0.0,0.0,0.0,0.0,0.0,0.0,0.0,0.0,0.0,0.0,0.0,0.0,0.0,0.0,0.0,0.0,0.0,0.0,0.0,0.0,0.357143,0.0,0.0,0.0,0.0,0.0,0.0,0.0,0.0,0.0,-1,0,0.0,—,1,0,0,0,0,0,1
Monmouth,Men's Basketball,0,0.0,0.0,0.0,0.0,0.0,0.0,0.0,0.0,0.0,0.0,0.0,0.0,0.0,0.0,0.0,0.0,0.0,0.0,0.0,0.0,0.0,0.0,0.0,0.0,0.0,0.0,0.5,0.0,0.0,0.0,0.0,0.0,0.0,0.0,0.0,0.0,-1,0,0.0,—,1,0,0,0,0,0,1
Drexel,Men's Basketball,0,0.0,0.0,0.0,0.0,0.0,0.0,0.0,0.0,0.0,0.0,0.0,0.0,0.0,0.0,0.0,0.0,0.0,0.0,0.0,0.0,0.0,0.0,0.0,0.0,0.0,0.0,0.5,0.0,0.0,0.0,0.0,0.0,0.0,0.0,0.0,0.0,-1,0,0.0,—,1,0,0,0,0,0,1
William & Mary,Men's Basketball,0,0.0,0.0,0.0,0.0,0.0,0.0,0.0,0.0,0.0,0.0,0.0,0.0,0.0,0.0,0.0,0.0,0.0,0.0,0.0,0.0,0.0,0.0,0.0,0.0,0.0,0.0,0.392857,0.0,0.0,0.0,0.0,0.0,0.0,0.0,0.0,0.0,-1,0,0.0,—,1,0,0,0,0,0,1
Stony Brook,Men's Basketball,0,0.0,0.0,0.0,0.0,0.0,0.0,0.0,0.0,0.0,0.0,0.0,0.0,0.0,0.0,0.0,0.0,0.0,0.0,0.0,0.0,0.0,0.0,0.0,0.0,0.0,0.0,0.464286,0.0,0.0,0.0,0.0,0.0,0.0,0.0,0.0,0.0,-1,0,0.0,—,1,0,0,0,0,0,1
Towson,Men's Basketball,0,0.0,0.0,0.0,0.0,0.0,0.0,0.0,0.0,0.0,0.0,0.0,0.0,0.0,0.0,0.0,0.0,0.0,0.0,0.0,0.0,0.0,0.0,0.0,0.0,0.0,0.0,0.5,0.0,0.0,0.0,0.0,0.0,0.0,0.0,0.0,0.0,-1,0,0.0,—,1,0,0,0,0,0,1
Campbell,Men's Basketball,0,0.0,0.0,0.0,0.0,0.0,0.0,0.0,0.0,0.0,0.0,0.0,0.0,0.0,0.0,0.0,0.0,0.0,0.0,0.0,0.0,0.0,0.0,0.0,0.0,0.0,0.0,0.607143,0.0,0.0,0.0,0.0,0.0,0.0,0.0,0.0,0.0,-1,0,0.0,—,1,0,0,0,0,0,1
Hampton,Men's Basketball,0,0.0,0.0,0.0,0.0,0.0,0.0,0.0,0.0,0.0,0.0,0.0,0.0,0.0,0.0,0.0,0.0,0.0,0.0,0.0,0.0,0.0,0.0,0.0,0.0,0.0,0.0,0.607143,0.0,0.0,0.0,0.0,0.0,0.0,0.0,0.0,0.0,-1,0,0.0,—,1,0,0,0,0,0,1
Elon,Men's Basketball,0,0.0,0.0,0.0,0.0,0.0,0.0,0.0,0.0,0.0,0.0,0.0,0.0,0.0,0.0,0.0,0.0,0.0,0.0,0.0,0.0,0.0,0.0,0.0,0.0,0.0,0.0,0.571429,0.0,0.0,0.0,0.0,0.0,0.0,0.0,0.0,0.0,-1,0,0.0,—,1,0,0,0,0,0,1
N.C. A&T,Men's Basketball,0,0.0,0.0,0.0,0.0,0.0,0.0,0.0,0.0,0.0,0.0,0.0,0.0,0.0,0.0,0.0,0.0,0.0,0.0,0.0,0.0,0.0,0.0,0.0,0.0,0.0,0.0,0.607143,0.0,0.0,0.0,0.0,0.0,0.0,0.0,0.0,0.0,-1,0,0.0,—,1,0,0,0,0,0,1
Northeastern,Men's Basketball,0,0.0,0.0,0.0,0.0,0.0,0.0,0.0,0.0,0.0,0.0,0.0,0.0,0.0,0.0,0.0,0.0,0.0,0.0,0.0,0.0,0.0,0.0,0.0,0.0,0.0,0.0,0.785714,0.0,0.0,0.0,0.0,0.0,0.0,0.0,0.0,0.0,-1,0,0.0,—,1,0,0,0,0,0,1
Liberty,Men's Basketball,0,0.0,0.0,0.0,0.0,0.0,0.0,0.0,0.0,0.0,0.0,0.0,0.0,0.0,0.0,0.0,0.0,0.0,0.0,0.0,0.0,0.0,0.0,0.0,0.0,0.0,0.0,0.178571,0.0,0.0,0.0,0.0,0.0,0.0,0.0,0.0,0.0,-1,0,0.0,—,1,0,0,0,0,0,1
Sam Houston,Men's Basketball,0,0.0,0.0,0.0,0.0,0.0,0.0,0.0,0.0,0.0,0.0,0.0,0.0,0.0,0.0,0.0,0.0,0.0,0.0,0.0,0.0,0.0,0.0,0.0,0.0,0.0,0.0,0.285714,0.0,0.0,0.0,0.0,0.0,0.0,0.0,0.0,0.0,-1,0,0.0,—,1,0,0,0,0,0,1
Western Ky.,Men's Basketball,0,0.0,0.0,0.0,0.0,0.0,0.0,0.0,0.0,0.0,0.0,0.0,0.0,0.0,0.0,0.0,0.0,0.0,0.0,0.0,0.0,0.0,0.0,0.0,0.0,0.0,0.0,0.392857,0.0,0.0,0.0,0.0,0.0,0.0,0.0,0.0,0.0,-1,0,0.0,—,1,0,0,0,0,0,1
Kennesaw St.,Men's Basketball,0,0.0,0.0,0.0,0.0,0.0,0.0,0.0,0.0,0.0,0.0,0.0,0.0,0.0,0.0,0.0,0.0,0.0,0.0,0.0,0.0,0.0,0.0,0.0,0.0,0.0,0.0,0.392857,0.0,0.0,0.0,0.0,0.0,0.0,0.0,0.0,0.0,-1,0,0.0,—,1,0,0,0,0,0,1
Louisiana Tech,Men's Basketball,0,0.0,0.0,0.0,0.0,0.0,0.0,0.0,0.0,0.0,0.0,0.0,0.0,0.0,0.0,0.0,0.0,0.0,0.0,0.0,0.0,0.0,0.0,0.0,0.0,0.0,0.0,0.464286,0.0,0.0,0.0,0.0,0.0,0.0,0.0,0.0,0.0,-1,0,0.0,—,1,0,0,0,0,0,1
Middle Tenn.,Men's Basketball,0,0.0,0.0,0.0,0.0,0.0,0.0,0.0,0.0,0.0,0.0,0.0,0.0,0.0,0.0,0.0,0.0,0.0,0.0,0.0,0.0,0.0,0.0,0.0,0.0,0.0,0.0,0.5,0.0,0.0,0.0,0.0,0.0,0.0,0.0,0.0,0.0,-1,0,0.0,—,1,0,0,0,0,0,1
Jacksonville St.,Men's Basketball,0,0.0,0.0,0.0,0.0,0.0,0.0,0.0,0.0,0.0,0.0,0.0,0.0,0.0,0.0,0.0,0.0,0.0,0.0,0.0,0.0,0.0,0.0,0.0,0.0,0.0,0.0,0.535714,0.0,0.0,0.0,0.0,0.0,0.0,0.0,0.0,0.0,-1,0,0.0,—,1,0,0,0,0,0,1
FIU,Men's Basketball,0,0.0,0.0,0.0,0.0,0.0,0.0,0.0,0.0,0.0,0.0,0.0,0.0,0.0,0.0,0.0,0.0,0.0,0.0,0.0,0.0,0.0,0.0,0.0,0.0,0.0,0.0,0.535714,0.0,0.0,0.0,0.0,0.0,0.0,0.0,0.0,0.0,-1,0,0.0,—,1,0,0,0,0,0,1
Missouri St.,Men's Basketball,0,0.0,0.0,0.0,0.0,0.0,0.0,0.0,0.0,0.0,0.0,0.0,0.0,0.0,0.0,0.0,0.0,0.0,0.0,0.0,0.0,0.0,0.0,0.0,0.0,0.0,0.0,0.571429,0.0,0.0,0.0,0.0,0.0,0.0,0.0,0.0,0.0,-1,0,0.0,—,1,0,0,0,0,0,1
New Mexico St.,Men's Basketball,0,0.0,0.0,0.0,0.0,0.0,0.0,0.0,0.0,0.0,0.0,0.0,0.0,0.0,0.0,0.0,0.0,0.0,0.0,0.0,0.0,0.0,0.0,0.0,0.0,0.0,0.0,0.535714,0.0,0.0,0.0,0.0,0.0,0.0,0.0,0.0,0.0,-1,0,0.0,—,1,0,0,0,0,0,1
UTEP,Men's Basketball,0,0.0,0.0,0.0,0.0,0.0,0.0,0.0,0.0,0.0,0.0,0.0,0.0,0.0,0.0,0.0,0.0,0.0,0.0,0.0,0.0,0.0,0.0,0.0,0.0,0.0,0.0,0.678571,0.0,0.0,0.0,0.0,0.0,0.0,0.0,0.0,0.0,-1,0,0.0,—,1,0,0,0,0,0,1
Delaware,Men's Basketball,0,0.0,0.0,0.0,0.0,0.0,0.0,0.0,0.0,0.0,0.0,0.0,0.0,0.0,0.0,0.0,0.0,0.0,0.0,0.0,0.0,0.0,0.0,0.0,0.0,0.0,0.0,0.714286,0.0,0.0,0.0,0.0,0.0,0.0,0.0,0.0,0.0,-1,0,0.0,—,1,0,0,0,0,0,1
Wright St.,Men's Basketball,0,0.0,0.0,0.0,0.0,0.0,0.0,0.0,0.0,0.0,0.0,0.0,0.0,0.0,0.0,0.0,0.0,0.0,0.0,0.0,0.0,0.0,0.0,0.0,0.0,0.0,0.0,0.392857,0.0,0.0,0.0,0.0,0.0,0.0,0.0,0.0,0.0,-1,0,0.0,—,1,0,0,0,0,0,1
Robert Morris,Men's Basketball,0,0.0,0.0,0.0,0.0,0.0,0.0,0.0,0.0,0.0,0.0,0.0,0.0,0.0,0.0,0.0,0.0,0.0,0.0,0.0,0.0,0.0,0.0,0.0,0.0,0.0,0.0,0.357143,0.0,0.0,0.0,0.0,0.0,0.0,0.0,0.0,0.0,-1,0,0.0,—,1,0,0,0,0,0,1
Green Bay,Men's Basketball,0,0.0,0.0,0.0,0.0,0.0,0.0,0.0,0.0,0.0,0.0,0.0,0.0,0.0,0.0,0.0,0.0,0.0,0.0,0.0,0.0,0.0,0.0,0.0,0.0,0.0,0.0,0.5,0.0,0.0,0.0,0.0,0.0,0.0,0.0,0.0,0.0,-1,0,0.0,—,1,0,0,0,0,0,1
Detroit Mercy,Men's Basketball,0,0.0,0.0,0.0,0.0,0.0,0.0,0.0,0.0,0.0,0.0,0.0,0.0,0.0,0.0,0.0,0.0,0.0,0.0,0.0,0.0,0.0,0.0,0.0,0.0,0.0,0.0,0.5,0.0,0.0,0.0,0.0,0.0,0.0,0.0,0.0,0.0,-1,0,0.0,—,1,0,0,0,0,0,1
Oakland,Men's Basketball,0,0.0,0.0,0.0,0.0,0.0,0.0,0.0,0.0,0.0,0.0,0.0,0.0,0.0,0.0,0.0,0.0,0.0,0.0,0.0,0.0,0.0,0.0,0.0,0.0,0.0,0.0,0.535714,0.0,0.0,0.0,0.0,0.0,0.0,0.0,0.0,0.0,-1,0,0.0,—,1,0,0,0,0,0,1
Purdue Fort Wayne,Men's Basketball,0,0.0,0.0,0.0,0.0,0.0,0.0,0.0,0.0,0.0,0.0,0.0,0.0,0.0,0.0,0.0,0.0,0.0,0.0,0.0,0.0,0.0,0.0,0.0,0.0,0.0,0.0,0.5,0.0,0.0,0.0,0.0,0.0,0.0,0.0,0.0,0.0,-1,0,0.0,—,1,0,0,0,0,0,1
Northern Ky.,Men's Basketball,0,0.0,0.0,0.0,0.0,0.0,0.0,0.0,0.0,0.0,0.0,0.0,0.0,0.0,0.0,0.0,0.0,0.0,0.0,0.0,0.0,0.0,0.0,0.0,0.0,0.0,0.0,0.464286,0.0,0.0,0.0,0.0,0.0,0.0,0.0,0.0,0.0,-1,0,0.0,—,1,0,0,0,0,0,1
Youngstown St.,Men's Basketball,0,0.0,0.0,0.0,0.0,0.0,0.0,0.0,0.0,0.0,0.0,0.0,0.0,0.0,0.0,0.0,0.0,0.0,0.0,0.0,0.0,0.0,0.0,0.0,0.0,0.0,0.0,0.571429,0.0,0.0,0.0,0.0,0.0,0.0,0.0,0.0,0.0,-1,0,0.0,—,1,0,0,0,0,0,1
Milwaukee,Men's Basketball,0,0.0,0.0,0.0,0.0,0.0,0.0,0.0,0.0,0.0,0.0,0.0,0.0,0.0,0.0,0.0,0.0,0.0,0.0,0.0,0.0,0.0,0.0,0.0,0.0,0.0,0.0,0.678571,0.0,0.0,0.0,0.0,0.0,0.0,0.0,0.0,0.0,-1,0,0.0,—,1,0,0,0,0,0,1
Cleveland St.,Men's Basketball,0,0.0,0.0,0.0,0.0,0.0,0.0,0.0,0.0,0.0,0.0,0.0,0.0,0.0,0.0,0.0,0.0,0.0,0.0,0.0,0.0,0.0,0.0,0.0,0.0,0.0,0.0,0.75,0.0,0.0,0.0,0.0,0.0,0.0,0.0,0.0,0.0,-1,0,0.0,—,1,0,0,0,0,0,1
IU Indy,Men's Basketball,0,0.0,0.0,0.0,0.0,0.0,0.0,0.0,0.0,0.0,0.0,0.0,0.0,0.0,0.0,0.0,0.0,0.0,0.0,0.0,0.0,0.0,0.0,0.0,0.0,0.0,0.0,0.857143,0.0,0.0,0.0,0.0,0.0,0.0,0.0,0.0,0.0,-1,0,0.0,—,1,0,0,0,0,0,1
Yale,Men's Basketball,0,0.0,0.0,0.0,0.0,0.0,0.0,0.0,0.0,0.0,0.0,0.0,0.0,0.0,0.0,0.0,0.0,0.0,0.0,0.0,0.0,0.0,0.0,0.0,0.0,0.0,0.0,0.178571,0.0,0.0,0.0,0.0,0.0,0.0,0.0,0.0,0.0,-1,0,0.0,—,1,0,0,0,0,0,1
Harvard,Men's Basketball,0,0.0,0.0,0.0,0.0,0.0,0.0,0.0,0.0,0.0,0.0,0.0,0.0,0.0,0.0,0.0,0.0,0.0,0.0,0.0,0.0,0.0,0.0,0.0,0.0,0.0,0.0,0.392857,0.0,0.0,0.0,0.0,0.0,0.0,0.0,0.0,0.0,-1,0,0.0,—,1,0,0,0,0,0,1
Penn,Men's Basketball,0,0.0,0.0,0.0,0.0,0.0,0.0,0.0,0.0,0.0,0.0,0.0,0.0,0.0,0.0,0.0,0.0,0.0,0.0,0.0,0.0,0.0,0.0,0.0,0.0,0.0,0.0,0.392857,0.0,0.0,0.0,0.0,0.0,0.0,0.0,0.0,0.0,-1,0,0.0,—,1,0,0,0,0,0,1
Cornell,Men's Basketball,0,0.0,0.0,0.0,0.0,0.0,0.0,0.0,0.0,0.0,0.0,0.0,0.0,0.0,0.0,0.0,0.0,0.0,0.0,0.0,0.0,0.0,0.0,0.0,0.0,0.0,0.0,0.428571,0.0,0.0,0.0,0.0,0.0,0.0,0.0,0.0,0.0,-1,0,0.0,—,1,0,0,0,0,0,1
Columbia,Men's Basketball,0,0.0,0.0,0.0,0.0,0.0,0.0,0.0,0.0,0.0,0.0,0.0,0.0,0.0,0.0,0.0,0.0,0.0,0.0,0.0,0.0,0.0,0.0,0.0,0.0,0.0,0.0,0.392857,0.0,0.0,0.0,0.0,0.0,0.0,0.0,0.0,0.0,-1,0,0.0,—,1,0,0,0,0,0,1
Dartmouth,Men's Basketball,0,0.0,0.0,0.0,0.0,0.0,0.0,0.0,0.0,0.0,0.0,0.0,0.0,0.0,0.0,0.0,0.0,0.0,0.0,0.0,0.0,0.0,0.0,0.0,0.0,0.0,0.0,0.535714,0.0,0.0,0.0,0.0,0.0,0.0,0.0,0.0,0.0,-1,0,0.0,—,1,0,0,0,0,0,1
Princeton,Men's Basketball,0,0.0,0.0,0.0,0.0,0.0,0.0,0.0,0.0,0.0,0.0,0.0,0.0,0.0,0.0,0.0,0.0,0.0,0.0,0.0,0.0,0.0,0.0,0.0,0.0,0.0,0.0,0.678571,0.0,0.0,0.0,0.0,0.0,0.0,0.0,0.0,0.0,-1,0,0.0,—,1,0,0,0,0,0,1
Brown,Men's Basketball,0,0.0,0.0,0.0,0.0,0.0,0.0,0.0,0.0,0.0,0.0,0.0,0.0,0.0,0.0,0.0,0.0,0.0,0.0,0.0,0.0,0.0,0.0,0.0,0.0,0.0,0.0,0.607143,0.0,0.0,0.0,0.0,0.0,0.0,0.0,0.0,0.0,-1,0,0.0,—,1,0,0,0,0,0,1
Merrimack,Men's Basketball,0,0.0,0.0,0.0,0.0,0.0,0.0,0.0,0.0,0.0,0.0,0.0,0.0,0.0,0.0,0.0,0.0,0.0,0.0,0.0,0.0,0.0,0.0,0.0,0.0,0.0,0.0,0.357143,0.0,0.0,0.0,0.0,0.0,0.0,0.0,0.0,0.0,-1,0,0.0,—,1,0,0,0,0,0,1
Saint Peter's,Men's Basketball,0,0.0,0.0,0.0,0.0,0.0,0.0,0.0,0.0,0.0,0.0,0.0,0.0,0.0,0.0,0.0,0.0,0.0,0.0,0.0,0.0,0.0,0.0,0.0,0.0,0.0,0.0,0.392857,0.0,0.0,0.0,0.0,0.0,0.0,0.0,0.0,0.0,-1,0,0.0,—,1,0,0,0,0,0,1
Marist,Men's Basketball,0,0.0,0.0,0.0,0.0,0.0,0.0,0.0,0.0,0.0,0.0,0.0,0.0,0.0,0.0,0.0,0.0,0.0,0.0,0.0,0.0,0.0,0.0,0.0,0.0,0.0,0.0,0.357143,0.0,0.0,0.0,0.0,0.0,0.0,0.0,0.0,0.0,-1,0,0.0,—,1,0,0,0,0,0,1
Siena,Men's Basketball,0,0.0,0.0,0.0,0.0,0.0,0.0,0.0,0.0,0.0,0.0,0.0,0.0,0.0,0.0,0.0,0.0,0.0,0.0,0.0,0.0,0.0,0.0,0.0,0.0,0.0,0.0,0.392857,0.0,0.0,0.0,0.0,0.0,0.0,0.0,0.0,0.0,-1,0,0.0,—,1,0,0,0,0,0,1
Fairfield,Men's Basketball,0,0.0,0.0,0.0,0.0,0.0,0.0,0.0,0.0,0.0,0.0,0.0,0.0,0.0,0.0,0.0,0.0,0.0,0.0,0.0,0.0,0.0,0.0,0.0,0.0,0.0,0.0,0.392857,0.0,0.0,0.0,0.0,0.0,0.0,0.0,0.0,0.0,-1,0,0.0,—,1,0,0,0,0,0,1
Quinnipiac,Men's Basketball,0,0.0,0.0,0.0,0.0,0.0,0.0,0.0,0.0,0.0,0.0,0.0,0.0,0.0,0.0,0.0,0.0,0.0,0.0,0.0,0.0,0.0,0.0,0.0,0.0,0.0,0.0,0.428571,0.0,0.0,0.0,0.0,0.0,0.0,0.0,0.0,0.0,-1,0,0.0,—,1,0,0,0,0,0,1
Mount St. Mary's,Men's Basketball,0,0.0,0.0,0.0,0.0,0.0,0.0,0.0,0.0,0.0,0.0,0.0,0.0,0.0,0.0,0.0,0.0,0.0,0.0,0.0,0.0,0.0,0.0,0.0,0.0,0.0,0.0,0.571429,0.0,0.0,0.0,0.0,0.0,0.0,0.0,0.0,0.0,-1,0,0.0,—,1,0,0,0,0,0,1
Iona,Men's Basketball,0,0.0,0.0,0.0,0.0,0.0,0.0,0.0,0.0,0.0,0.0,0.0,0.0,0.0,0.0,0.0,0.0,0.0,0.0,0.0,0.0,0.0,0.0,0.0,0.0,0.0,0.0,0.464286,0.0,0.0,0.0,0.0,0.0,0.0,0.0,0.0,0.0,-1,0,0.0,—,1,0,0,0,0,0,1
Sacred Heart,Men's Basketball,0,0.0,0.0,0.0,0.0,0.0,0.0,0.0,0.0,0.0,0.0,0.0,0.0,0.0,0.0,0.0,0.0,0.0,0.0,0.0,0.0,0.0,0.0,0.0,0.0,0.0,0.0,0.642857,0.0,0.0,0.0,0.0,0.0,0.0,0.0,0.0,0.0,-1,0,0.0,—,1,0,0,0,0,0,1
Manhattan,Men's Basketball,0,0.0,0.0,0.0,0.0,0.0,0.0,0.0,0.0,0.0,0.0,0.0,0.0,0.0,0.0,0.0,0.0,0.0,0.0,0.0,0.0,0.0,0.0,0.0,0.0,0.0,0.0,0.642857,0.0,0.0,0.0,0.0,0.0,0.0,0.0,0.0,0.0,-1,0,0.0,—,1,0,0,0,0,0,1
Canisius,Men's Basketball,0,0.0,0.0,0.0,0.0,0.0,0.0,0.0,0.0,0.0,0.0,0.0,0.0,0.0,0.0,0.0,0.0,0.0,0.0,0.0,0.0,0.0,0.0,0.0,0.0,0.0,0.0,0.714286,0.0,0.0,0.0,0.0,0.0,0.0,0.0,0.0,0.0,-1,0,0.0,—,1,0,0,0,0,0,1
Niagara,Men's Basketball,0,0.0,0.0,0.0,0.0,0.0,0.0,0.0,0.0,0.0,0.0,0.0,0.0,0.0,0.0,0.0,0.0,0.0,0.0,0.0,0.0,0.0,0.0,0.0,0.0,0.0,0.0,0.75,0.0,0.0,0.0,0.0,0.0,0.0,0.0,0.0,0.0,-1,0,0.0,—,1,0,0,0,0,0,1
Rider,Men's Basketball,0,0.0,0.0,0.0,0.0,0.0,0.0,0.0,0.0,0.0,0.0,0.0,0.0,0.0,0.0,0.0,0.0,0.0,0.0,0.0,0.0,0.0,0.0,0.0,0.0,0.0,0.0,0.857143,0.0,0.0,0.0,0.0,0.0,0.0,0.0,0.0,0.0,-1,0,0.0,—,1,0,0,0,0,0,1
Miami (OH),Men's Basketball,0,0.0,0.0,0.0,0.0,0.0,0.0,0.0,0.0,0.0,0.0,0.0,0.0,0.0,0.0,0.0,0.0,0.0,0.0,0.0,0.0,0.0,0.0,0.0,0.0,0.0,0.0,0.0,0.0,0.0,0.0,0.0,0.0,0.0,0.0,0.0,0.0,-1,0,0.0,—,1,0,0,0,0,0,1
Akron,Men's Basketball,0,0.0,0.0,0.0,0.0,0.0,0.0,0.0,0.0,0.0,0.0,0.0,0.0,0.0,0.0,0.0,0.0,0.0,0.0,0.0,0.0,0.0,0.0,0.0,0.0,0.0,0.0,0.178571,0.0,0.0,0.0,0.0,0.0,0.0,0.0,0.0,0.0,-1,0,0.0,—,1,0,0,0,0,0,1
Kent St.,Men's Basketball,0,0.0,0.0,0.0,0.0,0.0,0.0,0.0,0.0,0.0,0.0,0.0,0.0,0.0,0.0,0.0,0.0,0.0,0.0,0.0,0.0,0.0,0.0,0.0,0.0,0.0,0.0,0.285714,0.0,0.0,0.0,0.0,0.0,0.0,0.0,0.0,0.0,-1,0,0.0,—,1,0,0,0,0,0,1
Toledo,Men's Basketball,0,0.0,0.0,0.0,0.0,0.0,0.0,0.0,0.0,0.0,0.0,0.0,0.0,0.0,0.0,0.0,0.0,0.0,0.0,0.0,0.0,0.0,0.0,0.0,0.0,0.0,0.0,0.464286,0.0,0.0,0.0,0.0,0.0,0.0,0.0,0.0,0.0,-1,0,0.0,—,1,0,0,0,0,0,1
Ohio,Men's Basketball,0,0.0,0.0,0.0,0.0,0.0,0.0,0.0,0.0,0.0,0.0,0.0,0.0,0.0,0.0,0.0,0.0,0.0,0.0,0.0,0.0,0.0,0.0,0.0,0.0,0.0,0.0,0.5,0.0,0.0,0.0,0.0,0.0,0.0,0.0,0.0,0.0,-1,0,0.0,—,1,0,0,0,0,0,1
Bowling Green,Men's Basketball,0,0.0,0.0,0.0,0.0,0.0,0.0,0.0,0.0,0.0,0.0,0.0,0.0,0.0,0.0,0.0,0.0,0.0,0.0,0.0,0.0,0.0,0.0,0.0,0.0,0.0,0.0,0.464286,0.0,0.0,0.0,0.0,0.0,0.0,0.0,0.0,0.0,-1,0,0.0,—,1,0,0,0,0,0,1
Buffalo,Men's Basketball,0,0.0,0.0,0.0,0.0,0.0,0.0,0.0,0.0,0.0,0.0,0.0,0.0,0.0,0.0,0.0,0.0,0.0,0.0,0.0,0.0,0.0,0.0,0.0,0.0,0.0,0.0,0.464286,0.0,0.0,0.0,0.0,0.0,0.0,0.0,0.0,0.0,-1,0,0.0,—,1,0,0,0,0,0,1
Central Mich.,Men's Basketball,0,0.0,0.0,0.0,0.0,0.0,0.0,0.0,0.0,0.0,0.0,0.0,0.0,0.0,0.0,0.0,0.0,0.0,0.0,0.0,0.0,0.0,0.0,0.0,0.0,0.0,0.0,0.678571,0.0,0.0,0.0,0.0,0.0,0.0,0.0,0.0,0.0,-1,0,0.0,—,1,0,0,0,0,0,1
Massachusetts,Men's Basketball,0,0.0,0.0,0.0,0.0,0.0,0.0,0.0,0.0,0.0,0.0,0.0,0.0,0.0,0.0,0.0,0.0,0.0,0.0,0.0,0.0,0.0,0.0,0.0,0.0,0.0,0.0,0.535714,0.0,0.0,0.0,0.0,0.0,0.0,0.0,0.0,0.0,-1,0,0.0,—,1,0,0,0,0,0,1
Ball St.,Men's Basketball,0,0.0,0.0,0.0,0.0,0.0,0.0,0.0,0.0,0.0,0.0,0.0,0.0,0.0,0.0,0.0,0.0,0.0,0.0,0.0,0.0,0.0,0.0,0.0,0.0,0.0,0.0,0.678571,0.0,0.0,0.0,0.0,0.0,0.0,0.0,0.0,0.0,-1,0,0.0,—,1,0,0,0,0,0,1
Western Mich.,Men's Basketball,0,0.0,0.0,0.0,0.0,0.0,0.0,0.0,0.0,0.0,0.0,0.0,0.0,0.0,0.0,0.0,0.0,0.0,0.0,0.0,0.0,0.0,0.0,0.0,0.0,0.0,0.0,0.678571,0.0,0.0,0.0,0.0,0.0,0.0,0.0,0.0,0.0,-1,0,0.0,—,1,0,0,0,0,0,1
Eastern Mich.,Men's Basketball,0,0.0,0.0,0.0,0.0,0.0,0.0,0.0,0.0,0.0,0.0,0.0,0.0,0.0,0.0,0.0,0.0,0.0,0.0,0.0,0.0,0.0,0.0,0.0,0.0,0.0,0.0,0.678571,0.0,0.0,0.0,0.0,0.0,0.0,0.0,0.0,0.0,-1,0,0.0,—,1,0,0,0,0,0,1
NIU,Men's Basketball,0,0.0,0.0,0.0,0.0,0.0,0.0,0.0,0.0,0.0,0.0,0.0,0.0,0.0,0.0,0.0,0.0,0.0,0.0,0.0,0.0,0.0,0.0,0.0,0.0,0.0,0.0,0.678571,0.0,0.0,0.0,0.0,0.0,0.0,0.0,0.0,0.0,-1,0,0.0,—,1,0,0,0,0,0,1
Howard,Men's Basketball,0,0.0,0.0,0.0,0.0,0.0,0.0,0.0,0.0,0.0,0.0,0.0,0.0,0.0,0.0,0.0,0.0,0.0,0.0,0.0,0.0,0.0,0.0,0.0,0.0,0.0,0.0,0.357143,0.0,0.0,0.0,0.0,0.0,0.0,0.0,0.0,0.0,-1,0,0.0,—,1,0,0,0,0,0,1
Norfolk St.,Men's Basketball,0,0.0,0.0,0.0,0.0,0.0,0.0,0.0,0.0,0.0,0.0,0.0,0.0,0.0,0.0,0.0,0.0,0.0,0.0,0.0,0.0,0.0,0.0,0.0,0.0,0.0,0.0,0.5,0.0,0.0,0.0,0.0,0.0,0.0,0.0,0.0,0.0,-1,0,0.0,—,1,0,0,0,0,0,1
Morgan St.,Men's Basketball,0,0.0,0.0,0.0,0.0,0.0,0.0,0.0,0.0,0.0,0.0,0.0,0.0,0.0,0.0,0.0,0.0,0.0,0.0,0.0,0.0,0.0,0.0,0.0,0.0,0.0,0.0,0.535714,0.0,0.0,0.0,0.0,0.0,0.0,0.0,0.0,0.0,-1,0,0.0,—,1,0,0,0,0,0,1
N.C. Central,Men's Basketball,0,0.0,0.0,0.0,0.0,0.0,0.0,0.0,0.0,0.0,0.0,0.0,0.0,0.0,0.0,0.0,0.0,0.0,0.0,0.0,0.0,0.0,0.0,0.0,0.0,0.0,0.0,0.571429,0.0,0.0,0.0,0.0,0.0,0.0,0.0,0.0,0.0,-1,0,0.0,—,1,0,0,0,0,0,1
UMES,Men's Basketball,0,0.0,0.0,0.0,0.0,0.0,0.0,0.0,0.0,0.0,0.0,0.0,0.0,0.0,0.0,0.0,0.0,0.0,0.0,0.0,0.0,0.0,0.0,0.0,0.0,0.0,0.0,0.714286,0.0,0.0,0.0,0.0,0.0,0.0,0.0,0.0,0.0,-1,0,0.0,—,1,0,0,0,0,0,1
South Carolina St.,Men's Basketball,0,0.0,0.0,0.0,0.0,0.0,0.0,0.0,0.0,0.0,0.0,0.0,0.0,0.0,0.0,0.0,0.0,0.0,0.0,0.0,0.0,0.0,0.0,0.0,0.0,0.0,0.0,0.75,0.0,0.0,0.0,0.0,0.0,0.0,0.0,0.0,0.0,-1,0,0.0,—,1,0,0,0,0,0,1
Coppin St.,Men's Basketball,0,0.0,0.0,0.0,0.0,0.0,0.0,0.0,0.0,0.0,0.0,0.0,0.0,0.0,0.0,0.0,0.0,0.0,0.0,0.0,0.0,0.0,0.0,0.0,0.0,0.0,0.0,0.785714,0.0,0.0,0.0,0.0,0.0,0.0,0.0,0.0,0.0,-1,0,0.0,—,1,0,0,0,0,0,1
Delaware St.,Men's Basketball,0,0.0,0.0,0.0,0.0,0.0,0.0,0.0,0.0,0.0,0.0,0.0,0.0,0.0,0.0,0.0,0.0,0.0,0.0,0.0,0.0,0.0,0.0,0.0,0.0,0.0,0.0,0.75,0.0,0.0,0.0,0.0,0.0,0.0,0.0,0.0,0.0,-1,0,0.0,—,1,0,0,0,0,0,1
Utah St.,Men's Basketball,0,0.0,0.0,0.0,0.0,0.0,0.0,0.0,0.0,0.0,0.0,0.0,0.0,0.0,0.0,0.0,0.0,0.0,0.0,0.0,0.0,0.0,0.0,0.0,0.0,0.0,0.0,0.178571,0.0,0.0,0.0,0.0,0.0,0.0,0.0,0.0,0.0,-1,0,0.0,—,1,0,0,0,0,0,1
New Mexico,Men's Basketball,0,0.0,0.0,0.0,0.0,0.0,0.0,0.0,0.0,0.0,0.0,0.0,0.0,0.0,0.0,0.0,0.0,0.0,0.0,0.0,0.0,0.0,0.0,0.0,0.0,0.0,0.0,0.25,0.0,0.0,0.0,0.0,0.0,0.0,0.0,0.0,0.0,-1,0,0.0,—,1,0,0,0,0,0,1
San Diego St.,Men's Basketball,0,0.0,0.0,0.0,0.0,0.0,0.0,0.0,0.0,0.0,0.0,0.0,0.0,0.0,0.0,0.0,0.0,0.0,0.0,0.0,0.0,0.0,0.0,0.0,0.0,0.0,0.0,0.321429,0.0,0.0,0.0,0.0,0.0,0.0,0.0,0.0,0.0,-1,0,0.0,—,1,0,0,0,0,0,1
Nevada,Men's Basketball,0,0.0,0.0,0.0,0.0,0.0,0.0,0.0,0.0,0.0,0.0,0.0,0.0,0.0,0.0,0.0,0.0,0.0,0.0,0.0,0.0,0.0,0.0,0.0,0.0,0.0,0.0,0.357143,0.0,0.0,0.0,0.0,0.0,0.0,0.0,0.0,0.0,-1,0,0.0,—,1,0,0,0,0,0,1
Grand Canyon,Men's Basketball,0,0.0,0.0,0.0,0.0,0.0,0.0,0.0,0.0,0.0,0.0,0.0,0.0,0.0,0.0,0.0,0.0,0.0,0.0,0.0,0.0,0.0,0.0,0.0,0.0,0.0,0.0,0.392857,0.0,0.0,0.0,0.0,0.0,0.0,0.0,0.0,0.0,-1,0,0.0,—,1,0,0,0,0,0,1
Colorado St.,Men's Basketball,0,0.0,0.0,0.0,0.0,0.0,0.0,0.0,0.0,0.0,0.0,0.0,0.0,0.0,0.0,0.0,0.0,0.0,0.0,0.0,0.0,0.0,0.0,0.0,0.0,0.0,0.0,0.357143,0.0,0.0,0.0,0.0,0.0,0.0,0.0,0.0,0.0,-1,0,0.0,—,1,0,0,0,0,0,1
Boise St.,Men's Basketball,0,0.0,0.0,0.0,0.0,0.0,0.0,0.0,0.0,0.0,0.0,0.0,0.0,0.0,0.0,0.0,0.0,0.0,0.0,0.0,0.0,0.0,0.0,0.0,0.0,0.0,0.0,0.392857,0.0,0.0,0.0,0.0,0.0,0.0,0.0,0.0,0.0,-1,0,0.0,—,1,0,0,0,0,0,1
UNLV,Men's Basketball,0,0.0,0.0,0.0,0.0,0.0,0.0,0.0,0.0,0.0,0.0,0.0,0.0,0.0,0.0,0.0,0.0,0.0,0.0,0.0,0.0,0.0,0.0,0.0,0.0,0.0,0.0,0.5,0.0,0.0,0.0,0.0,0.0,0.0,0.0,0.0,0.0,-1,0,0.0,—,1,0,0,0,0,0,1
Wyoming,Men's Basketball,0,0.0,0.0,0.0,0.0,0.0,0.0,0.0,0.0,0.0,0.0,0.0,0.0,0.0,0.0,0.0,0.0,0.0,0.0,0.0,0.0,0.0,0.0,0.0,0.0,0.0,0.0,0.464286,0.0,0.0,0.0,0.0,0.0,0.0,0.0,0.0,0.0,-1,0,0.0,—,1,0,0,0,0,0,1
Fresno St.,Men's Basketball,0,0.0,0.0,0.0,0.0,0.0,0.0,0.0,0.0,0.0,0.0,0.0,0.0,0.0,0.0,0.0,0.0,0.0,0.0,0.0,0.0,0.0,0.0,0.0,0.0,0.0,0.0,0.607143,0.0,0.0,0.0,0.0,0.0,0.0,0.0,0.0,0.0,-1,0,0.0,—,1,0,0,0,0,0,1
San Jose St.,Men's Basketball,0,0.0,0.0,0.0,0.0,0.0,0.0,0.0,0.0,0.0,0.0,0.0,0.0,0.0,0.0,0.0,0.0,0.0,0.0,0.0,0.0,0.0,0.0,0.0,0.0,0.0,0.0,0.75,0.0,0.0,0.0,0.0,0.0,0.0,0.0,0.0,0.0,-1,0,0.0,—,1,0,0,0,0,0,1
Air Force,Men's Basketball,0,0.0,0.0,0.0,0.0,0.0,0.0,0.0,0.0,0.0,0.0,0.0,0.0,0.0,0.0,0.0,0.0,0.0,0.0,0.0,0.0,0.0,0.0,0.0,0.0,0.0,0.0,0.928571,0.0,0.0,0.0,0.0,0.0,0.0,0.0,0.0,0.0,-1,0,0.0,—,1,0,0,0,0,0,1
Belmont,Men's Basketball,0,0.0,0.0,0.0,0.0,0.0,0.0,0.0,0.0,0.0,0.0,0.0,0.0,0.0,0.0,0.0,0.0,0.0,0.0,0.0,0.0,0.0,0.0,0.0,0.0,0.0,0.0,0.142857,0.0,0.0,0.0,0.0,0.0,0.0,0.0,0.0,0.0,-1,0,0.0,—,1,0,0,0,0,0,1
Murray St.,Men's Basketball,0,0.0,0.0,0.0,0.0,0.0,0.0,0.0,0.0,0.0,0.0,0.0,0.0,0.0,0.0,0.0,0.0,0.0,0.0,0.0,0.0,0.0,0.0,0.0,0.0,0.0,0.0,0.357143,0.0,0.0,0.0,0.0,0.0,0.0,0.0,0.0,0.0,-1,0,0.0,—,1,0,0,0,0,0,1
Bradley,Men's Basketball,0,0.0,0.0,0.0,0.0,0.0,0.0,0.0,0.0,0.0,0.0,0.0,0.0,0.0,0.0,0.0,0.0,0.0,0.0,0.0,0.0,0.0,0.0,0.0,0.0,0.0,0.0,0.392857,0.0,0.0,0.0,0.0,0.0,0.0,0.0,0.0,0.0,-1,0,0.0,—,1,0,0,0,0,0,1
UIC,Men's Basketball,0,0.0,0.0,0.0,0.0,0.0,0.0,0.0,0.0,0.0,0.0,0.0,0.0,0.0,0.0,0.0,0.0,0.0,0.0,0.0,0.0,0.0,0.0,0.0,0.0,0.0,0.0,0.464286,0.0,0.0,0.0,0.0,0.0,0.0,0.0,0.0,0.0,-1,0,0.0,—,1,0,0,0,0,0,1
Illinois St.,Men's Basketball,0,0.0,0.0,0.0,0.0,0.0,0.0,0.0,0.0,0.0,0.0,0.0,0.0,0.0,0.0,0.0,0.0,0.0,0.0,0.0,0.0,0.0,0.0,0.0,0.0,0.0,0.0,0.392857,0.0,0.0,0.0,0.0,0.0,0.0,0.0,0.0,0.0,-1,0,0.0,—,1,0,0,0,0,0,1
Valparaiso,Men's Basketball,0,0.0,0.0,0.0,0.0,0.0,0.0,0.0,0.0,0.0,0.0,0.0,0.0,0.0,0.0,0.0,0.0,0.0,0.0,0.0,0.0,0.0,0.0,0.0,0.0,0.0,0.0,0.5,0.0,0.0,0.0,0.0,0.0,0.0,0.0,0.0,0.0,-1,0,0.0,—,1,0,0,0,0,0,1
UNI,Men's Basketball,0,0.0,0.0,0.0,0.0,0.0,0.0,0.0,0.0,0.0,0.0,0.0,0.0,0.0,0.0,0.0,0.0,0.0,0.0,0.0,0.0,0.0,0.0,0.0,0.0,0.0,0.0,0.428571,0.0,0.0,0.0,0.0,0.0,0.0,0.0,0.0,0.0,-1,0,0.0,—,1,0,0,0,0,0,1
Southern Ill.,Men's Basketball,0,0.0,0.0,0.0,0.0,0.0,0.0,0.0,0.0,0.0,0.0,0.0,0.0,0.0,0.0,0.0,0.0,0.0,0.0,0.0,0.0,0.0,0.0,0.0,0.0,0.0,0.0,0.535714,0.0,0.0,0.0,0.0,0.0,0.0,0.0,0.0,0.0,-1,0,0.0,—,1,0,0,0,0,0,1
Drake,Men's Basketball,0,0.0,0.0,0.0,0.0,0.0,0.0,0.0,0.0,0.0,0.0,0.0,0.0,0.0,0.0,0.0,0.0,0.0,0.0,0.0,0.0,0.0,0.0,0.0,0.0,0.0,0.0,0.642857,0.0,0.0,0.0,0.0,0.0,0.0,0.0,0.0,0.0,-1,0,0.0,—,1,0,0,0,0,0,1
Indiana St.,Men's Basketball,0,0.0,0.0,0.0,0.0,0.0,0.0,0.0,0.0,0.0,0.0,0.0,0.0,0.0,0.0,0.0,0.0,0.0,0.0,0.0,0.0,0.0,0.0,0.0,0.0,0.0,0.0,0.714286,0.0,0.0,0.0,0.0,0.0,0.0,0.0,0.0,0.0,-1,0,0.0,—,1,0,0,0,0,0,1
Evansville,Men's Basketball,0,0.0,0.0,0.0,0.0,0.0,0.0,0.0,0.0,0.0,0.0,0.0,0.0,0.0,0.0,0.0,0.0,0.0,0.0,0.0,0.0,0.0,0.0,0.0,0.0,0.0,0.0,0.821429,0.0,0.0,0.0,0.0,0.0,0.0,0.0,0.0,0.0,-1,0,0.0,—,1,0,0,0,0,0,1
LIU,Men's Basketball,0,0.0,0.0,0.0,0.0,0.0,0.0,0.0,0.0,0.0,0.0,0.0,0.0,0.0,0.0,0.0,0.0,0.0,0.0,0.0,0.0,0.0,0.0,0.0,0.0,0.0,0.0,0.357143,0.0,0.0,0.0,0.0,0.0,0.0,0.0,0.0,0.0,-1,0,0.0,—,1,0,0,0,0,0,1
Central Conn. St.,Men's Basketball,0,0.0,0.0,0.0,0.0,0.0,0.0,0.0,0.0,0.0,0.0,0.0,0.0,0.0,0.0,0.0,0.0,0.0,0.0,0.0,0.0,0.0,0.0,0.0,0.0,0.0,0.0,0.392857,0.0,0.0,0.0,0.0,0.0,0.0,0.0,0.0,0.0,-1,0,0.0,—,1,0,0,0,0,0,1
Le Moyne,Men's Basketball,0,0.0,0.0,0.0,0.0,0.0,0.0,0.0,0.0,0.0,0.0,0.0,0.0,0.0,0.0,0.0,0.0,0.0,0.0,0.0,0.0,0.0,0.0,0.0,0.0,0.0,0.0,0.571429,0.0,0.0,0.0,0.0,0.0,0.0,0.0,0.0,0.0,-1,0,0.0,—,1,0,0,0,0,0,1
Mercyhurst,Men's Basketball,0,0.0,0.0,0.0,0.0,0.0,0.0,0.0,0.0,0.0,0.0,0.0,0.0,0.0,0.0,0.0,0.0,0.0,0.0,0.0,0.0,0.0,0.0,0.0,0.0,0.0,0.0,0.571429,0.0,0.0,0.0,0.0,0.0,0.0,0.0,0.0,0.0,-1,0,0.0,—,1,0,0,0,0,0,1
New Haven,Men's Basketball,0,0.0,0.0,0.0,0.0,0.0,0.0,0.0,0.0,0.0,0.0,0.0,0.0,0.0,0.0,0.0,0.0,0.0,0.0,0.0,0.0,0.0,0.0,0.0,0.0,0.0,0.0,0.607143,0.0,0.0,0.0,0.0,0.0,0.0,0.0,0.0,0.0,-1,0,0.0,—,1,0,0,0,0,0,1
Wagner,Men's Basketball,0,0.0,0.0,0.0,0.0,0.0,0.0,0.0,0.0,0.0,0.0,0.0,0.0,0.0,0.0,0.0,0.0,0.0,0.0,0.0,0.0,0.0,0.0,0.0,0.0,0.0,0.0,0.571429,0.0,0.0,0.0,0.0,0.0,0.0,0.0,0.0,0.0,-1,0,0.0,—,1,0,0,0,0,0,1
FDU,Men's Basketball,0,0.0,0.0,0.0,0.0,0.0,0.0,0.0,0.0,0.0,0.0,0.0,0.0,0.0,0.0,0.0,0.0,0.0,0.0,0.0,0.0,0.0,0.0,0.0,0.0,0.0,0.0,0.714286,0.0,0.0,0.0,0.0,0.0,0.0,0.0,0.0,0.0,-1,0,0.0,—,1,0,0,0,0,0,1
Stonehill,Men's Basketball,0,0.0,0.0,0.0,0.0,0.0,0.0,0.0,0.0,0.0,0.0,0.0,0.0,0.0,0.0,0.0,0.0,0.0,0.0,0.0,0.0,0.0,0.0,0.0,0.0,0.0,0.0,0.714286,0.0,0.0,0.0,0.0,0.0,0.0,0.0,0.0,0.0,-1,0,0.0,—,1,0,0,0,0,0,1
Saint Francis,Men's Basketball,0,0.0,0.0,0.0,0.0,0.0,0.0,0.0,0.0,0.0,0.0,0.0,0.0,0.0,0.0,0.0,0.0,0.0,0.0,0.0,0.0,0.0,0.0,0.0,0.0,0.0,0.0,0.857143,0.0,0.0,0.0,0.0,0.0,0.0,0.0,0.0,0.0,-1,0,0.0,—,1,0,0,0,0,0,1
Chicago St.,Men's Basketball,0,0.0,0.0,0.0,0.0,0.0,0.0,0.0,0.0,0.0,0.0,0.0,0.0,0.0,0.0,0.0,0.0,0.0,0.0,0.0,0.0,0.0,0.0,0.0,0.0,0.0,0.0,0.857143,0.0,0.0,0.0,0.0,0.0,0.0,0.0,0.0,0.0,-1,0,0.0,—,1,0,0,0,0,0,1
Tennessee St.,Men's Basketball,0,0.0,0.0,0.0,0.0,0.0,0.0,0.0,0.0,0.0,0.0,0.0,0.0,0.0,0.0,0.0,0.0,0.0,0.0,0.0,0.0,0.0,0.0,0.0,0.0,0.0,0.0,0.321429,0.0,0.0,0.0,0.0,0.0,0.0,0.0,0.0,0.0,-1,0,0.0,—,1,0,0,0,0,0,1
Morehead St.,Men's Basketball,0,0.0,0.0,0.0,0.0,0.0,0.0,0.0,0.0,0.0,0.0,0.0,0.0,0.0,0.0,0.0,0.0,0.0,0.0,0.0,0.0,0.0,0.0,0.0,0.0,0.0,0.0,0.428571,0.0,0.0,0.0,0.0,0.0,0.0,0.0,0.0,0.0,-1,0,0.0,—,1,0,0,0,0,0,1
Southeast Mo. St.,Men's Basketball,0,0.0,0.0,0.0,0.0,0.0,0.0,0.0,0.0,0.0,0.0,0.0,0.0,0.0,0.0,0.0,0.0,0.0,0.0,0.0,0.0,0.0,0.0,0.0,0.0,0.0,0.0,0.428571,0.0,0.0,0.0,0.0,0.0,0.0,0.0,0.0,0.0,-1,0,0.0,—,1,0,0,0,0,0,1
UT Martin,Men's Basketball,0,0.0,0.0,0.0,0.0,0.0,0.0,0.0,0.0,0.0,0.0,0.0,0.0,0.0,0.0,0.0,0.0,0.0,0.0,0.0,0.0,0.0,0.0,0.0,0.0,0.0,0.0,0.357143,0.0,0.0,0.0,0.0,0.0,0.0,0.0,0.0,0.0,-1,0,0.0,—,1,0,0,0,0,0,1
SIUE,Men's Basketball,0,0.0,0.0,0.0,0.0,0.0,0.0,0.0,0.0,0.0,0.0,0.0,0.0,0.0,0.0,0.0,0.0,0.0,0.0,0.0,0.0,0.0,0.0,0.0,0.0,0.0,0.0,0.428571,0.0,0.0,0.0,0.0,0.0,0.0,0.0,0.0,0.0,-1,0,0.0,—,1,0,0,0,0,0,1
Lindenwood,Men's Basketball,0,0.0,0.0,0.0,0.0,0.0,0.0,0.0,0.0,0.0,0.0,0.0,0.0,0.0,0.0,0.0,0.0,0.0,0.0,0.0,0.0,0.0,0.0,0.0,0.0,0.0,0.0,0.5,0.0,0.0,0.0,0.0,0.0,0.0,0.0,0.0,0.0,-1,0,0.0,—,1,0,0,0,0,0,1
Little Rock,Men's Basketball,0,0.0,0.0,0.0,0.0,0.0,0.0,0.0,0.0,0.0,0.0,0.0,0.0,0.0,0.0,0.0,0.0,0.0,0.0,0.0,0.0,0.0,0.0,0.0,0.0,0.0,0.0,0.678571,0.0,0.0,0.0,0.0,0.0,0.0,0.0,0.0,0.0,-1,0,0.0,—,1,0,0,0,0,0,1
Tennessee Tech,Men's Basketball,0,0.0,0.0,0.0,0.0,0.0,0.0,0.0,0.0,0.0,0.0,0.0,0.0,0.0,0.0,0.0,0.0,0.0,0.0,0.0,0.0,0.0,0.0,0.0,0.0,0.0,0.0,0.642857,0.0,0.0,0.0,0.0,0.0,0.0,0.0,0.0,0.0,-1,0,0.0,—,1,0,0,0,0,0,1
Eastern Ill.,Men's Basketball,0,0.0,0.0,0.0,0.0,0.0,0.0,0.0,0.0,0.0,0.0,0.0,0.0,0.0,0.0,0.0,0.0,0.0,0.0,0.0,0.0,0.0,0.0,0.0,0.0,0.0,0.0,0.678571,0.0,0.0,0.0,0.0,0.0,0.0,0.0,0.0,0.0,-1,0,0.0,—,1,0,0,0,0,0,1
Southern Ind.,Men's Basketball,0,0.0,0.0,0.0,0.0,0.0,0.0,0.0,0.0,0.0,0.0,0.0,0.0,0.0,0.0,0.0,0.0,0.0,0.0,0.0,0.0,0.0,0.0,0.0,0.0,0.0,0.0,0.821429,0.0,0.0,0.0,0.0,0.0,0.0,0.0,0.0,0.0,-1,0,0.0,—,1,0,0,0,0,0,1
Western Ill.,Men's Basketball,0,0.0,0.0,0.0,0.0,0.0,0.0,0.0,0.0,0.0,0.0,0.0,0.0,0.0,0.0,0.0,0.0,0.0,0.0,0.0,0.0,0.0,0.0,0.0,0.0,0.0,0.0,0.928571,0.0,0.0,0.0,0.0,0.0,0.0,0.0,0.0,0.0,-1,0,0.0,—,1,0,0,0,0,0,1
Navy,Men's Basketball,0,0.0,0.0,0.0,0.0,0.0,0.0,0.0,0.0,0.0,0.0,0.0,0.0,0.0,0.0,0.0,0.0,0.0,0.0,0.0,0.0,0.0,0.0,0.0,0.0,0.0,0.0,0.214286,0.0,0.0,0.0,0.0,0.0,0.0,0.0,0.0,0.0,-1,0,0.0,—,1,0,0,0,0,0,1
Colgate,Men's Basketball,0,0.0,0.0,0.0,0.0,0.0,0.0,0.0,0.0,0.0,0.0,0.0,0.0,0.0,0.0,0.0,0.0,0.0,0.0,0.0,0.0,0.0,0.0,0.0,0.0,0.0,0.0,0.5,0.0,0.0,0.0,0.0,0.0,0.0,0.0,0.0,0.0,-1,0,0.0,—,1,0,0,0,0,0,1
Lehigh,Men's Basketball,0,0.0,0.0,0.0,0.0,0.0,0.0,0.0,0.0,0.0,0.0,0.0,0.0,0.0,0.0,0.0,0.0,0.0,0.0,0.0,0.0,0.0,0.0,0.0,0.0,0.0,0.0,0.571429,0.0,0.0,0.0,0.0,0.0,0.0,0.0,0.0,0.0,-1,0,0.0,—,1,0,0,0,0,0,1
Boston U.,Men's Basketball,0,0.0,0.0,0.0,0.0,0.0,0.0,0.0,0.0,0.0,0.0,0.0,0.0,0.0,0.0,0.0,0.0,0.0,0.0,0.0,0.0,0.0,0.0,0.0,0.0,0.0,0.0,0.571429,0.0,0.0,0.0,0.0,0.0,0.0,0.0,0.0,0.0,-1,0,0.0,—,1,0,0,0,0,0,1
American,Men's Basketball,0,0.0,0.0,0.0,0.0,0.0,0.0,0.0,0.0,0.0,0.0,0.0,0.0,0.0,0.0,0.0,0.0,0.0,0.0,0.0,0.0,0.0,0.0,0.0,0.0,0.0,0.0,0.535714,0.0,0.0,0.0,0.0,0.0,0.0,0.0,0.0,0.0,-1,0,0.0,—,1,0,0,0,0,0,1
Loyola Maryland,Men's Basketball,0,0.0,0.0,0.0,0.0,0.0,0.0,0.0,0.0,0.0,0.0,0.0,0.0,0.0,0.0,0.0,0.0,0.0,0.0,0.0,0.0,0.0,0.0,0.0,0.0,0.0,0.0,0.678571,0.0,0.0,0.0,0.0,0.0,0.0,0.0,0.0,0.0,-1,0,0.0,—,1,0,0,0,0,0,1
Lafayette,Men's Basketball,0,0.0,0.0,0.0,0.0,0.0,0.0,0.0,0.0,0.0,0.0,0.0,0.0,0.0,0.0,0.0,0.0,0.0,0.0,0.0,0.0,0.0,0.0,0.0,0.0,0.0,0.0,0.714286,0.0,0.0,0.0,0.0,0.0,0.0,0.0,0.0,0.0,-1,0,0.0,—,1,0,0,0,0,0,1
Bucknell,Men's Basketball,0,0.0,0.0,0.0,0.0,0.0,0.0,0.0,0.0,0.0,0.0,0.0,0.0,0.0,0.0,0.0,0.0,0.0,0.0,0.0,0.0,0.0,0.0,0.0,0.0,0.0,0.0,0.785714,0.0,0.0,0.0,0.0,0.0,0.0,0.0,0.0,0.0,-1,0,0.0,—,1,0,0,0,0,0,1
Army West Point,Men's Basketball,0,0.0,0.0,0.0,0.0,0.0,0.0,0.0,0.0,0.0,0.0,0.0,0.0,0.0,0.0,0.0,0.0,0.0,0.0,0.0,0.0,0.0,0.0,0.0,0.0,0.0,0.0,0.714286,0.0,0.0,0.0,0.0,0.0,0.0,0.0,0.0,0.0,-1,0,0.0,—,1,0,0,0,0,0,1
Holy Cross,Men's Basketball,0,0.0,0.0,0.0,0.0,0.0,0.0,0.0,0.0,0.0,0.0,0.0,0.0,0.0,0.0,0.0,0.0,0.0,0.0,0.0,0.0,0.0,0.0,0.0,0.0,0.0,0.0,0.75,0.0,0.0,0.0,0.0,0.0,0.0,0.0,0.0,0.0,-1,0,0.0,—,1,0,0,0,0,0,1
Florida,Men's Basketball,0,0.0,0.0,0.0,0.0,0.0,0.0,0.0,0.0,0.0,0.0,0.0,0.0,0.0,0.0,0.0,0.0,0.0,0.0,0.0,0.0,0.0,0.0,0.0,0.0,0.0,0.0,0.214286,0.0,0.0,0.0,0.0,0.0,0.0,0.0,0.0,0.0,-1,0,0.0,—,1,0,0,0,0,0,1
Alabama,Men's Basketball,0,0.0,0.0,0.0,0.0,0.0,0.0,0.0,0.0,0.0,0.0,0.0,0.0,0.0,0.0,0.0,0.0,0.0,0.0,0.0,0.0,0.0,0.0,0.0,0.0,0.0,0.0,0.25,0.0,0.0,0.0,0.0,0.0,0.0,0.0,0.0,0.0,-1,0,0.0,—,1,0,0,0,0,0,1
Arkansas,Men's Basketball,0,0.0,0.0,0.0,0.0,0.0,0.0,0.0,0.0,0.0,0.0,0.0,0.0,0.0,0.0,0.0,0.0,0.0,0.0,0.0,0.0,0.0,0.0,0.0,0.0,0.0,0.0,0.285714,0.0,0.0,0.0,0.0,0.0,0.0,0.0,0.0,0.0,-1,0,0.0,—,1,0,0,0,0,0,1
Missouri,Men's Basketball,0,0.0,0.0,0.0,0.0,0.0,0.0,0.0,0.0,0.0,0.0,0.0,0.0,0.0,0.0,0.0,0.0,0.0,0.0,0.0,0.0,0.0,0.0,0.0,0.0,0.0,0.0,0.321429,0.0,0.0,0.0,0.0,0.0,0.0,0.0,0.0,0.0,-1,0,0.0,—,1,0,0,0,0,0,1
Tennessee,Men's Basketball,0,0.0,0.0,0.0,0.0,0.0,0.0,0.0,0.0,0.0,0.0,0.0,0.0,0.0,0.0,0.0,0.0,0.0,0.0,0.0,0.0,0.0,0.0,0.0,0.0,0.0,0.0,0.321429,0.0,0.0,0.0,0.0,0.0,0.0,0.0,0.0,0.0,-1,0,0.0,—,1,0,0,0,0,0,1
Kentucky,Men's Basketball,0,0.0,0.0,0.0,0.0,0.0,0.0,0.0,0.0,0.0,0.0,0.0,0.0,0.0,0.0,0.0,0.0,0.0,0.0,0.0,0.0,0.0,0.0,0.0,0.0,0.0,0.0,0.357143,0.0,0.0,0.0,0.0,0.0,0.0,0.0,0.0,0.0,-1,0,0.0,—,1,0,0,0,0,0,1
Vanderbilt,Men's Basketball,0,0.0,0.0,0.0,0.0,0.0,0.0,0.0,0.0,0.0,0.0,0.0,0.0,0.0,0.0,0.0,0.0,0.0,0.0,0.0,0.0,0.0,0.0,0.0,0.0,0.0,0.0,0.25,0.0,0.0,0.0,0.0,0.0,0.0,0.0,0.0,0.0,-1,0,0.0,—,1,0,0,0,0,0,1
Texas A&M,Men's Basketball,0,0.0,0.0,0.0,0.0,0.0,0.0,0.0,0.0,0.0,0.0,0.0,0.0,0.0,0.0,0.0,0.0,0.0,0.0,0.0,0.0,0.0,0.0,0.0,0.0,0.0,0.0,0.357143,0.0,0.0,0.0,0.0,0.0,0.0,0.0,0.0,0.0,-1,0,0.0,—,1,0,0,0,0,0,1
Texas,Men's Basketball,0,0.0,0.0,0.0,0.0,0.0,0.0,0.0,0.0,0.0,0.0,0.0,0.0,0.0,0.0,0.0,0.0,0.0,0.0,0.0,0.0,0.0,0.0,0.0,0.0,0.0,0.0,0.392857,0.0,0.0,0.0,0.0,0.0,0.0,0.0,0.0,0.0,-1,0,0.0,—,1,0,0,0,0,0,1
Georgia,Men's Basketball,0,0.0,0.0,0.0,0.0,0.0,0.0,0.0,0.0,0.0,0.0,0.0,0.0,0.0,0.0,0.0,0.0,0.0,0.0,0.0,0.0,0.0,0.0,0.0,0.0,0.0,0.0,0.321429,0.0,0.0,0.0,0.0,0.0,0.0,0.0,0.0,0.0,-1,0,0.0,—,1,0,0,0,0,0,1
Auburn,Men's Basketball,0,0.0,0.0,0.0,0.0,0.0,0.0,0.0,0.0,0.0,0.0,0.0,0.0,0.0,0.0,0.0,0.0,0.0,0.0,0.0,0.0,0.0,0.0,0.0,0.0,0.0,0.0,0.5,0.0,0.0,0.0,0.0,0.0,0.0,0.0,0.0,0.0,-1,0,0.0,—,1,0,0,0,0,0,1
Oklahoma,Men's Basketball,0,0.0,0.0,0.0,0.0,0.0,0.0,0.0,0.0,0.0,0.0,0.0,0.0,0.0,0.0,0.0,0.0,0.0,0.0,0.0,0.0,0.0,0.0,0.0,0.0,0.0,0.0,0.5,0.0,0.0,0.0,0.0,0.0,0.0,0.0,0.0,0.0,-1,0,0.0,—,1,0,0,0,0,0,1
Mississippi St.,Men's Basketball,0,0.0,0.0,0.0,0.0,0.0,0.0,0.0,0.0,0.0,0.0,0.0,0.0,0.0,0.0,0.0,0.0,0.0,0.0,0.0,0.0,0.0,0.0,0.0,0.0,0.0,0.0,0.571429,0.0,0.0,0.0,0.0,0.0,0.0,0.0,0.0,0.0,-1,0,0.0,—,1,0,0,0,0,0,1
Ole Miss,Men's Basketball,0,0.0,0.0,0.0,0.0,0.0,0.0,0.0,0.0,0.0,0.0,0.0,0.0,0.0,0.0,0.0,0.0,0.0,0.0,0.0,0.0,0.0,0.0,0.0,0.0,0.0,0.0,0.607143,0.0,0.0,0.0,0.0,0.0,0.0,0.0,0.0,0.0,-1,0,0.0,—,1,0,0,0,0,0,1
LSU,Men's Basketball,0,0.0,0.0,0.0,0.0,0.0,0.0,0.0,0.0,0.0,0.0,0.0,0.0,0.0,0.0,0.0,0.0,0.0,0.0,0.0,0.0,0.0,0.0,0.0,0.0,0.0,0.0,0.5,0.0,0.0,0.0,0.0,0.0,0.0,0.0,0.0,0.0,-1,0,0.0,—,1,0,0,0,0,0,1
South Carolina,Men's Basketball,0,0.0,0.0,0.0,0.0,0.0,0.0,0.0,0.0,0.0,0.0,0.0,0.0,0.0,0.0,0.0,0.0,0.0,0.0,0.0,0.0,0.0,0.0,0.0,0.0,0.0,0.0,0.607143,0.0,0.0,0.0,0.0,0.0,0.0,0.0,0.0,0.0,-1,0,0.0,—,1,0,0,0,0,0,1
ETSU,Men's Basketball,0,0.0,0.0,0.0,0.0,0.0,0.0,0.0,0.0,0.0,0.0,0.0,0.0,0.0,0.0,0.0,0.0,0.0,0.0,0.0,0.0,0.0,0.0,0.0,0.0,0.0,0.0,0.357143,0.0,0.0,0.0,0.0,0.0,0.0,0.0,0.0,0.0,-1,0,0.0,—,1,0,0,0,0,0,1
Mercer,Men's Basketball,0,0.0,0.0,0.0,0.0,0.0,0.0,0.0,0.0,0.0,0.0,0.0,0.0,0.0,0.0,0.0,0.0,0.0,0.0,0.0,0.0,0.0,0.0,0.0,0.0,0.0,0.0,0.428571,0.0,0.0,0.0,0.0,0.0,0.0,0.0,0.0,0.0,-1,0,0.0,—,1,0,0,0,0,0,1
Wofford,Men's Basketball,0,0.0,0.0,0.0,0.0,0.0,0.0,0.0,0.0,0.0,0.0,0.0,0.0,0.0,0.0,0.0,0.0,0.0,0.0,0.0,0.0,0.0,0.0,0.0,0.0,0.0,0.0,0.428571,0.0,0.0,0.0,0.0,0.0,0.0,0.0,0.0,0.0,-1,0,0.0,—,1,0,0,0,0,0,1
Samford,Men's Basketball,0,0.0,0.0,0.0,0.0,0.0,0.0,0.0,0.0,0.0,0.0,0.0,0.0,0.0,0.0,0.0,0.0,0.0,0.0,0.0,0.0,0.0,0.0,0.0,0.0,0.0,0.0,0.464286,0.0,0.0,0.0,0.0,0.0,0.0,0.0,0.0,0.0,-1,0,0.0,—,1,0,0,0,0,0,1
Furman,Men's Basketball,0,0.0,0.0,0.0,0.0,0.0,0.0,0.0,0.0,0.0,0.0,0.0,0.0,0.0,0.0,0.0,0.0,0.0,0.0,0.0,0.0,0.0,0.0,0.0,0.0,0.0,0.0,0.428571,0.0,0.0,0.0,0.0,0.0,0.0,0.0,0.0,0.0,-1,0,0.0,—,1,0,0,0,0,0,1
Western Caro.,Men's Basketball,0,0.0,0.0,0.0,0.0,0.0,0.0,0.0,0.0,0.0,0.0,0.0,0.0,0.0,0.0,0.0,0.0,0.0,0.0,0.0,0.0,0.0,0.0,0.0,0.0,0.0,0.0,0.535714,0.0,0.0,0.0,0.0,0.0,0.0,0.0,0.0,0.0,-1,0,0.0,—,1,0,0,0,0,0,1
UNC Greensboro,Men's Basketball,0,0.0,0.0,0.0,0.0,0.0,0.0,0.0,0.0,0.0,0.0,0.0,0.0,0.0,0.0,0.0,0.0,0.0,0.0,0.0,0.0,0.0,0.0,0.0,0.0,0.0,0.0,0.642857,0.0,0.0,0.0,0.0,0.0,0.0,0.0,0.0,0.0,-1,0,0.0,—,1,0,0,0,0,0,1
Chattanooga,Men's Basketball,0,0.0,0.0,0.0,0.0,0.0,0.0,0.0,0.0,0.0,0.0,0.0,0.0,0.0,0.0,0.0,0.0,0.0,0.0,0.0,0.0,0.0,0.0,0.0,0.0,0.0,0.0,0.642857,0.0,0.0,0.0,0.0,0.0,0.0,0.0,0.0,0.0,-1,0,0.0,—,1,0,0,0,0,0,1
The Citadel,Men's Basketball,0,0.0,0.0,0.0,0.0,0.0,0.0,0.0,0.0,0.0,0.0,0.0,0.0,0.0,0.0,0.0,0.0,0.0,0.0,0.0,0.0,0.0,0.0,0.0,0.0,0.0,0.0,0.75,0.0,0.0,0.0,0.0,0.0,0.0,0.0,0.0,0.0,-1,0,0.0,—,1,0,0,0,0,0,1
VMI,Men's Basketball,0,0.0,0.0,0.0,0.0,0.0,0.0,0.0,0.0,0.0,0.0,0.0,0.0,0.0,0.0,0.0,0.0,0.0,0.0,0.0,0.0,0.0,0.0,0.0,0.0,0.0,0.0,0.892857,0.0,0.0,0.0,0.0,0.0,0.0,0.0,0.0,0.0,-1,0,0.0,—,1,0,0,0,0,0,1
SFA,Men's Basketball,0,0.0,0.0,0.0,0.0,0.0,0.0,0.0,0.0,0.0,0.0,0.0,0.0,0.0,0.0,0.0,0.0,0.0,0.0,0.0,0.0,0.0,0.0,0.0,0.0,0.0,0.0,0.142857,0.0,0.0,0.0,0.0,0.0,0.0,0.0,0.0,0.0,-1,0,0.0,—,1,0,0,0,0,0,1
McNeese,Men's Basketball,0,0.0,0.0,0.0,0.0,0.0,0.0,0.0,0.0,0.0,0.0,0.0,0.0,0.0,0.0,0.0,0.0,0.0,0.0,0.0,0.0,0.0,0.0,0.0,0.0,0.0,0.0,0.178571,0.0,0.0,0.0,0.0,0.0,0.0,0.0,0.0,0.0,-1,0,0.0,—,1,0,0,0,0,0,1
UTRGV,Men's Basketball,0,0.0,0.0,0.0,0.0,0.0,0.0,0.0,0.0,0.0,0.0,0.0,0.0,0.0,0.0,0.0,0.0,0.0,0.0,0.0,0.0,0.0,0.0,0.0,0.0,0.0,0.0,0.464286,0.0,0.0,0.0,0.0,0.0,0.0,0.0,0.0,0.0,-1,0,0.0,—,1,0,0,0,0,0,1
A&M-Corpus Christi,Men's Basketball,0,0.0,0.0,0.0,0.0,0.0,0.0,0.0,0.0,0.0,0.0,0.0,0.0,0.0,0.0,0.0,0.0,0.0,0.0,0.0,0.0,0.0,0.0,0.0,0.0,0.0,0.0,0.5,0.0,0.0,0.0,0.0,0.0,0.0,0.0,0.0,0.0,-1,0,0.0,—,1,0,0,0,0,0,1
New Orleans,Men's Basketball,0,0.0,0.0,0.0,0.0,0.0,0.0,0.0,0.0,0.0,0.0,0.0,0.0,0.0,0.0,0.0,0.0,0.0,0.0,0.0,0.0,0.0,0.0,0.0,0.0,0.0,0.0,0.571429,0.0,0.0,0.0,0.0,0.0,0.0,0.0,0.0,0.0,-1,0,0.0,—,1,0,0,0,0,0,1
Nicholls,Men's Basketball,0,0.0,0.0,0.0,0.0,0.0,0.0,0.0,0.0,0.0,0.0,0.0,0.0,0.0,0.0,0.0,0.0,0.0,0.0,0.0,0.0,0.0,0.0,0.0,0.0,0.0,0.0,0.607143,0.0,0.0,0.0,0.0,0.0,0.0,0.0,0.0,0.0,-1,0,0.0,—,1,0,0,0,0,0,1
Northwestern St.,Men's Basketball,0,0.0,0.0,0.0,0.0,0.0,0.0,0.0,0.0,0.0,0.0,0.0,0.0,0.0,0.0,0.0,0.0,0.0,0.0,0.0,0.0,0.0,0.0,0.0,0.0,0.0,0.0,0.714286,0.0,0.0,0.0,0.0,0.0,0.0,0.0,0.0,0.0,-1,0,0.0,—,1,0,0,0,0,0,1
UIW,Men's Basketball,0,0.0,0.0,0.0,0.0,0.0,0.0,0.0,0.0,0.0,0.0,0.0,0.0,0.0,0.0,0.0,0.0,0.0,0.0,0.0,0.0,0.0,0.0,0.0,0.0,0.0,0.0,0.642857,0.0,0.0,0.0,0.0,0.0,0.0,0.0,0.0,0.0,-1,0,0.0,—,1,0,0,0,0,0,1
Lamar University,Men's Basketball,0,0.0,0.0,0.0,0.0,0.0,0.0,0.0,0.0,0.0,0.0,0.0,0.0,0.0,0.0,0.0,0.0,0.0,0.0,0.0,0.0,0.0,0.0,0.0,0.0,0.0,0.0,0.642857,0.0,0.0,0.0,0.0,0.0,0.0,0.0,0.0,0.0,-1,0,0.0,—,1,0,0,0,0,0,1
Houston Christian,Men's Basketball,0,0.0,0.0,0.0,0.0,0.0,0.0,0.0,0.0,0.0,0.0,0.0,0.0,0.0,0.0,0.0,0.0,0.0,0.0,0.0,0.0,0.0,0.0,0.0,0.0,0.0,0.0,0.678571,0.0,0.0,0.0,0.0,0.0,0.0,0.0,0.0,0.0,-1,0,0.0,—,1,0,0,0,0,0,1
East Texas A&M,Men's Basketball,0,0.0,0.0,0.0,0.0,0.0,0.0,0.0,0.0,0.0,0.0,0.0,0.0,0.0,0.0,0.0,0.0,0.0,0.0,0.0,0.0,0.0,0.0,0.0,0.0,0.0,0.0,0.714286,0.0,0.0,0.0,0.0,0.0,0.0,0.0,0.0,0.0,-1,0,0.0,—,1,0,0,0,0,0,1
Southeastern La.,Men's Basketball,0,0.0,0.0,0.0,0.0,0.0,0.0,0.0,0.0,0.0,0.0,0.0,0.0,0.0,0.0,0.0,0.0,0.0,0.0,0.0,0.0,0.0,0.0,0.0,0.0,0.0,0.0,0.785714,0.0,0.0,0.0,0.0,0.0,0.0,0.0,0.0,0.0,-1,0,0.0,—,1,0,0,0,0,0,1
North Dakota St.,Men's Basketball,0,0.0,0.0,0.0,0.0,0.0,0.0,0.0,0.0,0.0,0.0,0.0,0.0,0.0,0.0,0.0,0.0,0.0,0.0,0.0,0.0,0.0,0.0,0.0,0.0,0.0,0.0,0.25,0.0,0.0,0.0,0.0,0.0,0.0,0.0,0.0,0.0,-1,0,0.0,—,1,0,0,0,0,0,1
St. Thomas (MN),Men's Basketball,0,0.0,0.0,0.0,0.0,0.0,0.0,0.0,0.0,0.0,0.0,0.0,0.0,0.0,0.0,0.0,0.0,0.0,0.0,0.0,0.0,0.0,0.0,0.0,0.0,0.0,0.0,0.285714,0.0,0.0,0.0,0.0,0.0,0.0,0.0,0.0,0.0,-1,0,0.0,—,1,0,0,0,0,0,1
North Dakota,Men's Basketball,0,0.0,0.0,0.0,0.0,0.0,0.0,0.0,0.0,0.0,0.0,0.0,0.0,0.0,0.0,0.0,0.0,0.0,0.0,0.0,0.0,0.0,0.0,0.0,0.0,0.0,0.0,0.571429,0.0,0.0,0.0,0.0,0.0,0.0,0.0,0.0,0.0,-1,0,0.0,—,1,0,0,0,0,0,1
South Dakota,Men's Basketball,0,0.0,0.0,0.0,0.0,0.0,0.0,0.0,0.0,0.0,0.0,0.0,0.0,0.0,0.0,0.0,0.0,0.0,0.0,0.0,0.0,0.0,0.0,0.0,0.0,0.0,0.0,0.535714,0.0,0.0,0.0,0.0,0.0,0.0,0.0,0.0,0.0,-1,0,0.0,—,1,0,0,0,0,0,1
Denver,Men's Basketball,0,0.0,0.0,0.0,0.0,0.0,0.0,0.0,0.0,0.0,0.0,0.0,0.0,0.0,0.0,0.0,0.0,0.0,0.0,0.0,0.0,0.0,0.0,0.0,0.0,0.0,0.0,0.571429,0.0,0.0,0.0,0.0,0.0,0.0,0.0,0.0,0.0,-1,0,0.0,—,1,0,0,0,0,0,1
Omaha,Men's Basketball,0,0.0,0.0,0.0,0.0,0.0,0.0,0.0,0.0,0.0,0.0,0.0,0.0,0.0,0.0,0.0,0.0,0.0,0.0,0.0,0.0,0.0,0.0,0.0,0.0,0.0,0.0,0.571429,0.0,0.0,0.0,0.0,0.0,0.0,0.0,0.0,0.0,-1,0,0.0,—,1,0,0,0,0,0,1
South Dakota St.,Men's Basketball,0,0.0,0.0,0.0,0.0,0.0,0.0,0.0,0.0,0.0,0.0,0.0,0.0,0.0,0.0,0.0,0.0,0.0,0.0,0.0,0.0,0.0,0.0,0.0,0.0,0.0,0.0,0.607143,0.0,0.0,0.0,0.0,0.0,0.0,0.0,0.0,0.0,-1,0,0.0,—,1,0,0,0,0,0,1
Oral Roberts,Men's Basketball,0,0.0,0.0,0.0,0.0,0.0,0.0,0.0,0.0,0.0,0.0,0.0,0.0,0.0,0.0,0.0,0.0,0.0,0.0,0.0,0.0,0.0,0.0,0.0,0.0,0.0,0.0,0.785714,0.0,0.0,0.0,0.0,0.0,0.0,0.0,0.0,0.0,-1,0,0.0,—,1,0,0,0,0,0,1
Kansas City,Men's Basketball,0,0.0,0.0,0.0,0.0,0.0,0.0,0.0,0.0,0.0,0.0,0.0,0.0,0.0,0.0,0.0,0.0,0.0,0.0,0.0,0.0,0.0,0.0,0.0,0.0,0.0,0.0,0.928571,0.0,0.0,0.0,0.0,0.0,0.0,0.0,0.0,0.0,-1,0,0.0,—,1,0,0,0,0,0,1
Troy,Men's Basketball,0,0.0,0.0,0.0,0.0,0.0,0.0,0.0,0.0,0.0,0.0,0.0,0.0,0.0,0.0,0.0,0.0,0.0,0.0,0.0,0.0,0.0,0.0,0.0,0.0,0.0,0.0,0.392857,0.0,0.0,0.0,0.0,0.0,0.0,0.0,0.0,0.0,-1,0,0.0,—,1,0,0,0,0,0,1
South Alabama,Men's Basketball,0,0.0,0.0,0.0,0.0,0.0,0.0,0.0,0.0,0.0,0.0,0.0,0.0,0.0,0.0,0.0,0.0,0.0,0.0,0.0,0.0,0.0,0.0,0.0,0.0,0.0,0.0,0.357143,0.0,0.0,0.0,0.0,0.0,0.0,0.0,0.0,0.0,-1,0,0.0,—,1,0,0,0,0,0,1
Arkansas St.,Men's Basketball,0,0.0,0.0,0.0,0.0,0.0,0.0,0.0,0.0,0.0,0.0,0.0,0.0,0.0,0.0,0.0,0.0,0.0,0.0,0.0,0.0,0.0,0.0,0.0,0.0,0.0,0.0,0.392857,0.0,0.0,0.0,0.0,0.0,0.0,0.0,0.0,0.0,-1,0,0.0,—,1,0,0,0,0,0,1
Marshall,Men's Basketball,0,0.0,0.0,0.0,0.0,0.0,0.0,0.0,0.0,0.0,0.0,0.0,0.0,0.0,0.0,0.0,0.0,0.0,0.0,0.0,0.0,0.0,0.0,0.0,0.0,0.0,0.0,0.428571,0.0,0.0,0.0,0.0,0.0,0.0,0.0,0.0,0.0,-1,0,0.0,—,1,0,0,0,0,0,1
Texas St.,Men's Basketball,0,0.0,0.0,0.0,0.0,0.0,0.0,0.0,0.0,0.0,0.0,0.0,0.0,0.0,0.0,0.0,0.0,0.0,0.0,0.0,0.0,0.0,0.0,0.0,0.0,0.0,0.0,0.428571,0.0,0.0,0.0,0.0,0.0,0.0,0.0,0.0,0.0,-1,0,0.0,—,1,0,0,0,0,0,1
Coastal Carolina,Men's Basketball,0,0.0,0.0,0.0,0.0,0.0,0.0,0.0,0.0,0.0,0.0,0.0,0.0,0.0,0.0,0.0,0.0,0.0,0.0,0.0,0.0,0.0,0.0,0.0,0.0,0.0,0.0,0.428571,0.0,0.0,0.0,0.0,0.0,0.0,0.0,0.0,0.0,-1,0,0.0,—,1,0,0,0,0,0,1
App State,Men's Basketball,0,0.0,0.0,0.0,0.0,0.0,0.0,0.0,0.0,0.0,0.0,0.0,0.0,0.0,0.0,0.0,0.0,0.0,0.0,0.0,0.0,0.0,0.0,0.0,0.0,0.0,0.0,0.428571,0.0,0.0,0.0,0.0,0.0,0.0,0.0,0.0,0.0,-1,0,0.0,—,1,0,0,0,0,0,1
James Madison,Men's Basketball,0,0.0,0.0,0.0,0.0,0.0,0.0,0.0,0.0,0.0,0.0,0.0,0.0,0.0,0.0,0.0,0.0,0.0,0.0,0.0,0.0,0.0,0.0,0.0,0.0,0.0,0.0,0.5,0.0,0.0,0.0,0.0,0.0,0.0,0.0,0.0,0.0,-1,0,0.0,—,1,0,0,0,0,0,1
Southern Miss.,Men's Basketball,0,0.0,0.0,0.0,0.0,0.0,0.0,0.0,0.0,0.0,0.0,0.0,0.0,0.0,0.0,0.0,0.0,0.0,0.0,0.0,0.0,0.0,0.0,0.0,0.0,0.0,0.0,0.535714,0.0,0.0,0.0,0.0,0.0,0.0,0.0,0.0,0.0,-1,0,0.0,—,1,0,0,0,0,0,1
Ga. Southern,Men's Basketball,0,0.0,0.0,0.0,0.0,0.0,0.0,0.0,0.0,0.0,0.0,0.0,0.0,0.0,0.0,0.0,0.0,0.0,0.0,0.0,0.0,0.0,0.0,0.0,0.0,0.0,0.0,0.535714,0.0,0.0,0.0,0.0,0.0,0.0,0.0,0.0,0.0,-1,0,0.0,—,1,0,0,0,0,0,1
Old Dominion,Men's Basketball,0,0.0,0.0,0.0,0.0,0.0,0.0,0.0,0.0,0.0,0.0,0.0,0.0,0.0,0.0,0.0,0.0,0.0,0.0,0.0,0.0,0.0,0.0,0.0,0.0,0.0,0.0,0.714286,0.0,0.0,0.0,0.0,0.0,0.0,0.0,0.0,0.0,-1,0,0.0,—,1,0,0,0,0,0,1
Georgia St.,Men's Basketball,0,0.0,0.0,0.0,0.0,0.0,0.0,0.0,0.0,0.0,0.0,0.0,0.0,0.0,0.0,0.0,0.0,0.0,0.0,0.0,0.0,0.0,0.0,0.0,0.0,0.0,0.0,0.75,0.0,0.0,0.0,0.0,0.0,0.0,0.0,0.0,0.0,-1,0,0.0,—,1,0,0,0,0,0,1
Louisiana,Men's Basketball,0,0.0,0.0,0.0,0.0,0.0,0.0,0.0,0.0,0.0,0.0,0.0,0.0,0.0,0.0,0.0,0.0,0.0,0.0,0.0,0.0,0.0,0.0,0.0,0.0,0.0,0.0,0.75,0.0,0.0,0.0,0.0,0.0,0.0,0.0,0.0,0.0,-1,0,0.0,—,1,0,0,0,0,0,1
ULM,Men's Basketball,0,0.0,0.0,0.0,0.0,0.0,0.0,0.0,0.0,0.0,0.0,0.0,0.0,0.0,0.0,0.0,0.0,0.0,0.0,0.0,0.0,0.0,0.0,0.0,0.0,0.0,0.0,0.964286,0.0,0.0,0.0,0.0,0.0,0.0,0.0,0.0,0.0,-1,0,0.0,—,1,0,0,0,0,0,1
Bethune-Cookman,Men's Basketball,0,0.0,0.0,0.0,0.0,0.0,0.0,0.0,0.0,0.0,0.0,0.0,0.0,0.0,0.0,0.0,0.0,0.0,0.0,0.0,0.0,0.0,0.0,0.0,0.0,0.0,0.0,0.464286,0.0,0.0,0.0,0.0,0.0,0.0,0.0,0.0,0.0,-1,0,0.0,—,1,0,0,0,0,0,1
Florida A&M,Men's Basketball,0,0.0,0.0,0.0,0.0,0.0,0.0,0.0,0.0,0.0,0.0,0.0,0.0,0.0,0.0,0.0,0.0,0.0,0.0,0.0,0.0,0.0,0.0,0.0,0.0,0.0,0.0,0.535714,0.0,0.0,0.0,0.0,0.0,0.0,0.0,0.0,0.0,-1,0,0.0,—,1,0,0,0,0,0,1
Texas Southern,Men's Basketball,0,0.0,0.0,0.0,0.0,0.0,0.0,0.0,0.0,0.0,0.0,0.0,0.0,0.0,0.0,0.0,0.0,0.0,0.0,0.0,0.0,0.0,0.0,0.0,0.0,0.0,0.0,0.571429,0.0,0.0,0.0,0.0,0.0,0.0,0.0,0.0,0.0,-1,0,0.0,—,1,0,0,0,0,0,1
Alabama A&M,Men's Basketball,0,0.0,0.0,0.0,0.0,0.0,0.0,0.0,0.0,0.0,0.0,0.0,0.0,0.0,0.0,0.0,0.0,0.0,0.0,0.0,0.0,0.0,0.0,0.0,0.0,0.0,0.0,0.464286,0.0,0.0,0.0,0.0,0.0,0.0,0.0,0.0,0.0,-1,0,0.0,—,1,0,0,0,0,0,1
Southern U.,Men's Basketball,0,0.0,0.0,0.0,0.0,0.0,0.0,0.0,0.0,0.0,0.0,0.0,0.0,0.0,0.0,0.0,0.0,0.0,0.0,0.0,0.0,0.0,0.0,0.0,0.0,0.0,0.0,0.571429,0.0,0.0,0.0,0.0,0.0,0.0,0.0,0.0,0.0,-1,0,0.0,—,1,0,0,0,0,0,1
Ark.-Pine Bluff,Men's Basketball,0,0.0,0.0,0.0,0.0,0.0,0.0,0.0,0.0,0.0,0.0,0.0,0.0,0.0,0.0,0.0,0.0,0.0,0.0,0.0,0.0,0.0,0.0,0.0,0.0,0.0,0.0,0.607143,0.0,0.0,0.0,0.0,0.0,0.0,0.0,0.0,0.0,-1,0,0.0,—,1,0,0,0,0,0,1
Jackson St.,Men's Basketball,0,0.0,0.0,0.0,0.0,0.0,0.0,0.0,0.0,0.0,0.0,0.0,0.0,0.0,0.0,0.0,0.0,0.0,0.0,0.0,0.0,0.0,0.0,0.0,0.0,0.0,0.0,0.714286,0.0,0.0,0.0,0.0,0.0,0.0,0.0,0.0,0.0,-1,0,0.0,—,1,0,0,0,0,0,1
Prairie View,Men's Basketball,0,0.0,0.0,0.0,0.0,0.0,0.0,0.0,0.0,0.0,0.0,0.0,0.0,0.0,0.0,0.0,0.0,0.0,0.0,0.0,0.0,0.0,0.0,0.0,0.0,0.0,0.0,0.607143,0.0,0.0,0.0,0.0,0.0,0.0,0.0,0.0,0.0,-1,0,0.0,—,1,0,0,0,0,0,1
Alabama St.,Men's Basketball,0,0.0,0.0,0.0,0.0,0.0,0.0,0.0,0.0,0.0,0.0,0.0,0.0,0.0,0.0,0.0,0.0,0.0,0.0,0.0,0.0,0.0,0.0,0.0,0.0,0.0,0.0,0.678571,0.0,0.0,0.0,0.0,0.0,0.0,0.0,0.0,0.0,-1,0,0.0,—,1,0,0,0,0,0,1
Grambling,Men's Basketball,0,0.0,0.0,0.0,0.0,0.0,0.0,0.0,0.0,0.0,0.0,0.0,0.0,0.0,0.0,0.0,0.0,0.0,0.0,0.0,0.0,0.0,0.0,0.0,0.0,0.0,0.0,0.607143,0.0,0.0,0.0,0.0,0.0,0.0,0.0,0.0,0.0,-1,0,0.0,—,1,0,0,0,0,0,1
Alcorn,Men's Basketball,0,0.0,0.0,0.0,0.0,0.0,0.0,0.0,0.0,0.0,0.0,0.0,0.0,0.0,0.0,0.0,0.0,0.0,0.0,0.0,0.0,0.0,0.0,0.0,0.0,0.0,0.0,0.75,0.0,0.0,0.0,0.0,0.0,0.0,0.0,0.0,0.0,-1,0,0.0,—,1,0,0,0,0,0,1
Mississippi Val.,Men's Basketball,0,0.0,0.0,0.0,0.0,0.0,0.0,0.0,0.0,0.0,0.0,0.0,0.0,0.0,0.0,0.0,0.0,0.0,0.0,0.0,0.0,0.0,0.0,0.0,0.0,0.0,0.0,0.964286,0.0,0.0,0.0,0.0,0.0,0.0,0.0,0.0,0.0,-1,0,0.0,—,1,0,0,0,0,0,1
Utah Valley,Men's Basketball,0,0.0,0.0,0.0,0.0,0.0,0.0,0.0,0.0,0.0,0.0,0.0,0.0,0.0,0.0,0.0,0.0,0.0,0.0,0.0,0.0,0.0,0.0,0.0,0.0,0.0,0.0,0.25,0.0,0.0,0.0,0.0,0.0,0.0,0.0,0.0,0.0,-1,0,0.0,—,1,0,0,0,0,0,1
California Baptist,Men's Basketball,0,0.0,0.0,0.0,0.0,0.0,0.0,0.0,0.0,0.0,0.0,0.0,0.0,0.0,0.0,0.0,0.0,0.0,0.0,0.0,0.0,0.0,0.0,0.0,0.0,0.0,0.0,0.285714,0.0,0.0,0.0,0.0,0.0,0.0,0.0,0.0,0.0,-1,0,0.0,—,1,0,0,0,0,0,1
Utah Tech,Men's Basketball,0,0.0,0.0,0.0,0.0,0.0,0.0,0.0,0.0,0.0,0.0,0.0,0.0,0.0,0.0,0.0,0.0,0.0,0.0,0.0,0.0,0.0,0.0,0.0,0.0,0.0,0.0,0.464286,0.0,0.0,0.0,0.0,0.0,0.0,0.0,0.0,0.0,-1,0,0.0,—,1,0,0,0,0,0,1
UT Arlington,Men's Basketball,0,0.0,0.0,0.0,0.0,0.0,0.0,0.0,0.0,0.0,0.0,0.0,0.0,0.0,0.0,0.0,0.0,0.0,0.0,0.0,0.0,0.0,0.0,0.0,0.0,0.0,0.0,0.464286,0.0,0.0,0.0,0.0,0.0,0.0,0.0,0.0,0.0,-1,0,0.0,—,1,0,0,0,0,0,1
Southern Utah,Men's Basketball,0,0.0,0.0,0.0,0.0,0.0,0.0,0.0,0.0,0.0,0.0,0.0,0.0,0.0,0.0,0.0,0.0,0.0,0.0,0.0,0.0,0.0,0.0,0.0,0.0,0.0,0.0,0.678571,0.0,0.0,0.0,0.0,0.0,0.0,0.0,0.0,0.0,-1,0,0.0,—,1,0,0,0,0,0,1
Abilene Christian,Men's Basketball,0,0.0,0.0,0.0,0.0,0.0,0.0,0.0,0.0,0.0,0.0,0.0,0.0,0.0,0.0,0.0,0.0,0.0,0.0,0.0,0.0,0.0,0.0,0.0,0.0,0.0,0.0,0.571429,0.0,0.0,0.0,0.0,0.0,0.0,0.0,0.0,0.0,-1,0,0.0,—,1,0,0,0,0,0,1
Tarleton St.,Men's Basketball,0,0.0,0.0,0.0,0.0,0.0,0.0,0.0,0.0,0.0,0.0,0.0,0.0,0.0,0.0,0.0,0.0,0.0,0.0,0.0,0.0,0.0,0.0,0.0,0.0,0.0,0.0,0.571429,0.0,0.0,0.0,0.0,0.0,0.0,0.0,0.0,0.0,-1,0,0.0,—,1,0,0,0,0,0,1
Gonzaga,Men's Basketball,0,0.0,0.0,0.0,0.0,0.0,0.0,0.0,0.0,0.0,0.0,0.0,0.0,0.0,0.0,0.0,0.0,0.0,0.0,0.0,0.0,0.0,0.0,0.0,0.0,0.0,0.0,0.107143,0.0,0.0,0.0,0.0,0.0,0.0,0.0,0.0,0.0,-1,0,0.0,—,1,0,0,0,0,0,1
Saint Mary's (CA),Men's Basketball,0,0.0,0.0,0.0,0.0,0.0,0.0,0.0,0.0,0.0,0.0,0.0,0.0,0.0,0.0,0.0,0.0,0.0,0.0,0.0,0.0,0.0,0.0,0.0,0.0,0.0,0.0,0.142857,0.0,0.0,0.0,0.0,0.0,0.0,0.0,0.0,0.0,-1,0,0.0,—,1,0,0,0,0,0,1
Santa Clara,Men's Basketball,0,0.0,0.0,0.0,0.0,0.0,0.0,0.0,0.0,0.0,0.0,0.0,0.0,0.0,0.0,0.0,0.0,0.0,0.0,0.0,0.0,0.0,0.0,0.0,0.0,0.0,0.0,0.25,0.0,0.0,0.0,0.0,0.0,0.0,0.0,0.0,0.0,-1,0,0.0,—,1,0,0,0,0,0,1
Oregon St.,Men's Basketball,0,0.0,0.0,0.0,0.0,0.0,0.0,0.0,0.0,0.0,0.0,0.0,0.0,0.0,0.0,0.0,0.0,0.0,0.0,0.0,0.0,0.0,0.0,0.0,0.0,0.0,0.0,0.535714,0.0,0.0,0.0,0.0,0.0,0.0,0.0,0.0,0.0,-1,0,0.0,—,1,0,0,0,0,0,1
Seattle U,Men's Basketball,0,0.0,0.0,0.0,0.0,0.0,0.0,0.0,0.0,0.0,0.0,0.0,0.0,0.0,0.0,0.0,0.0,0.0,0.0,0.0,0.0,0.0,0.0,0.0,0.0,0.0,0.0,0.428571,0.0,0.0,0.0,0.0,0.0,0.0,0.0,0.0,0.0,-1,0,0.0,—,1,0,0,0,0,0,1
Pacific,Men's Basketball,0,0.0,0.0,0.0,0.0,0.0,0.0,0.0,0.0,0.0,0.0,0.0,0.0,0.0,0.0,0.0,0.0,0.0,0.0,0.0,0.0,0.0,0.0,0.0,0.0,0.0,0.0,0.5,0.0,0.0,0.0,0.0,0.0,0.0,0.0,0.0,0.0,-1,0,0.0,—,1,0,0,0,0,0,1
San Francisco,Men's Basketball,0,0.0,0.0,0.0,0.0,0.0,0.0,0.0,0.0,0.0,0.0,0.0,0.0,0.0,0.0,0.0,0.0,0.0,0.0,0.0,0.0,0.0,0.0,0.0,0.0,0.0,0.0,0.535714,0.0,0.0,0.0,0.0,0.0,0.0,0.0,0.0,0.0,-1,0,0.0,—,1,0,0,0,0,0,1
Washington St.,Men's Basketball,0,0.0,0.0,0.0,0.0,0.0,0.0,0.0,0.0,0.0,0.0,0.0,0.0,0.0,0.0,0.0,0.0,0.0,0.0,0.0,0.0,0.0,0.0,0.0,0.0,0.0,0.0,0.678571,0.0,0.0,0.0,0.0,0.0,0.0,0.0,0.0,0.0,-1,0,0.0,—,1,0,0,0,0,0,1
LMU (CA),Men's Basketball,0,0.0,0.0,0.0,0.0,0.0,0.0,0.0,0.0,0.0,0.0,0.0,0.0,0.0,0.0,0.0,0.0,0.0,0.0,0.0,0.0,0.0,0.0,0.0,0.0,0.0,0.0,0.571429,0.0,0.0,0.0,0.0,0.0,0.0,0.0,0.0,0.0,-1,0,0.0,—,1,0,0,0,0,0,1
Portland,Men's Basketball,0,0.0,0.0,0.0,0.0,0.0,0.0,0.0,0.0,0.0,0.0,0.0,0.0,0.0,0.0,0.0,0.0,0.0,0.0,0.0,0.0,0.0,0.0,0.0,0.0,0.0,0.0,0.642857,0.0,0.0,0.0,0.0,0.0,0.0,0.0,0.0,0.0,-1,0,0.0,—,1,0,0,0,0,0,1
San Diego,Men's Basketball,0,0.0,0.0,0.0,0.0,0.0,0.0,0.0,0.0,0.0,0.0,0.0,0.0,0.0,0.0,0.0,0.0,0.0,0.0,0.0,0.0,0.0,0.0,0.0,0.0,0.0,0.0,0.714286,0.0,0.0,0.0,0.0,0.0,0.0,0.0,0.0,0.0,-1,0,0.0,—,1,0,0,0,0,0,1
Pepperdine,Men's Basketball,0,0.0,0.0,0.0,0.0,0.0,0.0,0.0,0.0,0.0,0.0,0.0,0.0,0.0,0.0,0.0,0.0,0.0,0.0,0.0,0.0,0.0,0.0,0.0,0.0,0.0,0.0,0.785714,0.0,0.0,0.0,0.0,0.0,0.0,0.0,0.0,0.0,-1,0,0.0,—,1,0,0,0,0,0,1
