name,conference,power_conf,norm_win_pct,norm_net_rank,norm_trank,norm_barthag,norm_adj_oe,norm_adj_de,norm_adj_margin,norm_adj_tempo,norm_sos,norm_elite_sos,norm_efg_pct,norm_efg_d,norm_tov_pct,norm_tov_d,norm_orb_pct,norm_drb_pct,norm_ft_rate,norm_ft_rate_d,norm_two_pt_pct,norm_three_pt_pct,norm_three_pt_d,norm_blk_pct,norm_stl_pct,norm_avg_hgt,norm_experience,norm_conf_wins,norm_conf_losses,norm_wins,norm_losses,norm_prob_r64,norm_prob_r32,norm_prob_s16,norm_prob_e8,norm_prob_f4,norm_prob_championship,norm_prob_champion,target_seed,target_in_tourney,target_prob_champion,target_region,conf_Men's_Basketball,region_East,region_West,region_South,region_Midwest,region_Play_in,region_—
Duke,Men's Basketball,0,0.0,0.0,0.0,0.0,0.0,0.0,0.0,0.0,0.0,0.0,0.0,0.0,0.0,0.0,0.0,0.0,0.0,0.0,0.0,0.0,0.0,0.0,0.0,0.0,0.0,0.0,0.035714,0.0,0.0,0.994313,0.957486,0.85567,0.809211,0.686747,0.530612,0.530612,1,1,0.013,East,1,1,0,0,0,0,0
Virginia,Men's Basketball,0,0.0,0.0,0.0,0.0,0.0,0.0,0.0,0.0,0.0,0.0,0.0,0.0,0.0,0.0,0.0,0.0,0.0,0.0,0.0,0.0,0.0,0.0,0.0,0.0,0.0,0.0,0.142857,0.0,0.0,0.91564,0.90573,0.824742,0.769737,0.60241,0.469388,0.469388,1,1,0.0115,West,1,0,1,0,0,0,0
Miami (FL),Men's Basketball,0,0.0,0.0,0.0,0.0,0.0,0.0,0.0,0.0,0.0,0.0,0.0,0.0,0.0,0.0,0.0,0.0,0.0,0.0,0.0,0.0,0.0,0.0,0.0,0.0,0.0,0.0,0.25,0.0,0.0,0.91564,0.922366,0.948454,0.881579,0.795181,0.693878,0.693878,1,1,0.017,South,1,0,0,1,0,0,0
North Carolina,Men's Basketball,0,0.0,0.0,0.0,0.0,0.0,0.0,0.0,0.0,0.0,0.0,0.0,0.0,0.0,0.0,0.0,0.0,0.0,0.0,0.0,0.0,0.0,0.0,0.0,0.0,0.0,0.0,0.25,0.0,0.0,0.946919,0.900185,0.862543,0.782895,0.783133,0.653061,0.653061,1,1,0.016,Midwest,1,0,0,0,1,0,0
Clemson,Men's Basketball,0,0.0,0.0,0.0,0.0,0.0,0.0,0.0,0.0,0.0,0.0,0.0,0.0,0.0,0.0,0.0,0.0,0.0,0.0,0.0,0.0,0.0,0.0,0.0,0.0,0.0,0.0,0.321429,0.0,0.0,0.901422,0.874307,0.786942,0.730263,0.566265,0.510204,0.510204,2,1,0.0125,East,1,1,0,0,0,0,0
Louisville,Men's Basketball,0,0.0,0.0,0.0,0.0,0.0,0.0,0.0,0.0,0.0,0.0,0.0,0.0,0.0,0.0,0.0,0.0,0.0,0.0,0.0,0.0,0.0,0.0,0.0,0.0,0.0,0.0,0.321429,0.0,0.0,0.980095,0.96488,0.965636,0.881579,0.795181,0.836735,0.836735,2,1,0.0205,West,1,0,1,0,0,0,0
NC State,Men's Basketball,0,0.0,0.0,0.0,0.0,0.0,0.0,0.0,0.0,0.0,0.0,0.0,0.0,0.0,0.0,0.0,0.0,0.0,0.0,0.0,0.0,0.0,0.0,0.0,0.0,0.0,0.0,0.428571,0.0,0.0,0.980095,0.942699,0.914089,0.921053,1.0,0.77551,0.77551,2,1,0.019,South,1,0,0,1,0,0,0
Florida St.,Men's Basketball,0,0.0,0.0,0.0,0.0,0.0,0.0,0.0,0.0,0.0,0.0,0.0,0.0,0.0,0.0,0.0,0.0,0.0,0.0,0.0,0.0,0.0,0.0,0.0,0.0,0.0,0.0,0.464286,0.0,0.0,0.948815,0.926063,0.848797,0.855263,0.698795,0.489796,0.489796,2,1,0.012,Midwest,1,0,0,0,1,0,0
California,Men's Basketball,0,0.0,0.0,0.0,0.0,0.0,0.0,0.0,0.0,0.0,0.0,0.0,0.0,0.0,0.0,0.0,0.0,0.0,0.0,0.0,0.0,0.0,0.0,0.0,0.0,0.0,0.0,0.357143,0.0,0.0,0.918483,0.89464,0.783505,0.796053,0.698795,0.632653,0.632653,3,1,0.0155,East,1,1,0,0,0,0,0
Stanford,Men's Basketball,0,0.0,0.0,0.0,0.0,0.0,0.0,0.0,0.0,0.0,0.0,0.0,0.0,0.0,0.0,0.0,0.0,0.0,0.0,0.0,0.0,0.0,0.0,0.0,0.0,0.0,0.0,0.392857,0.0,0.0,0.969668,0.927911,0.845361,0.888158,0.86747,0.714286,0.714286,3,1,0.0175,West,1,0,1,0,0,0,0
Virginia Tech,Men's Basketball,0,0.0,0.0,0.0,0.0,0.0,0.0,0.0,0.0,0.0,0.0,0.0,0.0,0.0,0.0,0.0,0.0,0.0,0.0,0.0,0.0,0.0,0.0,0.0,0.0,0.0,0.0,0.392857,0.0,0.0,0.931754,0.90573,0.920962,0.901316,0.807229,0.714286,0.714286,3,1,0.0175,South,1,0,0,1,0,0,0
SMU,Men's Basketball,0,0.0,0.0,0.0,0.0,0.0,0.0,0.0,0.0,0.0,0.0,0.0,0.0,0.0,0.0,0.0,0.0,0.0,0.0,0.0,0.0,0.0,0.0,0.0,0.0,0.0,0.0,0.428571,0.0,0.0,0.949763,0.918669,0.776632,0.677632,0.662651,0.530612,0.530612,3,1,0.013,Midwest,1,0,0,0,1,0,0
Wake Forest,Men's Basketball,0,0.0,0.0,0.0,0.0,0.0,0.0,0.0,0.0,0.0,0.0,0.0,0.0,0.0,0.0,0.0,0.0,0.0,0.0,0.0,0.0,0.0,0.0,0.0,0.0,0.0,0.0,0.535714,0.0,0.0,0.977251,0.970425,0.969072,1.0,0.987952,1.0,1.0,4,1,0.0245,East,1,1,0,0,0,0,0
Syracuse,Men's Basketball,0,0.0,0.0,0.0,0.0,0.0,0.0,0.0,0.0,0.0,0.0,0.0,0.0,0.0,0.0,0.0,0.0,0.0,0.0,0.0,0.0,0.0,0.0,0.0,0.0,0.0,0.0,0.535714,0.0,0.0,0.926066,0.898336,0.838488,0.776316,0.722892,0.55102,0.55102,4,1,0.0135,West,1,0,1,0,0,0,0
Pittsburgh,Men's Basketball,0,0.0,0.0,0.0,0.0,0.0,0.0,0.0,0.0,0.0,0.0,0.0,0.0,0.0,0.0,0.0,0.0,0.0,0.0,0.0,0.0,0.0,0.0,0.0,0.0,0.0,0.0,0.642857,0.0,0.0,0.963981,0.926063,0.845361,0.802632,0.746988,0.632653,0.632653,4,1,0.0155,South,1,0,0,1,0,0,0
Notre Dame,Men's Basketball,0,0.0,0.0,0.0,0.0,0.0,0.0,0.0,0.0,0.0,0.0,0.0,0.0,0.0,0.0,0.0,0.0,0.0,0.0,0.0,0.0,0.0,0.0,0.0,0.0,0.0,0.0,0.571429,0.0,0.0,0.945972,0.951941,0.917526,0.901316,0.722892,0.55102,0.55102,4,1,0.0135,Midwest,1,0,0,0,1,0,0
Boston College,Men's Basketball,0,0.0,0.0,0.0,0.0,0.0,0.0,0.0,0.0,0.0,0.0,0.0,0.0,0.0,0.0,0.0,0.0,0.0,0.0,0.0,0.0,0.0,0.0,0.0,0.0,0.0,0.0,0.642857,0.0,0.0,0.934597,0.935305,0.869416,0.914474,0.975904,0.959184,0.959184,5,1,0.0235,East,1,1,0,0,0,0,0
Georgia Tech,Men's Basketball,0,0.0,0.0,0.0,0.0,0.0,0.0,0.0,0.0,0.0,0.0,0.0,0.0,0.0,0.0,0.0,0.0,0.0,0.0,0.0,0.0,0.0,0.0,0.0,0.0,0.0,0.0,0.642857,0.0,0.0,0.965877,0.966728,0.917526,0.782895,0.638554,0.55102,0.55102,5,1,0.0135,West,1,0,1,0,0,0,0
UMBC,Men's Basketball,0,0.0,0.0,0.0,0.0,0.0,0.0,0.0,0.0,0.0,0.0,0.0,0.0,0.0,0.0,0.0,0.0,0.0,0.0,0.0,0.0,0.0,0.0,0.0,0.0,0.0,0.0,0.25,0.0,0.0,0.945024,0.900185,0.790378,0.717105,0.650602,0.55102,0.55102,5,1,0.0135,South,1,0,0,1,0,0,0
Vermont,Men's Basketball,0,0.0,0.0,0.0,0.0,0.0,0.0,0.0,0.0,0.0,0.0,0.0,0.0,0.0,0.0,0.0,0.0,0.0,0.0,0.0,0.0,0.0,0.0,0.0,0.0,0.0,0.0,0.357143,0.0,0.0,0.912796,0.911275,0.828179,0.717105,0.60241,0.55102,0.55102,5,1,0.0135,Midwest,1,0,0,0,1,0,0
NJIT,Men's Basketball,0,0.0,0.0,0.0,0.0,0.0,0.0,0.0,0.0,0.0,0.0,0.0,0.0,0.0,0.0,0.0,0.0,0.0,0.0,0.0,0.0,0.0,0.0,0.0,0.0,0.0,0.0,0.535714,0.0,0.0,0.961137,0.955638,0.838488,0.815789,0.722892,0.632653,0.632653,6,1,0.0155,East,1,1,0,0,0,0,0
UMass Lowell,Men's Basketball,0,0.0,0.0,0.0,0.0,0.0,0.0,0.0,0.0,0.0,0.0,0.0,0.0,0.0,0.0,0.0,0.0,0.0,0.0,0.0,0.0,0.0,0.0,0.0,0.0,0.0,0.0,0.571429,0.0,0.0,0.929858,0.920518,0.786942,0.796053,0.73494,0.653061,0.653061,6,1,0.016,West,1,0,1,0,0,0,0
UAlbany,Men's Basketball,0,0.0,0.0,0.0,0.0,0.0,0.0,0.0,0.0,0.0,0.0,0.0,0.0,0.0,0.0,0.0,0.0,0.0,0.0,0.0,0.0,0.0,0.0,0.0,0.0,0.0,0.0,0.678571,0.0,0.0,0.950711,0.92976,0.769759,0.769737,0.759036,0.612245,0.612245,6,1,0.015,South,1,0,0,1,0,0,0
Maine,Men's Basketball,0,0.0,0.0,0.0,0.0,0.0,0.0,0.0,0.0,0.0,0.0,0.0,0.0,0.0,0.0,0.0,0.0,0.0,0.0,0.0,0.0,0.0,0.0,0.0,0.0,0.0,0.0,0.785714,0.0,0.0,0.982938,0.957486,0.90378,0.861842,0.759036,0.693878,0.693878,6,1,0.017,Midwest,1,0,0,0,1,0,0
New Hampshire,Men's Basketball,0,0.0,0.0,0.0,0.0,0.0,0.0,0.0,0.0,0.0,0.0,0.0,0.0,0.0,0.0,0.0,0.0,0.0,0.0,0.0,0.0,0.0,0.0,0.0,0.0,0.0,0.0,0.678571,0.0,0.0,0.982938,0.922366,0.914089,0.907895,0.855422,0.591837,0.591837,7,1,0.0145,East,1,1,0,0,0,0,0
Bryant,Men's Basketball,0,0.0,0.0,0.0,0.0,0.0,0.0,0.0,0.0,0.0,0.0,0.0,0.0,0.0,0.0,0.0,0.0,0.0,0.0,0.0,0.0,0.0,0.0,0.0,0.0,0.0,0.0,0.714286,0.0,0.0,0.948815,0.878004,0.824742,0.763158,0.73494,0.55102,0.55102,7,1,0.0135,West,1,0,1,0,0,0,0
Binghamton,Men's Basketball,0,0.0,0.0,0.0,0.0,0.0,0.0,0.0,0.0,0.0,0.0,0.0,0.0,0.0,0.0,0.0,0.0,0.0,0.0,0.0,0.0,0.0,0.0,0.0,0.0,0.0,0.0,0.75,0.0,0.0,0.922275,0.900185,0.814433,0.861842,0.698795,0.571429,0.571429,7,1,0.014,South,1,0,0,1,0,0,0
South Fla.,Men's Basketball,0,0.0,0.0,0.0,0.0,0.0,0.0,0.0,0.0,0.0,0.0,0.0,0.0,0.0,0.0,0.0,0.0,0.0,0.0,0.0,0.0,0.0,0.0,0.0,0.0,0.0,0.0,0.25,0.0,0.0,0.969668,0.914972,0.890034,0.822368,0.746988,0.693878,0.693878,7,1,0.017,Midwest,1,0,0,0,1,0,0
Tulsa,Men's Basketball,0,0.0,0.0,0.0,0.0,0.0,0.0,0.0,0.0,0.0,0.0,0.0,0.0,0.0,0.0,0.0,0.0,0.0,0.0,0.0,0.0,0.0,0.0,0.0,0.0,0.0,0.0,0.214286,0.0,0.0,0.912796,0.883549,0.85567,0.809211,0.73494,0.755102,0.755102,8,1,0.0185,East,1,1,0,0,0,0,0
Wichita St.,Men's Basketball,0,0.0,0.0,0.0,0.0,0.0,0.0,0.0,0.0,0.0,0.0,0.0,0.0,0.0,0.0,0.0,0.0,0.0,0.0,0.0,0.0,0.0,0.0,0.0,0.0,0.0,0.0,0.357143,0.0,0.0,0.946919,0.931608,0.869416,0.815789,0.722892,0.591837,0.591837,8,1,0.0145,West,1,0,1,0,0,0,0
UAB,Men's Basketball,0,0.0,0.0,0.0,0.0,0.0,0.0,0.0,0.0,0.0,0.0,0.0,0.0,0.0,0.0,0.0,0.0,0.0,0.0,0.0,0.0,0.0,0.0,0.0,0.0,0.0,0.0,0.357143,0.0,0.0,0.97346,0.966728,0.869416,0.789474,0.638554,0.612245,0.612245,8,1,0.015,South,1,0,0,1,0,0,0
North Texas,Men's Basketball,0,0.0,0.0,0.0,0.0,0.0,0.0,0.0,0.0,0.0,0.0,0.0,0.0,0.0,0.0,0.0,0.0,0.0,0.0,0.0,0.0,0.0,0.0,0.0,0.0,0.0,0.0,0.428571,0.0,0.0,0.926066,0.913124,0.845361,0.960526,0.927711,0.857143,0.857143,8,1,0.021,Midwest,1,0,0,0,1,0,0
Fla. Atlantic,Men's Basketball,0,0.0,0.0,0.0,0.0,0.0,0.0,0.0,0.0,0.0,0.0,0.0,0.0,0.0,0.0,0.0,0.0,0.0,0.0,0.0,0.0,0.0,0.0,0.0,0.0,0.0,0.0,0.464286,0.0,0.0,0.987678,0.935305,0.886598,0.703947,0.73494,0.714286,0.714286,9,1,0.0175,East,1,1,0,0,0,0,0
Charlotte,Men's Basketball,0,0.0,0.0,0.0,0.0,0.0,0.0,0.0,0.0,0.0,0.0,0.0,0.0,0.0,0.0,0.0,0.0,0.0,0.0,0.0,0.0,0.0,0.0,0.0,0.0,0.0,0.0,0.535714,0.0,0.0,0.957346,0.889094,0.821306,0.881579,0.746988,0.571429,0.571429,9,1,0.014,West,1,0,1,0,0,0,0
Tulane,Men's Basketball,0,0.0,0.0,0.0,0.0,0.0,0.0,0.0,0.0,0.0,0.0,0.0,0.0,0.0,0.0,0.0,0.0,0.0,0.0,0.0,0.0,0.0,0.0,0.0,0.0,0.0,0.0,0.464286,0.0,0.0,0.982938,0.987061,0.965636,0.842105,0.674699,0.653061,0.653061,9,1,0.016,South,1,0,0,1,0,0,0
Temple,Men's Basketball,0,0.0,0.0,0.0,0.0,0.0,0.0,0.0,0.0,0.0,0.0,0.0,0.0,0.0,0.0,0.0,0.0,0.0,0.0,0.0,0.0,0.0,0.0,0.0,0.0,0.0,0.0,0.5,0.0,0.0,0.929858,0.813309,0.738832,0.736842,0.662651,0.612245,0.612245,9,1,0.015,Midwest,1,0,0,0,1,0,0
Memphis,Men's Basketball,0,0.0,0.0,0.0,0.0,0.0,0.0,0.0,0.0,0.0,0.0,0.0,0.0,0.0,0.0,0.0,0.0,0.0,0.0,0.0,0.0,0.0,0.0,0.0,0.0,0.0,0.0,0.607143,0.0,0.0,0.908057,0.831793,0.721649,0.644737,0.650602,0.571429,0.571429,10,1,0.014,East,1,1,0,0,0,0,0
Rice,Men's Basketball,0,0.0,0.0,0.0,0.0,0.0,0.0,0.0,0.0,0.0,0.0,0.0,0.0,0.0,0.0,0.0,0.0,0.0,0.0,0.0,0.0,0.0,0.0,0.0,0.0,0.0,0.0,0.571429,0.0,0.0,0.938389,1.0,0.955326,0.875,0.710843,0.653061,0.653061,10,1,0.016,West,1,0,1,0,0,0,0
East Carolina,Men's Basketball,0,0.0,0.0,0.0,0.0,0.0,0.0,0.0,0.0,0.0,0.0,0.0,0.0,0.0,0.0,0.0,0.0,0.0,0.0,0.0,0.0,0.0,0.0,0.0,0.0,0.0,0.0,0.642857,0.0,0.0,0.912796,0.850277,0.783505,0.657895,0.710843,0.44898,0.44898,10,1,0.011,South,1,0,0,1,0,0,0
UTSA,Men's Basketball,0,0.0,0.0,0.0,0.0,0.0,0.0,0.0,0.0,0.0,0.0,0.0,0.0,0.0,0.0,0.0,0.0,0.0,0.0,0.0,0.0,0.0,0.0,0.0,0.0,0.0,0.0,0.821429,0.0,0.0,0.965877,0.994455,1.0,0.921053,0.903614,0.714286,0.714286,10,1,0.0175,Midwest,1,0,0,0,1,0,0
Austin Peay,Men's Basketball,0,0.0,0.0,0.0,0.0,0.0,0.0,0.0,0.0,0.0,0.0,0.0,0.0,0.0,0.0,0.0,0.0,0.0,0.0,0.0,0.0,0.0,0.0,0.0,0.0,0.0,0.0,0.25,0.0,0.0,0.971564,0.961183,0.879725,0.914474,0.855422,0.836735,0.836735,11,1,0.0205,East,1,1,0,0,0,0,0
Central Ark.,Men's Basketball,0,0.0,0.0,0.0,0.0,0.0,0.0,0.0,0.0,0.0,0.0,0.0,0.0,0.0,0.0,0.0,0.0,0.0,0.0,0.0,0.0,0.0,0.0,0.0,0.0,0.0,0.0,0.357143,0.0,0.0,0.937441,0.883549,0.879725,0.907895,0.831325,0.755102,0.755102,11,1,0.0185,West,1,0,1,0,0,0,0
Queens (NC),Men's Basketball,0,0.0,0.0,0.0,0.0,0.0,0.0,0.0,0.0,0.0,0.0,0.0,0.0,0.0,0.0,0.0,0.0,0.0,0.0,0.0,0.0,0.0,0.0,0.0,0.0,0.0,0.0,0.428571,0.0,0.0,0.943128,0.914972,0.859107,0.842105,0.795181,0.591837,0.591837,11,1,0.0145,South,1,0,0,1,0,0,0
Lipscomb,Men's Basketball,0,0.0,0.0,0.0,0.0,0.0,0.0,0.0,0.0,0.0,0.0,0.0,0.0,0.0,0.0,0.0,0.0,0.0,0.0,0.0,0.0,0.0,0.0,0.0,0.0,0.0,0.0,0.392857,0.0,0.0,0.954502,0.987061,0.893471,0.907895,0.831325,0.755102,0.755102,11,1,0.0185,Midwest,1,0,0,0,1,0,0
FGCU,Men's Basketball,0,0.0,0.0,0.0,0.0,0.0,0.0,0.0,0.0,0.0,0.0,0.0,0.0,0.0,0.0,0.0,0.0,0.0,0.0,0.0,0.0,0.0,0.0,0.0,0.0,0.0,0.0,0.571429,0.0,0.0,0.924171,0.968577,0.900344,0.855263,0.759036,0.632653,0.632653,12,1,0.0155,East,1,1,0,0,0,0,0
West Ga.,Men's Basketball,0,0.0,0.0,0.0,0.0,0.0,0.0,0.0,0.0,0.0,0.0,0.0,0.0,0.0,0.0,0.0,0.0,0.0,0.0,0.0,0.0,0.0,0.0,0.0,0.0,0.0,0.0,0.535714,0.0,0.0,0.958294,0.924214,0.924399,0.861842,0.855422,0.653061,0.653061,12,1,0.016,West,1,0,1,0,0,0,0
Bellarmine,Men's Basketball,0,0.0,0.0,0.0,0.0,0.0,0.0,0.0,0.0,0.0,0.0,0.0,0.0,0.0,0.0,0.0,0.0,0.0,0.0,0.0,0.0,0.0,0.0,0.0,0.0,0.0,0.0,0.607143,0.0,0.0,0.952607,0.944547,0.962199,0.973684,0.927711,0.714286,0.714286,12,1,0.0175,South,1,0,0,1,0,0,0
Jacksonville,Men's Basketball,0,0.0,0.0,0.0,0.0,0.0,0.0,0.0,0.0,0.0,0.0,0.0,0.0,0.0,0.0,0.0,0.0,0.0,0.0,0.0,0.0,0.0,0.0,0.0,0.0,0.0,0.0,0.642857,0.0,0.0,0.941232,0.902033,0.848797,0.75,0.686747,0.44898,0.44898,12,1,0.011,Midwest,1,0,0,0,1,0,0
Stetson,Men's Basketball,0,0.0,0.0,0.0,0.0,0.0,0.0,0.0,0.0,0.0,0.0,0.0,0.0,0.0,0.0,0.0,0.0,0.0,0.0,0.0,0.0,0.0,0.0,0.0,0.0,0.0,0.0,0.678571,0.0,0.0,0.916588,0.87061,0.838488,0.809211,0.638554,0.571429,0.571429,13,1,0.014,East,1,1,0,0,0,0,0
Eastern Ky.,Men's Basketball,0,0.0,0.0,0.0,0.0,0.0,0.0,0.0,0.0,0.0,0.0,0.0,0.0,0.0,0.0,0.0,0.0,0.0,0.0,0.0,0.0,0.0,0.0,0.0,0.0,0.0,0.0,0.678571,0.0,0.0,0.947867,0.889094,0.776632,0.717105,0.710843,0.714286,0.714286,13,1,0.0175,West,1,0,1,0,0,0,0
North Florida,Men's Basketball,0,0.0,0.0,0.0,0.0,0.0,0.0,0.0,0.0,0.0,0.0,0.0,0.0,0.0,0.0,0.0,0.0,0.0,0.0,0.0,0.0,0.0,0.0,0.0,0.0,0.0,0.0,0.821429,0.0,0.0,0.930806,0.931608,0.907216,0.907895,0.783133,0.673469,0.673469,13,1,0.0165,South,1,0,0,1,0,0,0
North Ala.,Men's Basketball,0,0.0,0.0,0.0,0.0,0.0,0.0,0.0,0.0,0.0,0.0,0.0,0.0,0.0,0.0,0.0,0.0,0.0,0.0,0.0,0.0,0.0,0.0,0.0,0.0,0.0,0.0,0.678571,0.0,0.0,0.92891,0.907579,0.810997,0.717105,0.650602,0.469388,0.469388,13,1,0.0115,Midwest,1,0,0,0,1,0,0
Saint Louis,Men's Basketball,0,0.0,0.0,0.0,0.0,0.0,0.0,0.0,0.0,0.0,0.0,0.0,0.0,0.0,0.0,0.0,0.0,0.0,0.0,0.0,0.0,0.0,0.0,0.0,0.0,0.0,0.0,0.142857,0.0,0.0,0.979147,0.944547,0.90378,0.907895,0.831325,0.836735,0.836735,14,1,0.0205,East,1,1,0,0,0,0,0
VCU,Men's Basketball,0,0.0,0.0,0.0,0.0,0.0,0.0,0.0,0.0,0.0,0.0,0.0,0.0,0.0,0.0,0.0,0.0,0.0,0.0,0.0,0.0,0.0,0.0,0.0,0.0,0.0,0.0,0.214286,0.0,0.0,0.947867,0.926063,0.841924,0.835526,0.855422,0.612245,0.612245,14,1,0.015,West,1,0,1,0,0,0,0
Saint Joseph's,Men's Basketball,0,0.0,0.0,0.0,0.0,0.0,0.0,0.0,0.0,0.0,0.0,0.0,0.0,0.0,0.0,0.0,0.0,0.0,0.0,0.0,0.0,0.0,0.0,0.0,0.0,0.0,0.0,0.357143,0.0,0.0,0.964929,0.911275,0.75945,0.736842,0.710843,0.530612,0.530612,14,1,0.013,South,1,0,0,1,0,0,0
Dayton,Men's Basketball,0,0.0,0.0,0.0,0.0,0.0,0.0,0.0,0.0,0.0,0.0,0.0,0.0,0.0,0.0,0.0,0.0,0.0,0.0,0.0,0.0,0.0,0.0,0.0,0.0,0.0,0.0,0.357143,0.0,0.0,0.966825,0.907579,0.810997,0.756579,0.674699,0.571429,0.571429,14,1,0.014,Midwest,1,0,0,0,1,0,0
George Mason,Men's Basketball,0,0.0,0.0,0.0,0.0,0.0,0.0,0.0,0.0,0.0,0.0,0.0,0.0,0.0,0.0,0.0,0.0,0.0,0.0,0.0,0.0,0.0,0.0,0.0,0.0,0.0,0.0,0.285714,0.0,0.0,0.941232,0.924214,0.821306,0.796053,0.674699,0.612245,0.612245,15,1,0.015,East,1,1,0,0,0,0,0
Davidson,Men's Basketball,0,0.0,0.0,0.0,0.0,0.0,0.0,0.0,0.0,0.0,0.0,0.0,0.0,0.0,0.0,0.0,0.0,0.0,0.0,0.0,0.0,0.0,0.0,0.0,0.0,0.0,0.0,0.428571,0.0,0.0,0.966825,0.942699,0.845361,0.835526,0.819277,0.673469,0.673469,15,1,0.0165,West,1,0,1,0,0,0,0
Duquesne,Men's Basketball,0,0.0,0.0,0.0,0.0,0.0,0.0,0.0,0.0,0.0,0.0,0.0,0.0,0.0,0.0,0.0,0.0,0.0,0.0,0.0,0.0,0.0,0.0,0.0,0.0,0.0,0.0,0.464286,0.0,0.0,0.895735,0.892791,0.773196,0.710526,0.614458,0.387755,0.387755,15,1,0.0095,South,1,0,0,1,0,0,0
George Washington,Men's Basketball,0,0.0,0.0,0.0,0.0,0.0,0.0,0.0,0.0,0.0,0.0,0.0,0.0,0.0,0.0,0.0,0.0,0.0,0.0,0.0,0.0,0.0,0.0,0.0,0.0,0.0,0.0,0.5,0.0,0.0,0.907109,0.896488,0.876289,0.927632,0.915663,0.816327,0.816327,15,1,0.02,Midwest,1,0,0,0,1,0,0
Fordham,Men's Basketball,0,0.0,0.0,0.0,0.0,0.0,0.0,0.0,0.0,0.0,0.0,0.0,0.0,0.0,0.0,0.0,0.0,0.0,0.0,0.0,0.0,0.0,0.0,0.0,0.0,0.0,0.0,0.464286,0.0,0.0,0.954502,0.957486,0.920962,0.743421,0.674699,0.591837,0.591837,16,1,0.0145,East,1,1,0,0,0,0,0
Rhode Island,Men's Basketball,0,0.0,0.0,0.0,0.0,0.0,0.0,0.0,0.0,0.0,0.0,0.0,0.0,0.0,0.0,0.0,0.0,0.0,0.0,0.0,0.0,0.0,0.0,0.0,0.0,0.0,0.0,0.5,0.0,0.0,0.92891,0.939002,0.828179,0.769737,0.698795,0.489796,0.489796,16,1,0.012,West,1,0,1,0,0,0,0
Richmond,Men's Basketball,0,0.0,0.0,0.0,0.0,0.0,0.0,0.0,0.0,0.0,0.0,0.0,0.0,0.0,0.0,0.0,0.0,0.0,0.0,0.0,0.0,0.0,0.0,0.0,0.0,0.0,0.0,0.535714,0.0,0.0,1.0,0.961183,0.862543,0.842105,0.722892,0.530612,0.530612,16,1,0.013,South,1,0,0,1,0,0,0
La Salle,Men's Basketball,0,0.0,0.0,0.0,0.0,0.0,0.0,0.0,0.0,0.0,0.0,0.0,0.0,0.0,0.0,0.0,0.0,0.0,0.0,0.0,0.0,0.0,0.0,0.0,0.0,0.0,0.0,0.75,0.0,0.0,0.988626,0.985213,0.893471,0.861842,0.831325,0.693878,0.693878,16,1,0.017,Midwest,1,0,0,0,1,0,0
St. Bonaventure,Men's Basketball,0,0.0,0.0,0.0,0.0,0.0,0.0,0.0,0.0,0.0,0.0,0.0,0.0,0.0,0.0,0.0,0.0,0.0,0.0,0.0,0.0,0.0,0.0,0.0,0.0,0.0,0.0,0.535714,0.0,0.0,0.0,0.0,0.0,0.0,0.0,0.0,0.0,-1,0,0.0,Play-in,1,0,0,0,0,1,0
Loyola Chicago,Men's Basketball,0,0.0,0.0,0.0,0.0,0.0,0.0,0.0,0.0,0.0,0.0,0.0,0.0,0.0,0.0,0.0,0.0,0.0,0.0,0.0,0.0,0.0,0.0,0.0,0.0,0.0,0.0,0.785714,0.0,0.0,0.0,0.0,0.0,0.0,0.0,0.0,0.0,-1,0,0.0,Play-in,1,0,0,0,0,1,0
Arizona,Men's Basketball,0,0.0,0.0,0.0,0.0,0.0,0.0,0.0,0.0,0.0,0.0,0.0,0.0,0.0,0.0,0.0,0.0,0.0,0.0,0.0,0.0,0.0,0.0,0.0,0.0,0.0,0.0,0.035714,0.0,0.0,0.0,0.0,0.0,0.0,0.0,0.0,0.0,-1,0,0.0,Play-in,1,0,0,0,0,1,0
Houston,Men's Basketball,0,0.0,0.0,0.0,0.0,0.0,0.0,0.0,0.0,0.0,0.0,0.0,0.0,0.0,0.0,0.0,0.0,0.0,0.0,0.0,0.0,0.0,0.0,0.0,0.0,0.0,0.0,0.178571,0.0,0.0,0.0,0.0,0.0,0.0,0.0,0.0,0.0,-1,0,0.0,Play-in,1,0,0,0,0,1,0
Iowa St.,Men's Basketball,0,0.0,0.0,0.0,0.0,0.0,0.0,0.0,0.0,0.0,0.0,0.0,0.0,0.0,0.0,0.0,0.0,0.0,0.0,0.0,0.0,0.0,0.0,0.0,0.0,0.0,0.0,0.214286,0.0,0.0,0.0,0.0,0.0,0.0,0.0,0.0,0.0,-1,0,0.0,—,1,0,0,0,0,0,1
Kansas,Men's Basketball,0,0.0,0.0,0.0,0.0,0.0,0.0,0.0,0.0,0.0,0.0,0.0,0.0,0.0,0.0,0.0,0.0,0.0,0.0,0.0,0.0,0.0,0.0,0.0,0.0,0.0,0.0,0.321429,0.0,0.0,0.0,0.0,0.0,0.0,0.0,0.0,0.0,-1,0,0.0,—,1,0,0,0,0,0,1
Texas Tech,Men's Basketball,0,0.0,0.0,0.0,0.0,0.0,0.0,0.0,0.0,0.0,0.0,0.0,0.0,0.0,0.0,0.0,0.0,0.0,0.0,0.0,0.0,0.0,0.0,0.0,0.0,0.0,0.0,0.321429,0.0,0.0,0.0,0.0,0.0,0.0,0.0,0.0,0.0,-1,0,0.0,—,1,0,0,0,0,0,1
TCU,Men's Basketball,0,0.0,0.0,0.0,0.0,0.0,0.0,0.0,0.0,0.0,0.0,0.0,0.0,0.0,0.0,0.0,0.0,0.0,0.0,0.0,0.0,0.0,0.0,0.0,0.0,0.0,0.0,0.357143,0.0,0.0,0.0,0.0,0.0,0.0,0.0,0.0,0.0,-1,0,0.0,—,1,0,0,0,0,0,1
BYU,Men's Basketball,0,0.0,0.0,0.0,0.0,0.0,0.0,0.0,0.0,0.0,0.0,0.0,0.0,0.0,0.0,0.0,0.0,0.0,0.0,0.0,0.0,0.0,0.0,0.0,0.0,0.0,0.0,0.357143,0.0,0.0,0.0,0.0,0.0,0.0,0.0,0.0,0.0,-1,0,0.0,—,1,0,0,0,0,0,1
UCF,Men's Basketball,0,0.0,0.0,0.0,0.0,0.0,0.0,0.0,0.0,0.0,0.0,0.0,0.0,0.0,0.0,0.0,0.0,0.0,0.0,0.0,0.0,0.0,0.0,0.0,0.0,0.0,0.0,0.357143,0.0,0.0,0.0,0.0,0.0,0.0,0.0,0.0,0.0,-1,0,0.0,—,1,0,0,0,0,0,1
West Virginia,Men's Basketball,0,0.0,0.0,0.0,0.0,0.0,0.0,0.0,0.0,0.0,0.0,0.0,0.0,0.0,0.0,0.0,0.0,0.0,0.0,0.0,0.0,0.0,0.0,0.0,0.0,0.0,0.0,0.428571,0.0,0.0,0.0,0.0,0.0,0.0,0.0,0.0,0.0,-1,0,0.0,—,1,0,0,0,0,0,1
Cincinnati,Men's Basketball,0,0.0,0.0,0.0,0.0,0.0,0.0,0.0,0.0,0.0,0.0,0.0,0.0,0.0,0.0,0.0,0.0,0.0,0.0,0.0,0.0,0.0,0.0,0.0,0.0,0.0,0.0,0.464286,0.0,0.0,0.0,0.0,0.0,0.0,0.0,0.0,0.0,-1,0,0.0,—,1,0,0,0,0,0,1
Colorado,Men's Basketball,0,0.0,0.0,0.0,0.0,0.0,0.0,0.0,0.0,0.0,0.0,0.0,0.0,0.0,0.0,0.0,0.0,0.0,0.0,0.0,0.0,0.0,0.0,0.0,0.0,0.0,0.0,0.5,0.0,0.0,0.0,0.0,0.0,0.0,0.0,0.0,0.0,-1,0,0.0,—,1,0,0,0,0,0,1
Arizona St.,Men's Basketball,0,0.0,0.0,0.0,0.0,0.0,0.0,0.0,0.0,0.0,0.0,0.0,0.0,0.0,0.0,0.0,0.0,0.0,0.0,0.0,0.0,0.0,0.0,0.0,0.0,0.0,0.0,0.5,0.0,0.0,0.0,0.0,0.0,0.0,0.0,0.0,0.0,-1,0,0.0,—,1,0,0,0,0,0,1
Oklahoma St.,Men's Basketball,0,0.0,0.0,0.0,0.0,0.0,0.0,0.0,0.0,0.0,0.0,0.0,0.0,0.0,0.0,0.0,0.0,0.0,0.0,0.0,0.0,0.0,0.0,0.0,0.0,0.0,0.0,0.464286,0.0,0.0,0.0,0.0,0.0,0.0,0.0,0.0,0.0,-1,0,0.0,—,1,0,0,0,0,0,1
Baylor,Men's Basketball,0,0.0,0.0,0.0,0.0,0.0,0.0,0.0,0.0,0.0,0.0,0.0,0.0,0.0,0.0,0.0,0.0,0.0,0.0,0.0,0.0,0.0,0.0,0.0,0.0,0.0,0.0,0.535714,0.0,0.0,0.0,0.0,0.0,0.0,0.0,0.0,0.0,-1,0,0.0,—,1,0,0,0,0,0,1
Kansas St.,Men's Basketball,0,0.0,0.0,0.0,0.0,0.0,0.0,0.0,0.0,0.0,0.0,0.0,0.0,0.0,0.0,0.0,0.0,0.0,0.0,0.0,0.0,0.0,0.0,0.0,0.0,0.0,0.0,0.642857,0.0,0.0,0.0,0.0,0.0,0.0,0.0,0.0,0.0,-1,0,0.0,—,1,0,0,0,0,0,1
Utah,Men's Basketball,0,0.0,0.0,0.0,0.0,0.0,0.0,0.0,0.0,0.0,0.0,0.0,0.0,0.0,0.0,0.0,0.0,0.0,0.0,0.0,0.0,0.0,0.0,0.0,0.0,0.0,0.0,0.714286,0.0,0.0,0.0,0.0,0.0,0.0,0.0,0.0,0.0,-1,0,0.0,—,1,0,0,0,0,0,1
St. John's (NY),Men's Basketball,0,0.0,0.0,0.0,0.0,0.0,0.0,0.0,0.0,0.0,0.0,0.0,0.0,0.0,0.0,0.0,0.0,0.0,0.0,0.0,0.0,0.0,0.0,0.0,0.0,0.0,0.0,0.178571,0.0,0.0,0.0,0.0,0.0,0.0,0.0,0.0,0.0,-1,0,0.0,—,1,0,0,0,0,0,1
UConn,Men's Basketball,0,0.0,0.0,0.0,0.0,0.0,0.0,0.0,0.0,0.0,0.0,0.0,0.0,0.0,0.0,0.0,0.0,0.0,0.0,0.0,0.0,0.0,0.0,0.0,0.0,0.0,0.0,0.142857,0.0,0.0,0.0,0.0,0.0,0.0,0.0,0.0,0.0,-1,0,0.0,—,1,0,0,0,0,0,1
Villanova,Men's Basketball,0,0.0,0.0,0.0,0.0,0.0,0.0,0.0,0.0,0.0,0.0,0.0,0.0,0.0,0.0,0.0,0.0,0.0,0.0,0.0,0.0,0.0,0.0,0.0,0.0,0.0,0.0,0.25,0.0,0.0,0.0,0.0,0.0,0.0,0.0,0.0,0.0,-1,0,0.0,—,1,0,0,0,0,0,1
Seton Hall,Men's Basketball,0,0.0,0.0,0.0,0.0,0.0,0.0,0.0,0.0,0.0,0.0,0.0,0.0,0.0,0.0,0.0,0.0,0.0,0.0,0.0,0.0,0.0,0.0,0.0,0.0,0.0,0.0,0.357143,0.0,0.0,0.0,0.0,0.0,0.0,0.0,0.0,0.0,-1,0,0.0,—,1,0,0,0,0,0,1
Creighton,Men's Basketball,0,0.0,0.0,0.0,0.0,0.0,0.0,0.0,0.0,0.0,0.0,0.0,0.0,0.0,0.0,0.0,0.0,0.0,0.0,0.0,0.0,0.0,0.0,0.0,0.0,0.0,0.0,0.571429,0.0,0.0,0.0,0.0,0.0,0.0,0.0,0.0,0.0,-1,0,0.0,—,1,0,0,0,0,0,1
DePaul,Men's Basketball,0,0.0,0.0,0.0,0.0,0.0,0.0,0.0,0.0,0.0,0.0,0.0,0.0,0.0,0.0,0.0,0.0,0.0,0.0,0.0,0.0,0.0,0.0,0.0,0.0,0.0,0.0,0.5,0.0,0.0,0.0,0.0,0.0,0.0,0.0,0.0,0.0,-1,0,0.0,—,1,0,0,0,0,0,1
Butler,Men's Basketball,0,0.0,0.0,0.0,0.0,0.0,0.0,0.0,0.0,0.0,0.0,0.0,0.0,0.0,0.0,0.0,0.0,0.0,0.0,0.0,0.0,0.0,0.0,0.0,0.0,0.0,0.0,0.5,0.0,0.0,0.0,0.0,0.0,0.0,0.0,0.0,0.0,-1,0,0.0,—,1,0,0,0,0,0,1
Providence,Men's Basketball,0,0.0,0.0,0.0,0.0,0.0,0.0,0.0,0.0,0.0,0.0,0.0,0.0,0.0,0.0,0.0,0.0,0.0,0.0,0.0,0.0,0.0,0.0,0.0,0.0,0.0,0.0,0.571429,0.0,0.0,0.0,0.0,0.0,0.0,0.0,0.0,0.0,-1,0,0.0,—,1,0,0,0,0,0,1
Marquette,Men's Basketball,0,0.0,0.0,0.0,0.0,0.0,0.0,0.0,0.0,0.0,0.0,0.0,0.0,0.0,0.0,0.0,0.0,0.0,0.0,0.0,0.0,0.0,0.0,0.0,0.0,0.0,0.0,0.642857,0.0,0.0,0.0,0.0,0.0,0.0,0.0,0.0,0.0,-1,0,0.0,—,1,0,0,0,0,0,1
Georgetown,Men's Basketball,0,0.0,0.0,0.0,0.0,0.0,0.0,0.0,0.0,0.0,0.0,0.0,0.0,0.0,0.0,0.0,0.0,0.0,0.0,0.0,0.0,0.0,0.0,0.0,0.0,0.0,0.0,0.571429,0.0,0.0,0.0,0.0,0.0,0.0,0.0,0.0,0.0,-1,0,0.0,—,1,0,0,0,0,0,1
Xavier,Men's Basketball,0,0.0,0.0,0.0,0.0,0.0,0.0,0.0,0.0,0.0,0.0,0.0,0.0,0.0,0.0,0.0,0.0,0.0,0.0,0.0,0.0,0.0,0.0,0.0,0.0,0.0,0.0,0.571429,0.0,0.0,0.0,0.0,0.0,0.0,0.0,0.0,0.0,-1,0,0.0,—,1,0,0,0,0,0,1
Portland St.,Men's Basketball,0,0.0,0.0,0.0,0.0,0.0,0.0,0.0,0.0,0.0,0.0,0.0,0.0,0.0,0.0,0.0,0.0,0.0,0.0,0.0,0.0,0.0,0.0,0.0,0.0,0.0,0.0,0.321429,0.0,0.0,0.0,0.0,0.0,0.0,0.0,0.0,0.0,-1,0,0.0,—,1,0,0,0,0,0,1
Montana St.,Men's Basketball,0,0.0,0.0,0.0,0.0,0.0,0.0,0.0,0.0,0.0,0.0,0.0,0.0,0.0,0.0,0.0,0.0,0.0,0.0,0.0,0.0,0.0,0.0,0.0,0.0,0.0,0.0,0.428571,0.0,0.0,0.0,0.0,0.0,0.0,0.0,0.0,0.0,-1,0,0.0,—,1,0,0,0,0,0,1
Eastern Wash.,Men's Basketball,0,0.0,0.0,0.0,0.0,0.0,0.0,0.0,0.0,0.0,0.0,0.0,0.0,0.0,0.0,0.0,0.0,0.0,0.0,0.0,0.0,0.0,0.0,0.0,0.0,0.0,0.0,0.607143,0.0,0.0,0.0,0.0,0.0,0.0,0.0,0.0,0.0,-1,0,0.0,—,1,0,0,0,0,0,1
Northern Colo.,Men's Basketball,0,0.0,0.0,0.0,0.0,0.0,0.0,0.0,0.0,0.0,0.0,0.0,0.0,0.0,0.0,0.0,0.0,0.0,0.0,0.0,0.0,0.0,0.0,0.0,0.0,0.0,0.0,0.357143,0.0,0.0,0.0,0.0,0.0,0.0,0.0,0.0,0.0,-1,0,0.0,—,1,0,0,0,0,0,1
Montana,Men's Basketball,0,0.0,0.0,0.0,0.0,0.0,0.0,0.0,0.0,0.0,0.0,0.0,0.0,0.0,0.0,0.0,0.0,0.0,0.0,0.0,0.0,0.0,0.0,0.0,0.0,0.0,0.0,0.5,0.0,0.0,0.0,0.0,0.0,0.0,0.0,0.0,0.0,-1,0,0.0,—,1,0,0,0,0,0,1
Weber St.,Men's Basketball,0,0.0,0.0,0.0,0.0,0.0,0.0,0.0,0.0,0.0,0.0,0.0,0.0,0.0,0.0,0.0,0.0,0.0,0.0,0.0,0.0,0.0,0.0,0.0,0.0,0.0,0.0,0.5,0.0,0.0,0.0,0.0,0.0,0.0,0.0,0.0,0.0,-1,0,0.0,—,1,0,0,0,0,0,1
Idaho,Men's Basketball,0,0.0,0.0,0.0,0.0,0.0,0.0,0.0,0.0,0.0,0.0,0.0,0.0,0.0,0.0,0.0,0.0,0.0,0.0,0.0,0.0,0.0,0.0,0.0,0.0,0.0,0.0,0.464286,0.0,0.0,0.0,0.0,0.0,0.0,0.0,0.0,0.0,-1,0,0.0,—,1,0,0,0,0,0,1
Sacramento St.,Men's Basketball,0,0.0,0.0,0.0,0.0,0.0,0.0,0.0,0.0,0.0,0.0,0.0,0.0,0.0,0.0,0.0,0.0,0.0,0.0,0.0,0.0,0.0,0.0,0.0,0.0,0.0,0.0,0.678571,0.0,0.0,0.0,0.0,0.0,0.0,0.0,0.0,0.0,-1,0,0.0,—,1,0,0,0,0,0,1
Idaho St.,Men's Basketball,0,0.0,0.0,0.0,0.0,0.0,0.0,0.0,0.0,0.0,0.0,0.0,0.0,0.0,0.0,0.0,0.0,0.0,0.0,0.0,0.0,0.0,0.0,0.0,0.0,0.0,0.0,0.642857,0.0,0.0,0.0,0.0,0.0,0.0,0.0,0.0,0.0,-1,0,0.0,—,1,0,0,0,0,0,1
Northern Ariz.,Men's Basketball,0,0.0,0.0,0.0,0.0,0.0,0.0,0.0,0.0,0.0,0.0,0.0,0.0,0.0,0.0,0.0,0.0,0.0,0.0,0.0,0.0,0.0,0.0,0.0,0.0,0.0,0.0,0.714286,0.0,0.0,0.0,0.0,0.0,0.0,0.0,0.0,0.0,-1,0,0.0,—,1,0,0,0,0,0,1
High Point,Men's Basketball,0,0.0,0.0,0.0,0.0,0.0,0.0,0.0,0.0,0.0,0.0,0.0,0.0,0.0,0.0,0.0,0.0,0.0,0.0,0.0,0.0,0.0,0.0,0.0,0.0,0.0,0.0,0.107143,0.0,0.0,0.0,0.0,0.0,0.0,0.0,0.0,0.0,-1,0,0.0,—,1,0,0,0,0,0,1
Winthrop,Men's Basketball,0,0.0,0.0,0.0,0.0,0.0,0.0,0.0,0.0,0.0,0.0,0.0,0.0,0.0,0.0,0.0,0.0,0.0,0.0,0.0,0.0,0.0,0.0,0.0,0.0,0.0,0.0,0.321429,0.0,0.0,0.0,0.0,0.0,0.0,0.0,0.0,0.0,-1,0,0.0,—,1,0,0,0,0,0,1
Radford,Men's Basketball,0,0.0,0.0,0.0,0.0,0.0,0.0,0.0,0.0,0.0,0.0,0.0,0.0,0.0,0.0,0.0,0.0,0.0,0.0,0.0,0.0,0.0,0.0,0.0,0.0,0.0,0.0,0.5,0.0,0.0,0.0,0.0,0.0,0.0,0.0,0.0,0.0,-1,0,0.0,—,1,0,0,0,0,0,1
Longwood,Men's Basketball,0,0.0,0.0,0.0,0.0,0.0,0.0,0.0,0.0,0.0,0.0,0.0,0.0,0.0,0.0,0.0,0.0,0.0,0.0,0.0,0.0,0.0,0.0,0.0,0.0,0.0,0.0,0.5,0.0,0.0,0.0,0.0,0.0,0.0,0.0,0.0,0.0,-1,0,0.0,—,1,0,0,0,0,0,1
UNC Asheville,Men's Basketball,0,0.0,0.0,0.0,0.0,0.0,0.0,0.0,0.0,0.0,0.0,0.0,0.0,0.0,0.0,0.0,0.0,0.0,0.0,0.0,0.0,0.0,0.0,0.0,0.0,0.0,0.0,0.535714,0.0,0.0,0.0,0.0,0.0,0.0,0.0,0.0,0.0,-1,0,0.0,—,1,0,0,0,0,0,1
Presbyterian,Men's Basketball,0,0.0,0.0,0.0,0.0,0.0,0.0,0.0,0.0,0.0,0.0,0.0,0.0,0.0,0.0,0.0,0.0,0.0,0.0,0.0,0.0,0.0,0.0,0.0,0.0,0.0,0.0,0.571429,0.0,0.0,0.0,0.0,0.0,0.0,0.0,0.0,0.0,-1,0,0.0,—,1,0,0,0,0,0,1
Charleston So.,Men's Basketball,0,0.0,0.0,0.0,0.0,0.0,0.0,0.0,0.0,0.0,0.0,0.0,0.0,0.0,0.0,0.0,0.0,0.0,0.0,0.0,0.0,0.0,0.0,0.0,0.0,0.0,0.0,0.535714,0.0,0.0,0.0,0.0,0.0,0.0,0.0,0.0,0.0,-1,0,0.0,—,1,0,0,0,0,0,1
USC Upstate,Men's Basketball,0,0.0,0.0,0.0,0.0,0.0,0.0,0.0,0.0,0.0,0.0,0.0,0.0,0.0,0.0,0.0,0.0,0.0,0.0,0.0,0.0,0.0,0.0,0.0,0.0,0.0,0.0,0.607143,0.0,0.0,0.0,0.0,0.0,0.0,0.0,0.0,0.0,-1,0,0.0,—,1,0,0,0,0,0,1
Gardner-Webb,Men's Basketball,0,0.0,0.0,0.0,0.0,0.0,0.0,0.0,0.0,0.0,0.0,0.0,0.0,0.0,0.0,0.0,0.0,0.0,0.0,0.0,0.0,0.0,0.0,0.0,0.0,0.0,0.0,0.964286,0.0,0.0,0.0,0.0,0.0,0.0,0.0,0.0,0.0,-1,0,0.0,—,1,0,0,0,0,0,1
Michigan,Men's Basketball,0,0.0,0.0,0.0,0.0,0.0,0.0,0.0,0.0,0.0,0.0,0.0,0.0,0.0,0.0,0.0,0.0,0.0,0.0,0.0,0.0,0.0,0.0,0.0,0.0,0.0,0.0,0.035714,0.0,0.0,0.0,0.0,0.0,0.0,0.0,0.0,0.0,-1,0,0.0,—,1,0,0,0,0,0,1
Nebraska,Men's Basketball,0,0.0,0.0,0.0,0.0,0.0,0.0,0.0,0.0,0.0,0.0,0.0,0.0,0.0,0.0,0.0,0.0,0.0,0.0,0.0,0.0,0.0,0.0,0.0,0.0,0.0,0.0,0.178571,0.0,0.0,0.0,0.0,0.0,0.0,0.0,0.0,0.0,-1,0,0.0,—,1,0,0,0,0,0,1
Michigan St.,Men's Basketball,0,0.0,0.0,0.0,0.0,0.0,0.0,0.0,0.0,0.0,0.0,0.0,0.0,0.0,0.0,0.0,0.0,0.0,0.0,0.0,0.0,0.0,0.0,0.0,0.0,0.0,0.0,0.214286,0.0,0.0,0.0,0.0,0.0,0.0,0.0,0.0,0.0,-1,0,0.0,—,1,0,0,0,0,0,1
Illinois,Men's Basketball,0,0.0,0.0,0.0,0.0,0.0,0.0,0.0,0.0,0.0,0.0,0.0,0.0,0.0,0.0,0.0,0.0,0.0,0.0,0.0,0.0,0.0,0.0,0.0,0.0,0.0,0.0,0.25,0.0,0.0,0.0,0.0,0.0,0.0,0.0,0.0,0.0,-1,0,0.0,—,1,0,0,0,0,0,1
Wisconsin,Men's Basketball,0,0.0,0.0,0.0,0.0,0.0,0.0,0.0,0.0,0.0,0.0,0.0,0.0,0.0,0.0,0.0,0.0,0.0,0.0,0.0,0.0,0.0,0.0,0.0,0.0,0.0,0.0,0.321429,0.0,0.0,0.0,0.0,0.0,0.0,0.0,0.0,0.0,-1,0,0.0,—,1,0,0,0,0,0,1
Purdue,Men's Basketball,0,0.0,0.0,0.0,0.0,0.0,0.0,0.0,0.0,0.0,0.0,0.0,0.0,0.0,0.0,0.0,0.0,0.0,0.0,0.0,0.0,0.0,0.0,0.0,0.0,0.0,0.0,0.25,0.0,0.0,0.0,0.0,0.0,0.0,0.0,0.0,0.0,-1,0,0.0,—,1,0,0,0,0,0,1
UCLA,Men's Basketball,0,0.0,0.0,0.0,0.0,0.0,0.0,0.0,0.0,0.0,0.0,0.0,0.0,0.0,0.0,0.0,0.0,0.0,0.0,0.0,0.0,0.0,0.0,0.0,0.0,0.0,0.0,0.357143,0.0,0.0,0.0,0.0,0.0,0.0,0.0,0.0,0.0,-1,0,0.0,—,1,0,0,0,0,0,1
Ohio St.,Men's Basketball,0,0.0,0.0,0.0,0.0,0.0,0.0,0.0,0.0,0.0,0.0,0.0,0.0,0.0,0.0,0.0,0.0,0.0,0.0,0.0,0.0,0.0,0.0,0.0,0.0,0.0,0.0,0.392857,0.0,0.0,0.0,0.0,0.0,0.0,0.0,0.0,0.0,-1,0,0.0,—,1,0,0,0,0,0,1
Iowa,Men's Basketball,0,0.0,0.0,0.0,0.0,0.0,0.0,0.0,0.0,0.0,0.0,0.0,0.0,0.0,0.0,0.0,0.0,0.0,0.0,0.0,0.0,0.0,0.0,0.0,0.0,0.0,0.0,0.392857,0.0,0.0,0.0,0.0,0.0,0.0,0.0,0.0,0.0,-1,0,0.0,—,1,0,0,0,0,0,1
Indiana,Men's Basketball,0,0.0,0.0,0.0,0.0,0.0,0.0,0.0,0.0,0.0,0.0,0.0,0.0,0.0,0.0,0.0,0.0,0.0,0.0,0.0,0.0,0.0,0.0,0.0,0.0,0.0,0.0,0.428571,0.0,0.0,0.0,0.0,0.0,0.0,0.0,0.0,0.0,-1,0,0.0,—,1,0,0,0,0,0,1
Minnesota,Men's Basketball,0,0.0,0.0,0.0,0.0,0.0,0.0,0.0,0.0,0.0,0.0,0.0,0.0,0.0,0.0,0.0,0.0,0.0,0.0,0.0,0.0,0.0,0.0,0.0,0.0,0.0,0.0,0.571429,0.0,0.0,0.0,0.0,0.0,0.0,0.0,0.0,0.0,-1,0,0.0,—,1,0,0,0,0,0,1
Southern California,Men's Basketball,0,0.0,0.0,0.0,0.0,0.0,0.0,0.0,0.0,0.0,0.0,0.0,0.0,0.0,0.0,0.0,0.0,0.0,0.0,0.0,0.0,0.0,0.0,0.0,0.0,0.0,0.0,0.428571,0.0,0.0,0.0,0.0,0.0,0.0,0.0,0.0,0.0,-1,0,0.0,—,1,0,0,0,0,0,1
Washington,Men's Basketball,0,0.0,0.0,0.0,0.0,0.0,0.0,0.0,0.0,0.0,0.0,0.0,0.0,0.0,0.0,0.0,0.0,0.0,0.0,0.0,0.0,0.0,0.0,0.0,0.0,0.0,0.0,0.535714,0.0,0.0,0.0,0.0,0.0,0.0,0.0,0.0,0.0,-1,0,0.0,—,1,0,0,0,0,0,1
Rutgers,Men's Basketball,0,0.0,0.0,0.0,0.0,0.0,0.0,0.0,0.0,0.0,0.0,0.0,0.0,0.0,0.0,0.0,0.0,0.0,0.0,0.0,0.0,0.0,0.0,0.0,0.0,0.0,0.0,0.642857,0.0,0.0,0.0,0.0,0.0,0.0,0.0,0.0,0.0,-1,0,0.0,—,1,0,0,0,0,0,1
Northwestern,Men's Basketball,0,0.0,0.0,0.0,0.0,0.0,0.0,0.0,0.0,0.0,0.0,0.0,0.0,0.0,0.0,0.0,0.0,0.0,0.0,0.0,0.0,0.0,0.0,0.0,0.0,0.0,0.0,0.607143,0.0,0.0,0.0,0.0,0.0,0.0,0.0,0.0,0.0,-1,0,0.0,—,1,0,0,0,0,0,1
Oregon,Men's Basketball,0,0.0,0.0,0.0,0.0,0.0,0.0,0.0,0.0,0.0,0.0,0.0,0.0,0.0,0.0,0.0,0.0,0.0,0.0,0.0,0.0,0.0,0.0,0.0,0.0,0.0,0.0,0.642857,0.0,0.0,0.0,0.0,0.0,0.0,0.0,0.0,0.0,-1,0,0.0,—,1,0,0,0,0,0,1
Maryland,Men's Basketball,0,0.0,0.0,0.0,0.0,0.0,0.0,0.0,0.0,0.0,0.0,0.0,0.0,0.0,0.0,0.0,0.0,0.0,0.0,0.0,0.0,0.0,0.0,0.0,0.0,0.0,0.0,0.678571,0.0,0.0,0.0,0.0,0.0,0.0,0.0,0.0,0.0,-1,0,0.0,—,1,0,0,0,0,0,1
Penn St.,Men's Basketball,0,0.0,0.0,0.0,0.0,0.0,0.0,0.0,0.0,0.0,0.0,0.0,0.0,0.0,0.0,0.0,0.0,0.0,0.0,0.0,0.0,0.0,0.0,0.0,0.0,0.0,0.0,0.642857,0.0,0.0,0.0,0.0,0.0,0.0,0.0,0.0,0.0,-1,0,0.0,—,1,0,0,0,0,0,1
UC Irvine,Men's Basketball,0,0.0,0.0,0.0,0.0,0.0,0.0,0.0,0.0,0.0,0.0,0.0,0.0,0.0,0.0,0.0,0.0,0.0,0.0,0.0,0.0,0.0,0.0,0.0,0.0,0.0,0.0,0.357143,0.0,0.0,0.0,0.0,0.0,0.0,0.0,0.0,0.0,-1,0,0.0,—,1,0,0,0,0,0,1
Hawaii,Men's Basketball,0,0.0,0.0,0.0,0.0,0.0,0.0,0.0,0.0,0.0,0.0,0.0,0.0,0.0,0.0,0.0,0.0,0.0,0.0,0.0,0.0,0.0,0.0,0.0,0.0,0.0,0.0,0.25,0.0,0.0,0.0,0.0,0.0,0.0,0.0,0.0,0.0,-1,0,0.0,—,1,0,0,0,0,0,1
UC San Diego,Men's Basketball,0,0.0,0.0,0.0,0.0,0.0,0.0,0.0,0.0,0.0,0.0,0.0,0.0,0.0,0.0,0.0,0.0,0.0,0.0,0.0,0.0,0.0,0.0,0.0,0.0,0.0,0.0,0.321429,0.0,0.0,0.0,0.0,0.0,0.0,0.0,0.0,0.0,-1,0,0.0,—,1,0,0,0,0,0,1
CSUN,Men's Basketball,0,0.0,0.0,0.0,0.0,0.0,0.0,0.0,0.0,0.0,0.0,0.0,0.0,0.0,0.0,0.0,0.0,0.0,0.0,0.0,0.0,0.0,0.0,0.0,0.0,0.0,0.0,0.428571,0.0,0.0,0.0,0.0,0.0,0.0,0.0,0.0,0.0,-1,0,0.0,—,1,0,0,0,0,0,1
Cal St. Fullerton,Men's Basketball,0,0.0,0.0,0.0,0.0,0.0,0.0,0.0,0.0,0.0,0.0,0.0,0.0,0.0,0.0,0.0,0.0,0.0,0.0,0.0,0.0,0.0,0.0,0.0,0.0,0.0,0.0,0.5,0.0,0.0,0.0,0.0,0.0,0.0,0.0,0.0,0.0,-1,0,0.0,—,1,0,0,0,0,0,1
UC Davis,Men's Basketball,0,0.0,0.0,0.0,0.0,0.0,0.0,0.0,0.0,0.0,0.0,0.0,0.0,0.0,0.0,0.0,0.0,0.0,0.0,0.0,0.0,0.0,0.0,0.0,0.0,0.0,0.0,0.428571,0.0,0.0,0.0,0.0,0.0,0.0,0.0,0.0,0.0,-1,0,0.0,—,1,0,0,0,0,0,1
UC Santa Barbara,Men's Basketball,0,0.0,0.0,0.0,0.0,0.0,0.0,0.0,0.0,0.0,0.0,0.0,0.0,0.0,0.0,0.0,0.0,0.0,0.0,0.0,0.0,0.0,0.0,0.0,0.0,0.0,0.0,0.428571,0.0,0.0,0.0,0.0,0.0,0.0,0.0,0.0,0.0,-1,0,0.0,—,1,0,0,0,0,0,1
Cal Poly,Men's Basketball,0,0.0,0.0,0.0,0.0,0.0,0.0,0.0,0.0,0.0,0.0,0.0,0.0,0.0,0.0,0.0,0.0,0.0,0.0,0.0,0.0,0.0,0.0,0.0,0.0,0.0,0.0,0.607143,0.0,0.0,0.0,0.0,0.0,0.0,0.0,0.0,0.0,-1,0,0.0,—,1,0,0,0,0,0,1
Long Beach St.,Men's Basketball,0,0.0,0.0,0.0,0.0,0.0,0.0,0.0,0.0,0.0,0.0,0.0,0.0,0.0,0.0,0.0,0.0,0.0,0.0,0.0,0.0,0.0,0.0,0.0,0.0,0.0,0.0,0.714286,0.0,0.0,0.0,0.0,0.0,0.0,0.0,0.0,0.0,-1,0,0.0,—,1,0,0,0,0,0,1
UC Riverside,Men's Basketball,0,0.0,0.0,0.0,0.0,0.0,0.0,0.0,0.0,0.0,0.0,0.0,0.0,0.0,0.0,0.0,0.0,0.0,0.0,0.0,0.0,0.0,0.0,0.0,0.0,0.0,0.0,0.714286,0.0,0.0,0.0,0.0,0.0,0.0,0.0,0.0,0.0,-1,0,0.0,—,1,0,0,0,0,0,1
CSU Bakersfield,Men's Basketball,0,0.0,0.0,0.0,0.0,0.0,0.0,0.0,0.0,0.0,0.0,0.0,0.0,0.0,0.0,0.0,0.0,0.0,0.0,0.0,0.0,0.0,0.0,0.0,0.0,0.0,0.0,0.785714,0.0,0.0,0.0,0.0,0.0,0.0,0.0,0.0,0.0,-1,0,0.0,—,1,0,0,0,0,0,1
UNCW,Men's Basketball,0,0.0,0.0,0.0,0.0,0.0,0.0,0.0,0.0,0.0,0.0,0.0,0.0,0.0,0.0,0.0,0.0,0.0,0.0,0.0,0.0,0.0,0.0,0.0,0.0,0.0,0.0,0.178571,0.0,0.0,0.0,0.0,0.0,0.0,0.0,0.0,0.0,-1,0,0.0,—,1,0,0,0,0,0,1
Col. of Charleston,Men's Basketball,0,0.0,0.0,0.0,0.0,0.0,0.0,0.0,0.0,0.0,0.0,0.0,0.0,0.0,0.0,0.0,0.0,0.0,0.0,0.0,0.0,0.0,0.0,0.0,0.0,0.0,0.0,0.321429,0.0,0.0,0.0,0.0,0.0,0.0,0.0,0.0,0.0,-1,0,0.0,—,1,0,0,0,0,0,1
Hofstra,Men's Basketball,0,0.0,0.0,0.0,0.0,0.0,0.0,0.0,0.0,0.0,0.0,0.0,0.0,0.0,0.0,0.0,0.0,0.0,0.0,0.0,0.0,0.0,0.0,0.0,0.0,0.0,0.0,0.321429,0.0,0.0,0.0,0.0,0.0,0.0,0.0,0.0,0.0,-1,0,0.0,—,1,0,0,0,0,0,1
Monmouth,Men's Basketball,0,0.0,0.0,0.0,0.0,0.0,0.0,0.0,0.0,0.0,0.0,0.0,0.0,0.0,0.0,0.0,0.0,0.0,0.0,0.0,0.0,0.0,0.0,0.0,0.0,0.0,0.0,0.464286,0.0,0.0,0.0,0.0,0.0,0.0,0.0,0.0,0.0,-1,0,0.0,—,1,0,0,0,0,0,1
William & Mary,Men's Basketball,0,0.0,0.0,0.0,0.0,0.0,0.0,0.0,0.0,0.0,0.0,0.0,0.0,0.0,0.0,0.0,0.0,0.0,0.0,0.0,0.0,0.0,0.0,0.0,0.0,0.0,0.0,0.357143,0.0,0.0,0.0,0.0,0.0,0.0,0.0,0.0,0.0,-1,0,0.0,—,1,0,0,0,0,0,1
Drexel,Men's Basketball,0,0.0,0.0,0.0,0.0,0.0,0.0,0.0,0.0,0.0,0.0,0.0,0.0,0.0,0.0,0.0,0.0,0.0,0.0,0.0,0.0,0.0,0.0,0.0,0.0,0.0,0.0,0.5,0.0,0.0,0.0,0.0,0.0,0.0,0.0,0.0,0.0,-1,0,0.0,—,1,0,0,0,0,0,1
Towson,Men's Basketball,0,0.0,0.0,0.0,0.0,0.0,0.0,0.0,0.0,0.0,0.0,0.0,0.0,0.0,0.0,0.0,0.0,0.0,0.0,0.0,0.0,0.0,0.0,0.0,0.0,0.0,0.0,0.464286,0.0,0.0,0.0,0.0,0.0,0.0,0.0,0.0,0.0,-1,0,0.0,—,1,0,0,0,0,0,1
Stony Brook,Men's Basketball,0,0.0,0.0,0.0,0.0,0.0,0.0,0.0,0.0,0.0,0.0,0.0,0.0,0.0,0.0,0.0,0.0,0.0,0.0,0.0,0.0,0.0,0.0,0.0,0.0,0.0,0.0,0.464286,0.0,0.0,0.0,0.0,0.0,0.0,0.0,0.0,0.0,-1,0,0.0,—,1,0,0,0,0,0,1
Campbell,Men's Basketball,0,0.0,0.0,0.0,0.0,0.0,0.0,0.0,0.0,0.0,0.0,0.0,0.0,0.0,0.0,0.0,0.0,0.0,0.0,0.0,0.0,0.0,0.0,0.0,0.0,0.0,0.0,0.571429,0.0,0.0,0.0,0.0,0.0,0.0,0.0,0.0,0.0,-1,0,0.0,—,1,0,0,0,0,0,1
Hampton,Men's Basketball,0,0.0,0.0,0.0,0.0,0.0,0.0,0.0,0.0,0.0,0.0,0.0,0.0,0.0,0.0,0.0,0.0,0.0,0.0,0.0,0.0,0.0,0.0,0.0,0.0,0.0,0.0,0.607143,0.0,0.0,0.0,0.0,0.0,0.0,0.0,0.0,0.0,-1,0,0.0,—,1,0,0,0,0,0,1
Elon,Men's Basketball,0,0.0,0.0,0.0,0.0,0.0,0.0,0.0,0.0,0.0,0.0,0.0,0.0,0.0,0.0,0.0,0.0,0.0,0.0,0.0,0.0,0.0,0.0,0.0,0.0,0.0,0.0,0.571429,0.0,0.0,0.0,0.0,0.0,0.0,0.0,0.0,0.0,-1,0,0.0,—,1,0,0,0,0,0,1
N.C. A&T,Men's Basketball,0,0.0,0.0,0.0,0.0,0.0,0.0,0.0,0.0,0.0,0.0,0.0,0.0,0.0,0.0,0.0,0.0,0.0,0.0,0.0,0.0,0.0,0.0,0.0,0.0,0.0,0.0,0.607143,0.0,0.0,0.0,0.0,0.0,0.0,0.0,0.0,0.0,-1,0,0.0,—,1,0,0,0,0,0,1
Northeastern,Men's Basketball,0,0.0,0.0,0.0,0.0,0.0,0.0,0.0,0.0,0.0,0.0,0.0,0.0,0.0,0.0,0.0,0.0,0.0,0.0,0.0,0.0,0.0,0.0,0.0,0.0,0.0,0.0,0.785714,0.0,0.0,0.0,0.0,0.0,0.0,0.0,0.0,0.0,-1,0,0.0,—,1,0,0,0,0,0,1
Liberty,Men's Basketball,0,0.0,0.0,0.0,0.0,0.0,0.0,0.0,0.0,0.0,0.0,0.0,0.0,0.0,0.0,0.0,0.0,0.0,0.0,0.0,0.0,0.0,0.0,0.0,0.0,0.0,0.0,0.214286,0.0,0.0,0.0,0.0,0.0,0.0,0.0,0.0,0.0,-1,0,0.0,—,1,0,0,0,0,0,1
Sam Houston,Men's Basketball,0,0.0,0.0,0.0,0.0,0.0,0.0,0.0,0.0,0.0,0.0,0.0,0.0,0.0,0.0,0.0,0.0,0.0,0.0,0.0,0.0,0.0,0.0,0.0,0.0,0.0,0.0,0.357143,0.0,0.0,0.0,0.0,0.0,0.0,0.0,0.0,0.0,-1,0,0.0,—,1,0,0,0,0,0,1
Louisiana Tech,Men's Basketball,0,0.0,0.0,0.0,0.0,0.0,0.0,0.0,0.0,0.0,0.0,0.0,0.0,0.0,0.0,0.0,0.0,0.0,0.0,0.0,0.0,0.0,0.0,0.0,0.0,0.0,0.0,0.428571,0.0,0.0,0.0,0.0,0.0,0.0,0.0,0.0,0.0,-1,0,0.0,—,1,0,0,0,0,0,1
Western Ky.,Men's Basketball,0,0.0,0.0,0.0,0.0,0.0,0.0,0.0,0.0,0.0,0.0,0.0,0.0,0.0,0.0,0.0,0.0,0.0,0.0,0.0,0.0,0.0,0.0,0.0,0.0,0.0,0.0,0.428571,0.0,0.0,0.0,0.0,0.0,0.0,0.0,0.0,0.0,-1,0,0.0,—,1,0,0,0,0,0,1
Middle Tenn.,Men's Basketball,0,0.0,0.0,0.0,0.0,0.0,0.0,0.0,0.0,0.0,0.0,0.0,0.0,0.0,0.0,0.0,0.0,0.0,0.0,0.0,0.0,0.0,0.0,0.0,0.0,0.0,0.0,0.464286,0.0,0.0,0.0,0.0,0.0,0.0,0.0,0.0,0.0,-1,0,0.0,—,1,0,0,0,0,0,1
Kennesaw St.,Men's Basketball,0,0.0,0.0,0.0,0.0,0.0,0.0,0.0,0.0,0.0,0.0,0.0,0.0,0.0,0.0,0.0,0.0,0.0,0.0,0.0,0.0,0.0,0.0,0.0,0.0,0.0,0.0,0.428571,0.0,0.0,0.0,0.0,0.0,0.0,0.0,0.0,0.0,-1,0,0.0,—,1,0,0,0,0,0,1
Jacksonville St.,Men's Basketball,0,0.0,0.0,0.0,0.0,0.0,0.0,0.0,0.0,0.0,0.0,0.0,0.0,0.0,0.0,0.0,0.0,0.0,0.0,0.0,0.0,0.0,0.0,0.0,0.0,0.0,0.0,0.535714,0.0,0.0,0.0,0.0,0.0,0.0,0.0,0.0,0.0,-1,0,0.0,—,1,0,0,0,0,0,1
New Mexico St.,Men's Basketball,0,0.0,0.0,0.0,0.0,0.0,0.0,0.0,0.0,0.0,0.0,0.0,0.0,0.0,0.0,0.0,0.0,0.0,0.0,0.0,0.0,0.0,0.0,0.0,0.0,0.0,0.0,0.5,0.0,0.0,0.0,0.0,0.0,0.0,0.0,0.0,0.0,-1,0,0.0,—,1,0,0,0,0,0,1
Missouri St.,Men's Basketball,0,0.0,0.0,0.0,0.0,0.0,0.0,0.0,0.0,0.0,0.0,0.0,0.0,0.0,0.0,0.0,0.0,0.0,0.0,0.0,0.0,0.0,0.0,0.0,0.0,0.0,0.0,0.571429,0.0,0.0,0.0,0.0,0.0,0.0,0.0,0.0,0.0,-1,0,0.0,—,1,0,0,0,0,0,1
FIU,Men's Basketball,0,0.0,0.0,0.0,0.0,0.0,0.0,0.0,0.0,0.0,0.0,0.0,0.0,0.0,0.0,0.0,0.0,0.0,0.0,0.0,0.0,0.0,0.0,0.0,0.0,0.0,0.0,0.535714,0.0,0.0,0.0,0.0,0.0,0.0,0.0,0.0,0.0,-1,0,0.0,—,1,0,0,0,0,0,1
UTEP,Men's Basketball,0,0.0,0.0,0.0,0.0,0.0,0.0,0.0,0.0,0.0,0.0,0.0,0.0,0.0,0.0,0.0,0.0,0.0,0.0,0.0,0.0,0.0,0.0,0.0,0.0,0.0,0.0,0.642857,0.0,0.0,0.0,0.0,0.0,0.0,0.0,0.0,0.0,-1,0,0.0,—,1,0,0,0,0,0,1
Delaware,Men's Basketball,0,0.0,0.0,0.0,0.0,0.0,0.0,0.0,0.0,0.0,0.0,0.0,0.0,0.0,0.0,0.0,0.0,0.0,0.0,0.0,0.0,0.0,0.0,0.0,0.0,0.0,0.0,0.678571,0.0,0.0,0.0,0.0,0.0,0.0,0.0,0.0,0.0,-1,0,0.0,—,1,0,0,0,0,0,1
Wright St.,Men's Basketball,0,0.0,0.0,0.0,0.0,0.0,0.0,0.0,0.0,0.0,0.0,0.0,0.0,0.0,0.0,0.0,0.0,0.0,0.0,0.0,0.0,0.0,0.0,0.0,0.0,0.0,0.0,0.357143,0.0,0.0,0.0,0.0,0.0,0.0,0.0,0.0,0.0,-1,0,0.0,—,1,0,0,0,0,0,1
Robert Morris,Men's Basketball,0,0.0,0.0,0.0,0.0,0.0,0.0,0.0,0.0,0.0,0.0,0.0,0.0,0.0,0.0,0.0,0.0,0.0,0.0,0.0,0.0,0.0,0.0,0.0,0.0,0.0,0.0,0.321429,0.0,0.0,0.0,0.0,0.0,0.0,0.0,0.0,0.0,-1,0,0.0,—,1,0,0,0,0,0,1
Green Bay,Men's Basketball,0,0.0,0.0,0.0,0.0,0.0,0.0,0.0,0.0,0.0,0.0,0.0,0.0,0.0,0.0,0.0,0.0,0.0,0.0,0.0,0.0,0.0,0.0,0.0,0.0,0.0,0.0,0.464286,0.0,0.0,0.0,0.0,0.0,0.0,0.0,0.0,0.0,-1,0,0.0,—,1,0,0,0,0,0,1
Detroit Mercy,Men's Basketball,0,0.0,0.0,0.0,0.0,0.0,0.0,0.0,0.0,0.0,0.0,0.0,0.0,0.0,0.0,0.0,0.0,0.0,0.0,0.0,0.0,0.0,0.0,0.0,0.0,0.0,0.0,0.464286,0.0,0.0,0.0,0.0,0.0,0.0,0.0,0.0,0.0,-1,0,0.0,—,1,0,0,0,0,0,1
Oakland,Men's Basketball,0,0.0,0.0,0.0,0.0,0.0,0.0,0.0,0.0,0.0,0.0,0.0,0.0,0.0,0.0,0.0,0.0,0.0,0.0,0.0,0.0,0.0,0.0,0.0,0.0,0.0,0.0,0.5,0.0,0.0,0.0,0.0,0.0,0.0,0.0,0.0,0.0,-1,0,0.0,—,1,0,0,0,0,0,1
Purdue Fort Wayne,Men's Basketball,0,0.0,0.0,0.0,0.0,0.0,0.0,0.0,0.0,0.0,0.0,0.0,0.0,0.0,0.0,0.0,0.0,0.0,0.0,0.0,0.0,0.0,0.0,0.0,0.0,0.0,0.0,0.464286,0.0,0.0,0.0,0.0,0.0,0.0,0.0,0.0,0.0,-1,0,0.0,—,1,0,0,0,0,0,1
Northern Ky.,Men's Basketball,0,0.0,0.0,0.0,0.0,0.0,0.0,0.0,0.0,0.0,0.0,0.0,0.0,0.0,0.0,0.0,0.0,0.0,0.0,0.0,0.0,0.0,0.0,0.0,0.0,0.0,0.0,0.428571,0.0,0.0,0.0,0.0,0.0,0.0,0.0,0.0,0.0,-1,0,0.0,—,1,0,0,0,0,0,1
Youngstown St.,Men's Basketball,0,0.0,0.0,0.0,0.0,0.0,0.0,0.0,0.0,0.0,0.0,0.0,0.0,0.0,0.0,0.0,0.0,0.0,0.0,0.0,0.0,0.0,0.0,0.0,0.0,0.0,0.0,0.535714,0.0,0.0,0.0,0.0,0.0,0.0,0.0,0.0,0.0,-1,0,0.0,—,1,0,0,0,0,0,1
Milwaukee,Men's Basketball,0,0.0,0.0,0.0,0.0,0.0,0.0,0.0,0.0,0.0,0.0,0.0,0.0,0.0,0.0,0.0,0.0,0.0,0.0,0.0,0.0,0.0,0.0,0.0,0.0,0.0,0.0,0.642857,0.0,0.0,0.0,0.0,0.0,0.0,0.0,0.0,0.0,-1,0,0.0,—,1,0,0,0,0,0,1
Cleveland St.,Men's Basketball,0,0.0,0.0,0.0,0.0,0.0,0.0,0.0,0.0,0.0,0.0,0.0,0.0,0.0,0.0,0.0,0.0,0.0,0.0,0.0,0.0,0.0,0.0,0.0,0.0,0.0,0.0,0.714286,0.0,0.0,0.0,0.0,0.0,0.0,0.0,0.0,0.0,-1,0,0.0,—,1,0,0,0,0,0,1
IU Indy,Men's Basketball,0,0.0,0.0,0.0,0.0,0.0,0.0,0.0,0.0,0.0,0.0,0.0,0.0,0.0,0.0,0.0,0.0,0.0,0.0,0.0,0.0,0.0,0.0,0.0,0.0,0.0,0.0,0.821429,0.0,0.0,0.0,0.0,0.0,0.0,0.0,0.0,0.0,-1,0,0.0,—,1,0,0,0,0,0,1
Yale,Men's Basketball,0,0.0,0.0,0.0,0.0,0.0,0.0,0.0,0.0,0.0,0.0,0.0,0.0,0.0,0.0,0.0,0.0,0.0,0.0,0.0,0.0,0.0,0.0,0.0,0.0,0.0,0.0,0.178571,0.0,0.0,0.0,0.0,0.0,0.0,0.0,0.0,0.0,-1,0,0.0,—,1,0,0,0,0,0,1
Harvard,Men's Basketball,0,0.0,0.0,0.0,0.0,0.0,0.0,0.0,0.0,0.0,0.0,0.0,0.0,0.0,0.0,0.0,0.0,0.0,0.0,0.0,0.0,0.0,0.0,0.0,0.0,0.0,0.0,0.357143,0.0,0.0,0.0,0.0,0.0,0.0,0.0,0.0,0.0,-1,0,0.0,—,1,0,0,0,0,0,1
Penn,Men's Basketball,0,0.0,0.0,0.0,0.0,0.0,0.0,0.0,0.0,0.0,0.0,0.0,0.0,0.0,0.0,0.0,0.0,0.0,0.0,0.0,0.0,0.0,0.0,0.0,0.0,0.0,0.0,0.357143,0.0,0.0,0.0,0.0,0.0,0.0,0.0,0.0,0.0,-1,0,0.0,—,1,0,0,0,0,0,1
Cornell,Men's Basketball,0,0.0,0.0,0.0,0.0,0.0,0.0,0.0,0.0,0.0,0.0,0.0,0.0,0.0,0.0,0.0,0.0,0.0,0.0,0.0,0.0,0.0,0.0,0.0,0.0,0.0,0.0,0.392857,0.0,0.0,0.0,0.0,0.0,0.0,0.0,0.0,0.0,-1,0,0.0,—,1,0,0,0,0,0,1
Columbia,Men's Basketball,0,0.0,0.0,0.0,0.0,0.0,0.0,0.0,0.0,0.0,0.0,0.0,0.0,0.0,0.0,0.0,0.0,0.0,0.0,0.0,0.0,0.0,0.0,0.0,0.0,0.0,0.0,0.357143,0.0,0.0,0.0,0.0,0.0,0.0,0.0,0.0,0.0,-1,0,0.0,—,1,0,0,0,0,0,1
Dartmouth,Men's Basketball,0,0.0,0.0,0.0,0.0,0.0,0.0,0.0,0.0,0.0,0.0,0.0,0.0,0.0,0.0,0.0,0.0,0.0,0.0,0.0,0.0,0.0,0.0,0.0,0.0,0.0,0.0,0.5,0.0,0.0,0.0,0.0,0.0,0.0,0.0,0.0,0.0,-1,0,0.0,—,1,0,0,0,0,0,1
Princeton,Men's Basketball,0,0.0,0.0,0.0,0.0,0.0,0.0,0.0,0.0,0.0,0.0,0.0,0.0,0.0,0.0,0.0,0.0,0.0,0.0,0.0,0.0,0.0,0.0,0.0,0.0,0.0,0.0,0.642857,0.0,0.0,0.0,0.0,0.0,0.0,0.0,0.0,0.0,-1,0,0.0,—,1,0,0,0,0,0,1
Brown,Men's Basketball,0,0.0,0.0,0.0,0.0,0.0,0.0,0.0,0.0,0.0,0.0,0.0,0.0,0.0,0.0,0.0,0.0,0.0,0.0,0.0,0.0,0.0,0.0,0.0,0.0,0.0,0.0,0.571429,0.0,0.0,0.0,0.0,0.0,0.0,0.0,0.0,0.0,-1,0,0.0,—,1,0,0,0,0,0,1
Miami (OH),Men's Basketball,0,0.0,0.0,0.0,0.0,0.0,0.0,0.0,0.0,0.0,0.0,0.0,0.0,0.0,0.0,0.0,0.0,0.0,0.0,0.0,0.0,0.0,0.0,0.0,0.0,0.0,0.0,0.0,0.0,0.0,0.0,0.0,0.0,0.0,0.0,0.0,0.0,-1,0,0.0,—,1,0,0,0,0,0,1
Akron,Men's Basketball,0,0.0,0.0,0.0,0.0,0.0,0.0,0.0,0.0,0.0,0.0,0.0,0.0,0.0,0.0,0.0,0.0,0.0,0.0,0.0,0.0,0.0,0.0,0.0,0.0,0.0,0.0,0.142857,0.0,0.0,0.0,0.0,0.0,0.0,0.0,0.0,0.0,-1,0,0.0,—,1,0,0,0,0,0,1
Kent St.,Men's Basketball,0,0.0,0.0,0.0,0.0,0.0,0.0,0.0,0.0,0.0,0.0,0.0,0.0,0.0,0.0,0.0,0.0,0.0,0.0,0.0,0.0,0.0,0.0,0.0,0.0,0.0,0.0,0.285714,0.0,0.0,0.0,0.0,0.0,0.0,0.0,0.0,0.0,-1,0,0.0,—,1,0,0,0,0,0,1
Toledo,Men's Basketball,0,0.0,0.0,0.0,0.0,0.0,0.0,0.0,0.0,0.0,0.0,0.0,0.0,0.0,0.0,0.0,0.0,0.0,0.0,0.0,0.0,0.0,0.0,0.0,0.0,0.0,0.0,0.464286,0.0,0.0,0.0,0.0,0.0,0.0,0.0,0.0,0.0,-1,0,0.0,—,1,0,0,0,0,0,1
Bowling Green,Men's Basketball,0,0.0,0.0,0.0,0.0,0.0,0.0,0.0,0.0,0.0,0.0,0.0,0.0,0.0,0.0,0.0,0.0,0.0,0.0,0.0,0.0,0.0,0.0,0.0,0.0,0.0,0.0,0.428571,0.0,0.0,0.0,0.0,0.0,0.0,0.0,0.0,0.0,-1,0,0.0,—,1,0,0,0,0,0,1
Ohio,Men's Basketball,0,0.0,0.0,0.0,0.0,0.0,0.0,0.0,0.0,0.0,0.0,0.0,0.0,0.0,0.0,0.0,0.0,0.0,0.0,0.0,0.0,0.0,0.0,0.0,0.0,0.0,0.0,0.535714,0.0,0.0,0.0,0.0,0.0,0.0,0.0,0.0,0.0,-1,0,0.0,—,1,0,0,0,0,0,1
Buffalo,Men's Basketball,0,0.0,0.0,0.0,0.0,0.0,0.0,0.0,0.0,0.0,0.0,0.0,0.0,0.0,0.0,0.0,0.0,0.0,0.0,0.0,0.0,0.0,0.0,0.0,0.0,0.0,0.0,0.464286,0.0,0.0,0.0,0.0,0.0,0.0,0.0,0.0,0.0,-1,0,0.0,—,1,0,0,0,0,0,1
Massachusetts,Men's Basketball,0,0.0,0.0,0.0,0.0,0.0,0.0,0.0,0.0,0.0,0.0,0.0,0.0,0.0,0.0,0.0,0.0,0.0,0.0,0.0,0.0,0.0,0.0,0.0,0.0,0.0,0.0,0.5,0.0,0.0,0.0,0.0,0.0,0.0,0.0,0.0,0.0,-1,0,0.0,—,1,0,0,0,0,0,1
Ball St.,Men's Basketball,0,0.0,0.0,0.0,0.0,0.0,0.0,0.0,0.0,0.0,0.0,0.0,0.0,0.0,0.0,0.0,0.0,0.0,0.0,0.0,0.0,0.0,0.0,0.0,0.0,0.0,0.0,0.607143,0.0,0.0,0.0,0.0,0.0,0.0,0.0,0.0,0.0,-1,0,0.0,—,1,0,0,0,0,0,1
Central Mich.,Men's Basketball,0,0.0,0.0,0.0,0.0,0.0,0.0,0.0,0.0,0.0,0.0,0.0,0.0,0.0,0.0,0.0,0.0,0.0,0.0,0.0,0.0,0.0,0.0,0.0,0.0,0.0,0.0,0.678571,0.0,0.0,0.0,0.0,0.0,0.0,0.0,0.0,0.0,-1,0,0.0,—,1,0,0,0,0,0,1
Western Mich.,Men's Basketball,0,0.0,0.0,0.0,0.0,0.0,0.0,0.0,0.0,0.0,0.0,0.0,0.0,0.0,0.0,0.0,0.0,0.0,0.0,0.0,0.0,0.0,0.0,0.0,0.0,0.0,0.0,0.678571,0.0,0.0,0.0,0.0,0.0,0.0,0.0,0.0,0.0,-1,0,0.0,—,1,0,0,0,0,0,1
Eastern Mich.,Men's Basketball,0,0.0,0.0,0.0,0.0,0.0,0.0,0.0,0.0,0.0,0.0,0.0,0.0,0.0,0.0,0.0,0.0,0.0,0.0,0.0,0.0,0.0,0.0,0.0,0.0,0.0,0.0,0.678571,0.0,0.0,0.0,0.0,0.0,0.0,0.0,0.0,0.0,-1,0,0.0,—,1,0,0,0,0,0,1
NIU,Men's Basketball,0,0.0,0.0,0.0,0.0,0.0,0.0,0.0,0.0,0.0,0.0,0.0,0.0,0.0,0.0,0.0,0.0,0.0,0.0,0.0,0.0,0.0,0.0,0.0,0.0,0.0,0.0,0.678571,0.0,0.0,0.0,0.0,0.0,0.0,0.0,0.0,0.0,-1,0,0.0,—,1,0,0,0,0,0,1
Howard,Men's Basketball,0,0.0,0.0,0.0,0.0,0.0,0.0,0.0,0.0,0.0,0.0,0.0,0.0,0.0,0.0,0.0,0.0,0.0,0.0,0.0,0.0,0.0,0.0,0.0,0.0,0.0,0.0,0.321429,0.0,0.0,0.0,0.0,0.0,0.0,0.0,0.0,0.0,-1,0,0.0,—,1,0,0,0,0,0,1
Morgan St.,Men's Basketball,0,0.0,0.0,0.0,0.0,0.0,0.0,0.0,0.0,0.0,0.0,0.0,0.0,0.0,0.0,0.0,0.0,0.0,0.0,0.0,0.0,0.0,0.0,0.0,0.0,0.0,0.0,0.5,0.0,0.0,0.0,0.0,0.0,0.0,0.0,0.0,0.0,-1,0,0.0,—,1,0,0,0,0,0,1
Norfolk St.,Men's Basketball,0,0.0,0.0,0.0,0.0,0.0,0.0,0.0,0.0,0.0,0.0,0.0,0.0,0.0,0.0,0.0,0.0,0.0,0.0,0.0,0.0,0.0,0.0,0.0,0.0,0.0,0.0,0.535714,0.0,0.0,0.0,0.0,0.0,0.0,0.0,0.0,0.0,-1,0,0.0,—,1,0,0,0,0,0,1
N.C. Central,Men's Basketball,0,0.0,0.0,0.0,0.0,0.0,0.0,0.0,0.0,0.0,0.0,0.0,0.0,0.0,0.0,0.0,0.0,0.0,0.0,0.0,0.0,0.0,0.0,0.0,0.0,0.0,0.0,0.571429,0.0,0.0,0.0,0.0,0.0,0.0,0.0,0.0,0.0,-1,0,0.0,—,1,0,0,0,0,0,1
South Carolina St.,Men's Basketball,0,0.0,0.0,0.0,0.0,0.0,0.0,0.0,0.0,0.0,0.0,0.0,0.0,0.0,0.0,0.0,0.0,0.0,0.0,0.0,0.0,0.0,0.0,0.0,0.0,0.0,0.0,0.714286,0.0,0.0,0.0,0.0,0.0,0.0,0.0,0.0,0.0,-1,0,0.0,—,1,0,0,0,0,0,1
UMES,Men's Basketball,0,0.0,0.0,0.0,0.0,0.0,0.0,0.0,0.0,0.0,0.0,0.0,0.0,0.0,0.0,0.0,0.0,0.0,0.0,0.0,0.0,0.0,0.0,0.0,0.0,0.0,0.0,0.75,0.0,0.0,0.0,0.0,0.0,0.0,0.0,0.0,0.0,-1,0,0.0,—,1,0,0,0,0,0,1
Coppin St.,Men's Basketball,0,0.0,0.0,0.0,0.0,0.0,0.0,0.0,0.0,0.0,0.0,0.0,0.0,0.0,0.0,0.0,0.0,0.0,0.0,0.0,0.0,0.0,0.0,0.0,0.0,0.0,0.0,0.785714,0.0,0.0,0.0,0.0,0.0,0.0,0.0,0.0,0.0,-1,0,0.0,—,1,0,0,0,0,0,1
Delaware St.,Men's Basketball,0,0.0,0.0,0.0,0.0,0.0,0.0,0.0,0.0,0.0,0.0,0.0,0.0,0.0,0.0,0.0,0.0,0.0,0.0,0.0,0.0,0.0,0.0,0.0,0.0,0.0,0.0,0.75,0.0,0.0,0.0,0.0,0.0,0.0,0.0,0.0,0.0,-1,0,0.0,—,1,0,0,0,0,0,1
Merrimack,Men's Basketball,0,0.0,0.0,0.0,0.0,0.0,0.0,0.0,0.0,0.0,0.0,0.0,0.0,0.0,0.0,0.0,0.0,0.0,0.0,0.0,0.0,0.0,0.0,0.0,0.0,0.0,0.0,0.321429,0.0,0.0,0.0,0.0,0.0,0.0,0.0,0.0,0.0,-1,0,0.0,—,1,0,0,0,0,0,1
Saint Peter's,Men's Basketball,0,0.0,0.0,0.0,0.0,0.0,0.0,0.0,0.0,0.0,0.0,0.0,0.0,0.0,0.0,0.0,0.0,0.0,0.0,0.0,0.0,0.0,0.0,0.0,0.0,0.0,0.0,0.357143,0.0,0.0,0.0,0.0,0.0,0.0,0.0,0.0,0.0,-1,0,0.0,—,1,0,0,0,0,0,1
Siena,Men's Basketball,0,0.0,0.0,0.0,0.0,0.0,0.0,0.0,0.0,0.0,0.0,0.0,0.0,0.0,0.0,0.0,0.0,0.0,0.0,0.0,0.0,0.0,0.0,0.0,0.0,0.0,0.0,0.357143,0.0,0.0,0.0,0.0,0.0,0.0,0.0,0.0,0.0,-1,0,0.0,—,1,0,0,0,0,0,1
Marist,Men's Basketball,0,0.0,0.0,0.0,0.0,0.0,0.0,0.0,0.0,0.0,0.0,0.0,0.0,0.0,0.0,0.0,0.0,0.0,0.0,0.0,0.0,0.0,0.0,0.0,0.0,0.0,0.0,0.357143,0.0,0.0,0.0,0.0,0.0,0.0,0.0,0.0,0.0,-1,0,0.0,—,1,0,0,0,0,0,1
Quinnipiac,Men's Basketball,0,0.0,0.0,0.0,0.0,0.0,0.0,0.0,0.0,0.0,0.0,0.0,0.0,0.0,0.0,0.0,0.0,0.0,0.0,0.0,0.0,0.0,0.0,0.0,0.0,0.0,0.0,0.392857,0.0,0.0,0.0,0.0,0.0,0.0,0.0,0.0,0.0,-1,0,0.0,—,1,0,0,0,0,0,1
Fairfield,Men's Basketball,0,0.0,0.0,0.0,0.0,0.0,0.0,0.0,0.0,0.0,0.0,0.0,0.0,0.0,0.0,0.0,0.0,0.0,0.0,0.0,0.0,0.0,0.0,0.0,0.0,0.0,0.0,0.392857,0.0,0.0,0.0,0.0,0.0,0.0,0.0,0.0,0.0,-1,0,0.0,—,1,0,0,0,0,0,1
Mount St. Mary's,Men's Basketball,0,0.0,0.0,0.0,0.0,0.0,0.0,0.0,0.0,0.0,0.0,0.0,0.0,0.0,0.0,0.0,0.0,0.0,0.0,0.0,0.0,0.0,0.0,0.0,0.0,0.0,0.0,0.535714,0.0,0.0,0.0,0.0,0.0,0.0,0.0,0.0,0.0,-1,0,0.0,—,1,0,0,0,0,0,1
Iona,Men's Basketball,0,0.0,0.0,0.0,0.0,0.0,0.0,0.0,0.0,0.0,0.0,0.0,0.0,0.0,0.0,0.0,0.0,0.0,0.0,0.0,0.0,0.0,0.0,0.0,0.0,0.0,0.0,0.428571,0.0,0.0,0.0,0.0,0.0,0.0,0.0,0.0,0.0,-1,0,0.0,—,1,0,0,0,0,0,1
Sacred Heart,Men's Basketball,0,0.0,0.0,0.0,0.0,0.0,0.0,0.0,0.0,0.0,0.0,0.0,0.0,0.0,0.0,0.0,0.0,0.0,0.0,0.0,0.0,0.0,0.0,0.0,0.0,0.0,0.0,0.607143,0.0,0.0,0.0,0.0,0.0,0.0,0.0,0.0,0.0,-1,0,0.0,—,1,0,0,0,0,0,1
Manhattan,Men's Basketball,0,0.0,0.0,0.0,0.0,0.0,0.0,0.0,0.0,0.0,0.0,0.0,0.0,0.0,0.0,0.0,0.0,0.0,0.0,0.0,0.0,0.0,0.0,0.0,0.0,0.0,0.0,0.642857,0.0,0.0,0.0,0.0,0.0,0.0,0.0,0.0,0.0,-1,0,0.0,—,1,0,0,0,0,0,1
Canisius,Men's Basketball,0,0.0,0.0,0.0,0.0,0.0,0.0,0.0,0.0,0.0,0.0,0.0,0.0,0.0,0.0,0.0,0.0,0.0,0.0,0.0,0.0,0.0,0.0,0.0,0.0,0.0,0.0,0.678571,0.0,0.0,0.0,0.0,0.0,0.0,0.0,0.0,0.0,-1,0,0.0,—,1,0,0,0,0,0,1
Niagara,Men's Basketball,0,0.0,0.0,0.0,0.0,0.0,0.0,0.0,0.0,0.0,0.0,0.0,0.0,0.0,0.0,0.0,0.0,0.0,0.0,0.0,0.0,0.0,0.0,0.0,0.0,0.0,0.0,0.714286,0.0,0.0,0.0,0.0,0.0,0.0,0.0,0.0,0.0,-1,0,0.0,—,1,0,0,0,0,0,1
Rider,Men's Basketball,0,0.0,0.0,0.0,0.0,0.0,0.0,0.0,0.0,0.0,0.0,0.0,0.0,0.0,0.0,0.0,0.0,0.0,0.0,0.0,0.0,0.0,0.0,0.0,0.0,0.0,0.0,0.821429,0.0,0.0,0.0,0.0,0.0,0.0,0.0,0.0,0.0,-1,0,0.0,—,1,0,0,0,0,0,1
Utah St.,Men's Basketball,0,0.0,0.0,0.0,0.0,0.0,0.0,0.0,0.0,0.0,0.0,0.0,0.0,0.0,0.0,0.0,0.0,0.0,0.0,0.0,0.0,0.0,0.0,0.0,0.0,0.0,0.0,0.178571,0.0,0.0,0.0,0.0,0.0,0.0,0.0,0.0,0.0,-1,0,0.0,—,1,0,0,0,0,0,1
San Diego St.,Men's Basketball,0,0.0,0.0,0.0,0.0,0.0,0.0,0.0,0.0,0.0,0.0,0.0,0.0,0.0,0.0,0.0,0.0,0.0,0.0,0.0,0.0,0.0,0.0,0.0,0.0,0.0,0.0,0.321429,0.0,0.0,0.0,0.0,0.0,0.0,0.0,0.0,0.0,-1,0,0.0,—,1,0,0,0,0,0,1
New Mexico,Men's Basketball,0,0.0,0.0,0.0,0.0,0.0,0.0,0.0,0.0,0.0,0.0,0.0,0.0,0.0,0.0,0.0,0.0,0.0,0.0,0.0,0.0,0.0,0.0,0.0,0.0,0.0,0.0,0.321429,0.0,0.0,0.0,0.0,0.0,0.0,0.0,0.0,0.0,-1,0,0.0,—,1,0,0,0,0,0,1
Grand Canyon,Men's Basketball,0,0.0,0.0,0.0,0.0,0.0,0.0,0.0,0.0,0.0,0.0,0.0,0.0,0.0,0.0,0.0,0.0,0.0,0.0,0.0,0.0,0.0,0.0,0.0,0.0,0.0,0.0,0.357143,0.0,0.0,0.0,0.0,0.0,0.0,0.0,0.0,0.0,-1,0,0.0,—,1,0,0,0,0,0,1
Nevada,Men's Basketball,0,0.0,0.0,0.0,0.0,0.0,0.0,0.0,0.0,0.0,0.0,0.0,0.0,0.0,0.0,0.0,0.0,0.0,0.0,0.0,0.0,0.0,0.0,0.0,0.0,0.0,0.0,0.392857,0.0,0.0,0.0,0.0,0.0,0.0,0.0,0.0,0.0,-1,0,0.0,—,1,0,0,0,0,0,1
Boise St.,Men's Basketball,0,0.0,0.0,0.0,0.0,0.0,0.0,0.0,0.0,0.0,0.0,0.0,0.0,0.0,0.0,0.0,0.0,0.0,0.0,0.0,0.0,0.0,0.0,0.0,0.0,0.0,0.0,0.357143,0.0,0.0,0.0,0.0,0.0,0.0,0.0,0.0,0.0,-1,0,0.0,—,1,0,0,0,0,0,1
Colorado St.,Men's Basketball,0,0.0,0.0,0.0,0.0,0.0,0.0,0.0,0.0,0.0,0.0,0.0,0.0,0.0,0.0,0.0,0.0,0.0,0.0,0.0,0.0,0.0,0.0,0.0,0.0,0.0,0.0,0.392857,0.0,0.0,0.0,0.0,0.0,0.0,0.0,0.0,0.0,-1,0,0.0,—,1,0,0,0,0,0,1
UNLV,Men's Basketball,0,0.0,0.0,0.0,0.0,0.0,0.0,0.0,0.0,0.0,0.0,0.0,0.0,0.0,0.0,0.0,0.0,0.0,0.0,0.0,0.0,0.0,0.0,0.0,0.0,0.0,0.0,0.535714,0.0,0.0,0.0,0.0,0.0,0.0,0.0,0.0,0.0,-1,0,0.0,—,1,0,0,0,0,0,1
Wyoming,Men's Basketball,0,0.0,0.0,0.0,0.0,0.0,0.0,0.0,0.0,0.0,0.0,0.0,0.0,0.0,0.0,0.0,0.0,0.0,0.0,0.0,0.0,0.0,0.0,0.0,0.0,0.0,0.0,0.464286,0.0,0.0,0.0,0.0,0.0,0.0,0.0,0.0,0.0,-1,0,0.0,—,1,0,0,0,0,0,1
Fresno St.,Men's Basketball,0,0.0,0.0,0.0,0.0,0.0,0.0,0.0,0.0,0.0,0.0,0.0,0.0,0.0,0.0,0.0,0.0,0.0,0.0,0.0,0.0,0.0,0.0,0.0,0.0,0.0,0.0,0.607143,0.0,0.0,0.0,0.0,0.0,0.0,0.0,0.0,0.0,-1,0,0.0,—,1,0,0,0,0,0,1
San Jose St.,Men's Basketball,0,0.0,0.0,0.0,0.0,0.0,0.0,0.0,0.0,0.0,0.0,0.0,0.0,0.0,0.0,0.0,0.0,0.0,0.0,0.0,0.0,0.0,0.0,0.0,0.0,0.0,0.0,0.785714,0.0,0.0,0.0,0.0,0.0,0.0,0.0,0.0,0.0,-1,0,0.0,—,1,0,0,0,0,0,1
Air Force,Men's Basketball,0,0.0,0.0,0.0,0.0,0.0,0.0,0.0,0.0,0.0,0.0,0.0,0.0,0.0,0.0,0.0,0.0,0.0,0.0,0.0,0.0,0.0,0.0,0.0,0.0,0.0,0.0,0.964286,0.0,0.0,0.0,0.0,0.0,0.0,0.0,0.0,0.0,-1,0,0.0,—,1,0,0,0,0,0,1
Belmont,Men's Basketball,0,0.0,0.0,0.0,0.0,0.0,0.0,0.0,0.0,0.0,0.0,0.0,0.0,0.0,0.0,0.0,0.0,0.0,0.0,0.0,0.0,0.0,0.0,0.0,0.0,0.0,0.0,0.142857,0.0,0.0,0.0,0.0,0.0,0.0,0.0,0.0,0.0,-1,0,0.0,—,1,0,0,0,0,0,1
Bradley,Men's Basketball,0,0.0,0.0,0.0,0.0,0.0,0.0,0.0,0.0,0.0,0.0,0.0,0.0,0.0,0.0,0.0,0.0,0.0,0.0,0.0,0.0,0.0,0.0,0.0,0.0,0.0,0.0,0.392857,0.0,0.0,0.0,0.0,0.0,0.0,0.0,0.0,0.0,-1,0,0.0,—,1,0,0,0,0,0,1
Illinois St.,Men's Basketball,0,0.0,0.0,0.0,0.0,0.0,0.0,0.0,0.0,0.0,0.0,0.0,0.0,0.0,0.0,0.0,0.0,0.0,0.0,0.0,0.0,0.0,0.0,0.0,0.0,0.0,0.0,0.392857,0.0,0.0,0.0,0.0,0.0,0.0,0.0,0.0,0.0,-1,0,0.0,—,1,0,0,0,0,0,1
Murray St.,Men's Basketball,0,0.0,0.0,0.0,0.0,0.0,0.0,0.0,0.0,0.0,0.0,0.0,0.0,0.0,0.0,0.0,0.0,0.0,0.0,0.0,0.0,0.0,0.0,0.0,0.0,0.0,0.0,0.392857,0.0,0.0,0.0,0.0,0.0,0.0,0.0,0.0,0.0,-1,0,0.0,—,1,0,0,0,0,0,1
UIC,Men's Basketball,0,0.0,0.0,0.0,0.0,0.0,0.0,0.0,0.0,0.0,0.0,0.0,0.0,0.0,0.0,0.0,0.0,0.0,0.0,0.0,0.0,0.0,0.0,0.0,0.0,0.0,0.0,0.5,0.0,0.0,0.0,0.0,0.0,0.0,0.0,0.0,0.0,-1,0,0.0,—,1,0,0,0,0,0,1
UNI,Men's Basketball,0,0.0,0.0,0.0,0.0,0.0,0.0,0.0,0.0,0.0,0.0,0.0,0.0,0.0,0.0,0.0,0.0,0.0,0.0,0.0,0.0,0.0,0.0,0.0,0.0,0.0,0.0,0.392857,0.0,0.0,0.0,0.0,0.0,0.0,0.0,0.0,0.0,-1,0,0.0,—,1,0,0,0,0,0,1
Valparaiso,Men's Basketball,0,0.0,0.0,0.0,0.0,0.0,0.0,0.0,0.0,0.0,0.0,0.0,0.0,0.0,0.0,0.0,0.0,0.0,0.0,0.0,0.0,0.0,0.0,0.0,0.0,0.0,0.0,0.464286,0.0,0.0,0.0,0.0,0.0,0.0,0.0,0.0,0.0,-1,0,0.0,—,1,0,0,0,0,0,1
Southern Ill.,Men's Basketball,0,0.0,0.0,0.0,0.0,0.0,0.0,0.0,0.0,0.0,0.0,0.0,0.0,0.0,0.0,0.0,0.0,0.0,0.0,0.0,0.0,0.0,0.0,0.0,0.0,0.0,0.0,0.5,0.0,0.0,0.0,0.0,0.0,0.0,0.0,0.0,0.0,-1,0,0.0,—,1,0,0,0,0,0,1
Drake,Men's Basketball,0,0.0,0.0,0.0,0.0,0.0,0.0,0.0,0.0,0.0,0.0,0.0,0.0,0.0,0.0,0.0,0.0,0.0,0.0,0.0,0.0,0.0,0.0,0.0,0.0,0.0,0.0,0.642857,0.0,0.0,0.0,0.0,0.0,0.0,0.0,0.0,0.0,-1,0,0.0,—,1,0,0,0,0,0,1
Indiana St.,Men's Basketball,0,0.0,0.0,0.0,0.0,0.0,0.0,0.0,0.0,0.0,0.0,0.0,0.0,0.0,0.0,0.0,0.0,0.0,0.0,0.0,0.0,0.0,0.0,0.0,0.0,0.0,0.0,0.678571,0.0,0.0,0.0,0.0,0.0,0.0,0.0,0.0,0.0,-1,0,0.0,—,1,0,0,0,0,0,1
Evansville,Men's Basketball,0,0.0,0.0,0.0,0.0,0.0,0.0,0.0,0.0,0.0,0.0,0.0,0.0,0.0,0.0,0.0,0.0,0.0,0.0,0.0,0.0,0.0,0.0,0.0,0.0,0.0,0.0,0.821429,0.0,0.0,0.0,0.0,0.0,0.0,0.0,0.0,0.0,-1,0,0.0,—,1,0,0,0,0,0,1
LIU,Men's Basketball,0,0.0,0.0,0.0,0.0,0.0,0.0,0.0,0.0,0.0,0.0,0.0,0.0,0.0,0.0,0.0,0.0,0.0,0.0,0.0,0.0,0.0,0.0,0.0,0.0,0.0,0.0,0.321429,0.0,0.0,0.0,0.0,0.0,0.0,0.0,0.0,0.0,-1,0,0.0,—,1,0,0,0,0,0,1
Central Conn. St.,Men's Basketball,0,0.0,0.0,0.0,0.0,0.0,0.0,0.0,0.0,0.0,0.0,0.0,0.0,0.0,0.0,0.0,0.0,0.0,0.0,0.0,0.0,0.0,0.0,0.0,0.0,0.0,0.0,0.357143,0.0,0.0,0.0,0.0,0.0,0.0,0.0,0.0,0.0,-1,0,0.0,—,1,0,0,0,0,0,1
Mercyhurst,Men's Basketball,0,0.0,0.0,0.0,0.0,0.0,0.0,0.0,0.0,0.0,0.0,0.0,0.0,0.0,0.0,0.0,0.0,0.0,0.0,0.0,0.0,0.0,0.0,0.0,0.0,0.0,0.0,0.535714,0.0,0.0,0.0,0.0,0.0,0.0,0.0,0.0,0.0,-1,0,0.0,—,1,0,0,0,0,0,1
Le Moyne,Men's Basketball,0,0.0,0.0,0.0,0.0,0.0,0.0,0.0,0.0,0.0,0.0,0.0,0.0,0.0,0.0,0.0,0.0,0.0,0.0,0.0,0.0,0.0,0.0,0.0,0.0,0.0,0.0,0.535714,0.0,0.0,0.0,0.0,0.0,0.0,0.0,0.0,0.0,-1,0,0.0,—,1,0,0,0,0,0,1
New Haven,Men's Basketball,0,0.0,0.0,0.0,0.0,0.0,0.0,0.0,0.0,0.0,0.0,0.0,0.0,0.0,0.0,0.0,0.0,0.0,0.0,0.0,0.0,0.0,0.0,0.0,0.0,0.0,0.0,0.535714,0.0,0.0,0.0,0.0,0.0,0.0,0.0,0.0,0.0,-1,0,0.0,—,1,0,0,0,0,0,1
Wagner,Men's Basketball,0,0.0,0.0,0.0,0.0,0.0,0.0,0.0,0.0,0.0,0.0,0.0,0.0,0.0,0.0,0.0,0.0,0.0,0.0,0.0,0.0,0.0,0.0,0.0,0.0,0.0,0.0,0.535714,0.0,0.0,0.0,0.0,0.0,0.0,0.0,0.0,0.0,-1,0,0.0,—,1,0,0,0,0,0,1
Stonehill,Men's Basketball,0,0.0,0.0,0.0,0.0,0.0,0.0,0.0,0.0,0.0,0.0,0.0,0.0,0.0,0.0,0.0,0.0,0.0,0.0,0.0,0.0,0.0,0.0,0.0,0.0,0.0,0.0,0.678571,0.0,0.0,0.0,0.0,0.0,0.0,0.0,0.0,0.0,-1,0,0.0,—,1,0,0,0,0,0,1
FDU,Men's Basketball,0,0.0,0.0,0.0,0.0,0.0,0.0,0.0,0.0,0.0,0.0,0.0,0.0,0.0,0.0,0.0,0.0,0.0,0.0,0.0,0.0,0.0,0.0,0.0,0.0,0.0,0.0,0.678571,0.0,0.0,0.0,0.0,0.0,0.0,0.0,0.0,0.0,-1,0,0.0,—,1,0,0,0,0,0,1
Saint Francis,Men's Basketball,0,0.0,0.0,0.0,0.0,0.0,0.0,0.0,0.0,0.0,0.0,0.0,0.0,0.0,0.0,0.0,0.0,0.0,0.0,0.0,0.0,0.0,0.0,0.0,0.0,0.0,0.0,0.785714,0.0,0.0,0.0,0.0,0.0,0.0,0.0,0.0,0.0,-1,0,0.0,—,1,0,0,0,0,0,1
Chicago St.,Men's Basketball,0,0.0,0.0,0.0,0.0,0.0,0.0,0.0,0.0,0.0,0.0,0.0,0.0,0.0,0.0,0.0,0.0,0.0,0.0,0.0,0.0,0.0,0.0,0.0,0.0,0.0,0.0,0.821429,0.0,0.0,0.0,0.0,0.0,0.0,0.0,0.0,0.0,-1,0,0.0,—,1,0,0,0,0,0,1
Tennessee St.,Men's Basketball,0,0.0,0.0,0.0,0.0,0.0,0.0,0.0,0.0,0.0,0.0,0.0,0.0,0.0,0.0,0.0,0.0,0.0,0.0,0.0,0.0,0.0,0.0,0.0,0.0,0.0,0.0,0.285714,0.0,0.0,0.0,0.0,0.0,0.0,0.0,0.0,0.0,-1,0,0.0,—,1,0,0,0,0,0,1
Morehead St.,Men's Basketball,0,0.0,0.0,0.0,0.0,0.0,0.0,0.0,0.0,0.0,0.0,0.0,0.0,0.0,0.0,0.0,0.0,0.0,0.0,0.0,0.0,0.0,0.0,0.0,0.0,0.0,0.0,0.392857,0.0,0.0,0.0,0.0,0.0,0.0,0.0,0.0,0.0,-1,0,0.0,—,1,0,0,0,0,0,1
Southeast Mo. St.,Men's Basketball,0,0.0,0.0,0.0,0.0,0.0,0.0,0.0,0.0,0.0,0.0,0.0,0.0,0.0,0.0,0.0,0.0,0.0,0.0,0.0,0.0,0.0,0.0,0.0,0.0,0.0,0.0,0.392857,0.0,0.0,0.0,0.0,0.0,0.0,0.0,0.0,0.0,-1,0,0.0,—,1,0,0,0,0,0,1
UT Martin,Men's Basketball,0,0.0,0.0,0.0,0.0,0.0,0.0,0.0,0.0,0.0,0.0,0.0,0.0,0.0,0.0,0.0,0.0,0.0,0.0,0.0,0.0,0.0,0.0,0.0,0.0,0.0,0.0,0.321429,0.0,0.0,0.0,0.0,0.0,0.0,0.0,0.0,0.0,-1,0,0.0,—,1,0,0,0,0,0,1
SIUE,Men's Basketball,0,0.0,0.0,0.0,0.0,0.0,0.0,0.0,0.0,0.0,0.0,0.0,0.0,0.0,0.0,0.0,0.0,0.0,0.0,0.0,0.0,0.0,0.0,0.0,0.0,0.0,0.0,0.392857,0.0,0.0,0.0,0.0,0.0,0.0,0.0,0.0,0.0,-1,0,0.0,—,1,0,0,0,0,0,1
Lindenwood,Men's Basketball,0,0.0,0.0,0.0,0.0,0.0,0.0,0.0,0.0,0.0,0.0,0.0,0.0,0.0,0.0,0.0,0.0,0.0,0.0,0.0,0.0,0.0,0.0,0.0,0.0,0.0,0.0,0.464286,0.0,0.0,0.0,0.0,0.0,0.0,0.0,0.0,0.0,-1,0,0.0,—,1,0,0,0,0,0,1
Little Rock,Men's Basketball,0,0.0,0.0,0.0,0.0,0.0,0.0,0.0,0.0,0.0,0.0,0.0,0.0,0.0,0.0,0.0,0.0,0.0,0.0,0.0,0.0,0.0,0.0,0.0,0.0,0.0,0.0,0.642857,0.0,0.0,0.0,0.0,0.0,0.0,0.0,0.0,0.0,-1,0,0.0,—,1,0,0,0,0,0,1
Tennessee Tech,Men's Basketball,0,0.0,0.0,0.0,0.0,0.0,0.0,0.0,0.0,0.0,0.0,0.0,0.0,0.0,0.0,0.0,0.0,0.0,0.0,0.0,0.0,0.0,0.0,0.0,0.0,0.0,0.0,0.571429,0.0,0.0,0.0,0.0,0.0,0.0,0.0,0.0,0.0,-1,0,0.0,—,1,0,0,0,0,0,1
Eastern Ill.,Men's Basketball,0,0.0,0.0,0.0,0.0,0.0,0.0,0.0,0.0,0.0,0.0,0.0,0.0,0.0,0.0,0.0,0.0,0.0,0.0,0.0,0.0,0.0,0.0,0.0,0.0,0.0,0.0,0.642857,0.0,0.0,0.0,0.0,0.0,0.0,0.0,0.0,0.0,-1,0,0.0,—,1,0,0,0,0,0,1
Southern Ind.,Men's Basketball,0,0.0,0.0,0.0,0.0,0.0,0.0,0.0,0.0,0.0,0.0,0.0,0.0,0.0,0.0,0.0,0.0,0.0,0.0,0.0,0.0,0.0,0.0,0.0,0.0,0.0,0.0,0.75,0.0,0.0,0.0,0.0,0.0,0.0,0.0,0.0,0.0,-1,0,0.0,—,1,0,0,0,0,0,1
Western Ill.,Men's Basketball,0,0.0,0.0,0.0,0.0,0.0,0.0,0.0,0.0,0.0,0.0,0.0,0.0,0.0,0.0,0.0,0.0,0.0,0.0,0.0,0.0,0.0,0.0,0.0,0.0,0.0,0.0,0.857143,0.0,0.0,0.0,0.0,0.0,0.0,0.0,0.0,0.0,-1,0,0.0,—,1,0,0,0,0,0,1
Navy,Men's Basketball,0,0.0,0.0,0.0,0.0,0.0,0.0,0.0,0.0,0.0,0.0,0.0,0.0,0.0,0.0,0.0,0.0,0.0,0.0,0.0,0.0,0.0,0.0,0.0,0.0,0.0,0.0,0.214286,0.0,0.0,0.0,0.0,0.0,0.0,0.0,0.0,0.0,-1,0,0.0,—,1,0,0,0,0,0,1
Colgate,Men's Basketball,0,0.0,0.0,0.0,0.0,0.0,0.0,0.0,0.0,0.0,0.0,0.0,0.0,0.0,0.0,0.0,0.0,0.0,0.0,0.0,0.0,0.0,0.0,0.0,0.0,0.0,0.0,0.464286,0.0,0.0,0.0,0.0,0.0,0.0,0.0,0.0,0.0,-1,0,0.0,—,1,0,0,0,0,0,1
Lehigh,Men's Basketball,0,0.0,0.0,0.0,0.0,0.0,0.0,0.0,0.0,0.0,0.0,0.0,0.0,0.0,0.0,0.0,0.0,0.0,0.0,0.0,0.0,0.0,0.0,0.0,0.0,0.0,0.0,0.535714,0.0,0.0,0.0,0.0,0.0,0.0,0.0,0.0,0.0,-1,0,0.0,—,1,0,0,0,0,0,1
Boston U.,Men's Basketball,0,0.0,0.0,0.0,0.0,0.0,0.0,0.0,0.0,0.0,0.0,0.0,0.0,0.0,0.0,0.0,0.0,0.0,0.0,0.0,0.0,0.0,0.0,0.0,0.0,0.0,0.0,0.535714,0.0,0.0,0.0,0.0,0.0,0.0,0.0,0.0,0.0,-1,0,0.0,—,1,0,0,0,0,0,1
American,Men's Basketball,0,0.0,0.0,0.0,0.0,0.0,0.0,0.0,0.0,0.0,0.0,0.0,0.0,0.0,0.0,0.0,0.0,0.0,0.0,0.0,0.0,0.0,0.0,0.0,0.0,0.0,0.0,0.5,0.0,0.0,0.0,0.0,0.0,0.0,0.0,0.0,0.0,-1,0,0.0,—,1,0,0,0,0,0,1
Loyola Maryland,Men's Basketball,0,0.0,0.0,0.0,0.0,0.0,0.0,0.0,0.0,0.0,0.0,0.0,0.0,0.0,0.0,0.0,0.0,0.0,0.0,0.0,0.0,0.0,0.0,0.0,0.0,0.0,0.0,0.642857,0.0,0.0,0.0,0.0,0.0,0.0,0.0,0.0,0.0,-1,0,0.0,—,1,0,0,0,0,0,1
Lafayette,Men's Basketball,0,0.0,0.0,0.0,0.0,0.0,0.0,0.0,0.0,0.0,0.0,0.0,0.0,0.0,0.0,0.0,0.0,0.0,0.0,0.0,0.0,0.0,0.0,0.0,0.0,0.0,0.0,0.678571,0.0,0.0,0.0,0.0,0.0,0.0,0.0,0.0,0.0,-1,0,0.0,—,1,0,0,0,0,0,1
Bucknell,Men's Basketball,0,0.0,0.0,0.0,0.0,0.0,0.0,0.0,0.0,0.0,0.0,0.0,0.0,0.0,0.0,0.0,0.0,0.0,0.0,0.0,0.0,0.0,0.0,0.0,0.0,0.0,0.0,0.75,0.0,0.0,0.0,0.0,0.0,0.0,0.0,0.0,0.0,-1,0,0.0,—,1,0,0,0,0,0,1
Army West Point,Men's Basketball,0,0.0,0.0,0.0,0.0,0.0,0.0,0.0,0.0,0.0,0.0,0.0,0.0,0.0,0.0,0.0,0.0,0.0,0.0,0.0,0.0,0.0,0.0,0.0,0.0,0.0,0.0,0.678571,0.0,0.0,0.0,0.0,0.0,0.0,0.0,0.0,0.0,-1,0,0.0,—,1,0,0,0,0,0,1
Holy Cross,Men's Basketball,0,0.0,0.0,0.0,0.0,0.0,0.0,0.0,0.0,0.0,0.0,0.0,0.0,0.0,0.0,0.0,0.0,0.0,0.0,0.0,0.0,0.0,0.0,0.0,0.0,0.0,0.0,0.714286,0.0,0.0,0.0,0.0,0.0,0.0,0.0,0.0,0.0,-1,0,0.0,—,1,0,0,0,0,0,1
Florida,Men's Basketball,0,0.0,0.0,0.0,0.0,0.0,0.0,0.0,0.0,0.0,0.0,0.0,0.0,0.0,0.0,0.0,0.0,0.0,0.0,0.0,0.0,0.0,0.0,0.0,0.0,0.0,0.0,0.214286,0.0,0.0,0.0,0.0,0.0,0.0,0.0,0.0,0.0,-1,0,0.0,—,1,0,0,0,0,0,1
Arkansas,Men's Basketball,0,0.0,0.0,0.0,0.0,0.0,0.0,0.0,0.0,0.0,0.0,0.0,0.0,0.0,0.0,0.0,0.0,0.0,0.0,0.0,0.0,0.0,0.0,0.0,0.0,0.0,0.0,0.25,0.0,0.0,0.0,0.0,0.0,0.0,0.0,0.0,0.0,-1,0,0.0,—,1,0,0,0,0,0,1
Alabama,Men's Basketball,0,0.0,0.0,0.0,0.0,0.0,0.0,0.0,0.0,0.0,0.0,0.0,0.0,0.0,0.0,0.0,0.0,0.0,0.0,0.0,0.0,0.0,0.0,0.0,0.0,0.0,0.0,0.285714,0.0,0.0,0.0,0.0,0.0,0.0,0.0,0.0,0.0,-1,0,0.0,—,1,0,0,0,0,0,1
Vanderbilt,Men's Basketball,0,0.0,0.0,0.0,0.0,0.0,0.0,0.0,0.0,0.0,0.0,0.0,0.0,0.0,0.0,0.0,0.0,0.0,0.0,0.0,0.0,0.0,0.0,0.0,0.0,0.0,0.0,0.25,0.0,0.0,0.0,0.0,0.0,0.0,0.0,0.0,0.0,-1,0,0.0,—,1,0,0,0,0,0,1
Tennessee,Men's Basketball,0,0.0,0.0,0.0,0.0,0.0,0.0,0.0,0.0,0.0,0.0,0.0,0.0,0.0,0.0,0.0,0.0,0.0,0.0,0.0,0.0,0.0,0.0,0.0,0.0,0.0,0.0,0.357143,0.0,0.0,0.0,0.0,0.0,0.0,0.0,0.0,0.0,-1,0,0.0,—,1,0,0,0,0,0,1
Texas A&M,Men's Basketball,0,0.0,0.0,0.0,0.0,0.0,0.0,0.0,0.0,0.0,0.0,0.0,0.0,0.0,0.0,0.0,0.0,0.0,0.0,0.0,0.0,0.0,0.0,0.0,0.0,0.0,0.0,0.357143,0.0,0.0,0.0,0.0,0.0,0.0,0.0,0.0,0.0,-1,0,0.0,—,1,0,0,0,0,0,1
Georgia,Men's Basketball,0,0.0,0.0,0.0,0.0,0.0,0.0,0.0,0.0,0.0,0.0,0.0,0.0,0.0,0.0,0.0,0.0,0.0,0.0,0.0,0.0,0.0,0.0,0.0,0.0,0.0,0.0,0.321429,0.0,0.0,0.0,0.0,0.0,0.0,0.0,0.0,0.0,-1,0,0.0,—,1,0,0,0,0,0,1
Kentucky,Men's Basketball,0,0.0,0.0,0.0,0.0,0.0,0.0,0.0,0.0,0.0,0.0,0.0,0.0,0.0,0.0,0.0,0.0,0.0,0.0,0.0,0.0,0.0,0.0,0.0,0.0,0.0,0.0,0.428571,0.0,0.0,0.0,0.0,0.0,0.0,0.0,0.0,0.0,-1,0,0.0,—,1,0,0,0,0,0,1
Missouri,Men's Basketball,0,0.0,0.0,0.0,0.0,0.0,0.0,0.0,0.0,0.0,0.0,0.0,0.0,0.0,0.0,0.0,0.0,0.0,0.0,0.0,0.0,0.0,0.0,0.0,0.0,0.0,0.0,0.392857,0.0,0.0,0.0,0.0,0.0,0.0,0.0,0.0,0.0,-1,0,0.0,—,1,0,0,0,0,0,1
Texas,Men's Basketball,0,0.0,0.0,0.0,0.0,0.0,0.0,0.0,0.0,0.0,0.0,0.0,0.0,0.0,0.0,0.0,0.0,0.0,0.0,0.0,0.0,0.0,0.0,0.0,0.0,0.0,0.0,0.464286,0.0,0.0,0.0,0.0,0.0,0.0,0.0,0.0,0.0,-1,0,0.0,—,1,0,0,0,0,0,1
Auburn,Men's Basketball,0,0.0,0.0,0.0,0.0,0.0,0.0,0.0,0.0,0.0,0.0,0.0,0.0,0.0,0.0,0.0,0.0,0.0,0.0,0.0,0.0,0.0,0.0,0.0,0.0,0.0,0.0,0.5,0.0,0.0,0.0,0.0,0.0,0.0,0.0,0.0,0.0,-1,0,0.0,—,1,0,0,0,0,0,1
Oklahoma,Men's Basketball,0,0.0,0.0,0.0,0.0,0.0,0.0,0.0,0.0,0.0,0.0,0.0,0.0,0.0,0.0,0.0,0.0,0.0,0.0,0.0,0.0,0.0,0.0,0.0,0.0,0.0,0.0,0.5,0.0,0.0,0.0,0.0,0.0,0.0,0.0,0.0,0.0,-1,0,0.0,—,1,0,0,0,0,0,1
Mississippi St.,Men's Basketball,0,0.0,0.0,0.0,0.0,0.0,0.0,0.0,0.0,0.0,0.0,0.0,0.0,0.0,0.0,0.0,0.0,0.0,0.0,0.0,0.0,0.0,0.0,0.0,0.0,0.0,0.0,0.607143,0.0,0.0,0.0,0.0,0.0,0.0,0.0,0.0,0.0,-1,0,0.0,—,1,0,0,0,0,0,1
Ole Miss,Men's Basketball,0,0.0,0.0,0.0,0.0,0.0,0.0,0.0,0.0,0.0,0.0,0.0,0.0,0.0,0.0,0.0,0.0,0.0,0.0,0.0,0.0,0.0,0.0,0.0,0.0,0.0,0.0,0.642857,0.0,0.0,0.0,0.0,0.0,0.0,0.0,0.0,0.0,-1,0,0.0,—,1,0,0,0,0,0,1
South Carolina,Men's Basketball,0,0.0,0.0,0.0,0.0,0.0,0.0,0.0,0.0,0.0,0.0,0.0,0.0,0.0,0.0,0.0,0.0,0.0,0.0,0.0,0.0,0.0,0.0,0.0,0.0,0.0,0.0,0.607143,0.0,0.0,0.0,0.0,0.0,0.0,0.0,0.0,0.0,-1,0,0.0,—,1,0,0,0,0,0,1
LSU,Men's Basketball,0,0.0,0.0,0.0,0.0,0.0,0.0,0.0,0.0,0.0,0.0,0.0,0.0,0.0,0.0,0.0,0.0,0.0,0.0,0.0,0.0,0.0,0.0,0.0,0.0,0.0,0.0,0.535714,0.0,0.0,0.0,0.0,0.0,0.0,0.0,0.0,0.0,-1,0,0.0,—,1,0,0,0,0,0,1
ETSU,Men's Basketball,0,0.0,0.0,0.0,0.0,0.0,0.0,0.0,0.0,0.0,0.0,0.0,0.0,0.0,0.0,0.0,0.0,0.0,0.0,0.0,0.0,0.0,0.0,0.0,0.0,0.0,0.0,0.321429,0.0,0.0,0.0,0.0,0.0,0.0,0.0,0.0,0.0,-1,0,0.0,—,1,0,0,0,0,0,1
Mercer,Men's Basketball,0,0.0,0.0,0.0,0.0,0.0,0.0,0.0,0.0,0.0,0.0,0.0,0.0,0.0,0.0,0.0,0.0,0.0,0.0,0.0,0.0,0.0,0.0,0.0,0.0,0.0,0.0,0.392857,0.0,0.0,0.0,0.0,0.0,0.0,0.0,0.0,0.0,-1,0,0.0,—,1,0,0,0,0,0,1
Wofford,Men's Basketball,0,0.0,0.0,0.0,0.0,0.0,0.0,0.0,0.0,0.0,0.0,0.0,0.0,0.0,0.0,0.0,0.0,0.0,0.0,0.0,0.0,0.0,0.0,0.0,0.0,0.0,0.0,0.392857,0.0,0.0,0.0,0.0,0.0,0.0,0.0,0.0,0.0,-1,0,0.0,—,1,0,0,0,0,0,1
Samford,Men's Basketball,0,0.0,0.0,0.0,0.0,0.0,0.0,0.0,0.0,0.0,0.0,0.0,0.0,0.0,0.0,0.0,0.0,0.0,0.0,0.0,0.0,0.0,0.0,0.0,0.0,0.0,0.0,0.428571,0.0,0.0,0.0,0.0,0.0,0.0,0.0,0.0,0.0,-1,0,0.0,—,1,0,0,0,0,0,1
Furman,Men's Basketball,0,0.0,0.0,0.0,0.0,0.0,0.0,0.0,0.0,0.0,0.0,0.0,0.0,0.0,0.0,0.0,0.0,0.0,0.0,0.0,0.0,0.0,0.0,0.0,0.0,0.0,0.0,0.392857,0.0,0.0,0.0,0.0,0.0,0.0,0.0,0.0,0.0,-1,0,0.0,—,1,0,0,0,0,0,1
Western Caro.,Men's Basketball,0,0.0,0.0,0.0,0.0,0.0,0.0,0.0,0.0,0.0,0.0,0.0,0.0,0.0,0.0,0.0,0.0,0.0,0.0,0.0,0.0,0.0,0.0,0.0,0.0,0.0,0.0,0.5,0.0,0.0,0.0,0.0,0.0,0.0,0.0,0.0,0.0,-1,0,0.0,—,1,0,0,0,0,0,1
UNC Greensboro,Men's Basketball,0,0.0,0.0,0.0,0.0,0.0,0.0,0.0,0.0,0.0,0.0,0.0,0.0,0.0,0.0,0.0,0.0,0.0,0.0,0.0,0.0,0.0,0.0,0.0,0.0,0.0,0.0,0.607143,0.0,0.0,0.0,0.0,0.0,0.0,0.0,0.0,0.0,-1,0,0.0,—,1,0,0,0,0,0,1
Chattanooga,Men's Basketball,0,0.0,0.0,0.0,0.0,0.0,0.0,0.0,0.0,0.0,0.0,0.0,0.0,0.0,0.0,0.0,0.0,0.0,0.0,0.0,0.0,0.0,0.0,0.0,0.0,0.0,0.0,0.607143,0.0,0.0,0.0,0.0,0.0,0.0,0.0,0.0,0.0,-1,0,0.0,—,1,0,0,0,0,0,1
The Citadel,Men's Basketball,0,0.0,0.0,0.0,0.0,0.0,0.0,0.0,0.0,0.0,0.0,0.0,0.0,0.0,0.0,0.0,0.0,0.0,0.0,0.0,0.0,0.0,0.0,0.0,0.0,0.0,0.0,0.714286,0.0,0.0,0.0,0.0,0.0,0.0,0.0,0.0,0.0,-1,0,0.0,—,1,0,0,0,0,0,1
VMI,Men's Basketball,0,0.0,0.0,0.0,0.0,0.0,0.0,0.0,0.0,0.0,0.0,0.0,0.0,0.0,0.0,0.0,0.0,0.0,0.0,0.0,0.0,0.0,0.0,0.0,0.0,0.0,0.0,0.857143,0.0,0.0,0.0,0.0,0.0,0.0,0.0,0.0,0.0,-1,0,0.0,—,1,0,0,0,0,0,1
SFA,Men's Basketball,0,0.0,0.0,0.0,0.0,0.0,0.0,0.0,0.0,0.0,0.0,0.0,0.0,0.0,0.0,0.0,0.0,0.0,0.0,0.0,0.0,0.0,0.0,0.0,0.0,0.0,0.0,0.142857,0.0,0.0,0.0,0.0,0.0,0.0,0.0,0.0,0.0,-1,0,0.0,—,1,0,0,0,0,0,1
McNeese,Men's Basketball,0,0.0,0.0,0.0,0.0,0.0,0.0,0.0,0.0,0.0,0.0,0.0,0.0,0.0,0.0,0.0,0.0,0.0,0.0,0.0,0.0,0.0,0.0,0.0,0.0,0.0,0.0,0.142857,0.0,0.0,0.0,0.0,0.0,0.0,0.0,0.0,0.0,-1,0,0.0,—,1,0,0,0,0,0,1
UTRGV,Men's Basketball,0,0.0,0.0,0.0,0.0,0.0,0.0,0.0,0.0,0.0,0.0,0.0,0.0,0.0,0.0,0.0,0.0,0.0,0.0,0.0,0.0,0.0,0.0,0.0,0.0,0.0,0.0,0.428571,0.0,0.0,0.0,0.0,0.0,0.0,0.0,0.0,0.0,-1,0,0.0,—,1,0,0,0,0,0,1
A&M-Corpus Christi,Men's Basketball,0,0.0,0.0,0.0,0.0,0.0,0.0,0.0,0.0,0.0,0.0,0.0,0.0,0.0,0.0,0.0,0.0,0.0,0.0,0.0,0.0,0.0,0.0,0.0,0.0,0.0,0.0,0.464286,0.0,0.0,0.0,0.0,0.0,0.0,0.0,0.0,0.0,-1,0,0.0,—,1,0,0,0,0,0,1
LSU New Orleans,Men's Basketball,0,0.0,0.0,0.0,0.0,0.0,0.0,0.0,0.0,0.0,0.0,0.0,0.0,0.0,0.0,0.0,0.0,0.0,0.0,0.0,0.0,0.0,0.0,0.0,0.0,0.0,0.0,0.571429,0.0,0.0,0.0,0.0,0.0,0.0,0.0,0.0,0.0,-1,0,0.0,—,1,0,0,0,0,0,1
Nicholls,Men's Basketball,0,0.0,0.0,0.0,0.0,0.0,0.0,0.0,0.0,0.0,0.0,0.0,0.0,0.0,0.0,0.0,0.0,0.0,0.0,0.0,0.0,0.0,0.0,0.0,0.0,0.0,0.0,0.607143,0.0,0.0,0.0,0.0,0.0,0.0,0.0,0.0,0.0,-1,0,0.0,—,1,0,0,0,0,0,1
Houston Christian,Men's Basketball,0,0.0,0.0,0.0,0.0,0.0,0.0,0.0,0.0,0.0,0.0,0.0,0.0,0.0,0.0,0.0,0.0,0.0,0.0,0.0,0.0,0.0,0.0,0.0,0.0,0.0,0.0,0.642857,0.0,0.0,0.0,0.0,0.0,0.0,0.0,0.0,0.0,-1,0,0.0,—,1,0,0,0,0,0,1
Northwestern St.,Men's Basketball,0,0.0,0.0,0.0,0.0,0.0,0.0,0.0,0.0,0.0,0.0,0.0,0.0,0.0,0.0,0.0,0.0,0.0,0.0,0.0,0.0,0.0,0.0,0.0,0.0,0.0,0.0,0.714286,0.0,0.0,0.0,0.0,0.0,0.0,0.0,0.0,0.0,-1,0,0.0,—,1,0,0,0,0,0,1
UIW,Men's Basketball,0,0.0,0.0,0.0,0.0,0.0,0.0,0.0,0.0,0.0,0.0,0.0,0.0,0.0,0.0,0.0,0.0,0.0,0.0,0.0,0.0,0.0,0.0,0.0,0.0,0.0,0.0,0.607143,0.0,0.0,0.0,0.0,0.0,0.0,0.0,0.0,0.0,-1,0,0.0,—,1,0,0,0,0,0,1
Lamar University,Men's Basketball,0,0.0,0.0,0.0,0.0,0.0,0.0,0.0,0.0,0.0,0.0,0.0,0.0,0.0,0.0,0.0,0.0,0.0,0.0,0.0,0.0,0.0,0.0,0.0,0.0,0.0,0.0,0.607143,0.0,0.0,0.0,0.0,0.0,0.0,0.0,0.0,0.0,-1,0,0.0,—,1,0,0,0,0,0,1
East Texas A&M,Men's Basketball,0,0.0,0.0,0.0,0.0,0.0,0.0,0.0,0.0,0.0,0.0,0.0,0.0,0.0,0.0,0.0,0.0,0.0,0.0,0.0,0.0,0.0,0.0,0.0,0.0,0.0,0.0,0.678571,0.0,0.0,0.0,0.0,0.0,0.0,0.0,0.0,0.0,-1,0,0.0,—,1,0,0,0,0,0,1
Southeastern La.,Men's Basketball,0,0.0,0.0,0.0,0.0,0.0,0.0,0.0,0.0,0.0,0.0,0.0,0.0,0.0,0.0,0.0,0.0,0.0,0.0,0.0,0.0,0.0,0.0,0.0,0.0,0.0,0.0,0.714286,0.0,0.0,0.0,0.0,0.0,0.0,0.0,0.0,0.0,-1,0,0.0,—,1,0,0,0,0,0,1
North Dakota St.,Men's Basketball,0,0.0,0.0,0.0,0.0,0.0,0.0,0.0,0.0,0.0,0.0,0.0,0.0,0.0,0.0,0.0,0.0,0.0,0.0,0.0,0.0,0.0,0.0,0.0,0.0,0.0,0.0,0.214286,0.0,0.0,0.0,0.0,0.0,0.0,0.0,0.0,0.0,-1,0,0.0,—,1,0,0,0,0,0,1
St. Thomas (MN),Men's Basketball,0,0.0,0.0,0.0,0.0,0.0,0.0,0.0,0.0,0.0,0.0,0.0,0.0,0.0,0.0,0.0,0.0,0.0,0.0,0.0,0.0,0.0,0.0,0.0,0.0,0.0,0.0,0.285714,0.0,0.0,0.0,0.0,0.0,0.0,0.0,0.0,0.0,-1,0,0.0,—,1,0,0,0,0,0,1
North Dakota,Men's Basketball,0,0.0,0.0,0.0,0.0,0.0,0.0,0.0,0.0,0.0,0.0,0.0,0.0,0.0,0.0,0.0,0.0,0.0,0.0,0.0,0.0,0.0,0.0,0.0,0.0,0.0,0.0,0.535714,0.0,0.0,0.0,0.0,0.0,0.0,0.0,0.0,0.0,-1,0,0.0,—,1,0,0,0,0,0,1
South Dakota,Men's Basketball,0,0.0,0.0,0.0,0.0,0.0,0.0,0.0,0.0,0.0,0.0,0.0,0.0,0.0,0.0,0.0,0.0,0.0,0.0,0.0,0.0,0.0,0.0,0.0,0.0,0.0,0.0,0.5,0.0,0.0,0.0,0.0,0.0,0.0,0.0,0.0,0.0,-1,0,0.0,—,1,0,0,0,0,0,1
Omaha,Men's Basketball,0,0.0,0.0,0.0,0.0,0.0,0.0,0.0,0.0,0.0,0.0,0.0,0.0,0.0,0.0,0.0,0.0,0.0,0.0,0.0,0.0,0.0,0.0,0.0,0.0,0.0,0.0,0.535714,0.0,0.0,0.0,0.0,0.0,0.0,0.0,0.0,0.0,-1,0,0.0,—,1,0,0,0,0,0,1
Denver,Men's Basketball,0,0.0,0.0,0.0,0.0,0.0,0.0,0.0,0.0,0.0,0.0,0.0,0.0,0.0,0.0,0.0,0.0,0.0,0.0,0.0,0.0,0.0,0.0,0.0,0.0,0.0,0.0,0.535714,0.0,0.0,0.0,0.0,0.0,0.0,0.0,0.0,0.0,-1,0,0.0,—,1,0,0,0,0,0,1
South Dakota St.,Men's Basketball,0,0.0,0.0,0.0,0.0,0.0,0.0,0.0,0.0,0.0,0.0,0.0,0.0,0.0,0.0,0.0,0.0,0.0,0.0,0.0,0.0,0.0,0.0,0.0,0.0,0.0,0.0,0.571429,0.0,0.0,0.0,0.0,0.0,0.0,0.0,0.0,0.0,-1,0,0.0,—,1,0,0,0,0,0,1
Oral Roberts,Men's Basketball,0,0.0,0.0,0.0,0.0,0.0,0.0,0.0,0.0,0.0,0.0,0.0,0.0,0.0,0.0,0.0,0.0,0.0,0.0,0.0,0.0,0.0,0.0,0.0,0.0,0.0,0.0,0.75,0.0,0.0,0.0,0.0,0.0,0.0,0.0,0.0,0.0,-1,0,0.0,—,1,0,0,0,0,0,1
Kansas City,Men's Basketball,0,0.0,0.0,0.0,0.0,0.0,0.0,0.0,0.0,0.0,0.0,0.0,0.0,0.0,0.0,0.0,0.0,0.0,0.0,0.0,0.0,0.0,0.0,0.0,0.0,0.0,0.0,0.892857,0.0,0.0,0.0,0.0,0.0,0.0,0.0,0.0,0.0,-1,0,0.0,—,1,0,0,0,0,0,1
Troy,Men's Basketball,0,0.0,0.0,0.0,0.0,0.0,0.0,0.0,0.0,0.0,0.0,0.0,0.0,0.0,0.0,0.0,0.0,0.0,0.0,0.0,0.0,0.0,0.0,0.0,0.0,0.0,0.0,0.357143,0.0,0.0,0.0,0.0,0.0,0.0,0.0,0.0,0.0,-1,0,0.0,—,1,0,0,0,0,0,1
South Alabama,Men's Basketball,0,0.0,0.0,0.0,0.0,0.0,0.0,0.0,0.0,0.0,0.0,0.0,0.0,0.0,0.0,0.0,0.0,0.0,0.0,0.0,0.0,0.0,0.0,0.0,0.0,0.0,0.0,0.357143,0.0,0.0,0.0,0.0,0.0,0.0,0.0,0.0,0.0,-1,0,0.0,—,1,0,0,0,0,0,1
Arkansas St.,Men's Basketball,0,0.0,0.0,0.0,0.0,0.0,0.0,0.0,0.0,0.0,0.0,0.0,0.0,0.0,0.0,0.0,0.0,0.0,0.0,0.0,0.0,0.0,0.0,0.0,0.0,0.0,0.0,0.357143,0.0,0.0,0.0,0.0,0.0,0.0,0.0,0.0,0.0,-1,0,0.0,—,1,0,0,0,0,0,1
Marshall,Men's Basketball,0,0.0,0.0,0.0,0.0,0.0,0.0,0.0,0.0,0.0,0.0,0.0,0.0,0.0,0.0,0.0,0.0,0.0,0.0,0.0,0.0,0.0,0.0,0.0,0.0,0.0,0.0,0.392857,0.0,0.0,0.0,0.0,0.0,0.0,0.0,0.0,0.0,-1,0,0.0,—,1,0,0,0,0,0,1
Texas St.,Men's Basketball,0,0.0,0.0,0.0,0.0,0.0,0.0,0.0,0.0,0.0,0.0,0.0,0.0,0.0,0.0,0.0,0.0,0.0,0.0,0.0,0.0,0.0,0.0,0.0,0.0,0.0,0.0,0.392857,0.0,0.0,0.0,0.0,0.0,0.0,0.0,0.0,0.0,-1,0,0.0,—,1,0,0,0,0,0,1
Coastal Carolina,Men's Basketball,0,0.0,0.0,0.0,0.0,0.0,0.0,0.0,0.0,0.0,0.0,0.0,0.0,0.0,0.0,0.0,0.0,0.0,0.0,0.0,0.0,0.0,0.0,0.0,0.0,0.0,0.0,0.392857,0.0,0.0,0.0,0.0,0.0,0.0,0.0,0.0,0.0,-1,0,0.0,—,1,0,0,0,0,0,1
App State,Men's Basketball,0,0.0,0.0,0.0,0.0,0.0,0.0,0.0,0.0,0.0,0.0,0.0,0.0,0.0,0.0,0.0,0.0,0.0,0.0,0.0,0.0,0.0,0.0,0.0,0.0,0.0,0.0,0.392857,0.0,0.0,0.0,0.0,0.0,0.0,0.0,0.0,0.0,-1,0,0.0,—,1,0,0,0,0,0,1
James Madison,Men's Basketball,0,0.0,0.0,0.0,0.0,0.0,0.0,0.0,0.0,0.0,0.0,0.0,0.0,0.0,0.0,0.0,0.0,0.0,0.0,0.0,0.0,0.0,0.0,0.0,0.0,0.0,0.0,0.464286,0.0,0.0,0.0,0.0,0.0,0.0,0.0,0.0,0.0,-1,0,0.0,—,1,0,0,0,0,0,1
Southern Miss.,Men's Basketball,0,0.0,0.0,0.0,0.0,0.0,0.0,0.0,0.0,0.0,0.0,0.0,0.0,0.0,0.0,0.0,0.0,0.0,0.0,0.0,0.0,0.0,0.0,0.0,0.0,0.0,0.0,0.5,0.0,0.0,0.0,0.0,0.0,0.0,0.0,0.0,0.0,-1,0,0.0,—,1,0,0,0,0,0,1
Ga. Southern,Men's Basketball,0,0.0,0.0,0.0,0.0,0.0,0.0,0.0,0.0,0.0,0.0,0.0,0.0,0.0,0.0,0.0,0.0,0.0,0.0,0.0,0.0,0.0,0.0,0.0,0.0,0.0,0.0,0.5,0.0,0.0,0.0,0.0,0.0,0.0,0.0,0.0,0.0,-1,0,0.0,—,1,0,0,0,0,0,1
Old Dominion,Men's Basketball,0,0.0,0.0,0.0,0.0,0.0,0.0,0.0,0.0,0.0,0.0,0.0,0.0,0.0,0.0,0.0,0.0,0.0,0.0,0.0,0.0,0.0,0.0,0.0,0.0,0.0,0.0,0.678571,0.0,0.0,0.0,0.0,0.0,0.0,0.0,0.0,0.0,-1,0,0.0,—,1,0,0,0,0,0,1
Louisiana,Men's Basketball,0,0.0,0.0,0.0,0.0,0.0,0.0,0.0,0.0,0.0,0.0,0.0,0.0,0.0,0.0,0.0,0.0,0.0,0.0,0.0,0.0,0.0,0.0,0.0,0.0,0.0,0.0,0.714286,0.0,0.0,0.0,0.0,0.0,0.0,0.0,0.0,0.0,-1,0,0.0,—,1,0,0,0,0,0,1
Georgia St.,Men's Basketball,0,0.0,0.0,0.0,0.0,0.0,0.0,0.0,0.0,0.0,0.0,0.0,0.0,0.0,0.0,0.0,0.0,0.0,0.0,0.0,0.0,0.0,0.0,0.0,0.0,0.0,0.0,0.714286,0.0,0.0,0.0,0.0,0.0,0.0,0.0,0.0,0.0,-1,0,0.0,—,1,0,0,0,0,0,1
ULM,Men's Basketball,0,0.0,0.0,0.0,0.0,0.0,0.0,0.0,0.0,0.0,0.0,0.0,0.0,0.0,0.0,0.0,0.0,0.0,0.0,0.0,0.0,0.0,0.0,0.0,0.0,0.0,0.0,0.928571,0.0,0.0,0.0,0.0,0.0,0.0,0.0,0.0,0.0,-1,0,0.0,—,1,0,0,0,0,0,1
Bethune-Cookman,Men's Basketball,0,0.0,0.0,0.0,0.0,0.0,0.0,0.0,0.0,0.0,0.0,0.0,0.0,0.0,0.0,0.0,0.0,0.0,0.0,0.0,0.0,0.0,0.0,0.0,0.0,0.0,0.0,0.464286,0.0,0.0,0.0,0.0,0.0,0.0,0.0,0.0,0.0,-1,0,0.0,—,1,0,0,0,0,0,1
Southern U.,Men's Basketball,0,0.0,0.0,0.0,0.0,0.0,0.0,0.0,0.0,0.0,0.0,0.0,0.0,0.0,0.0,0.0,0.0,0.0,0.0,0.0,0.0,0.0,0.0,0.0,0.0,0.0,0.0,0.535714,0.0,0.0,0.0,0.0,0.0,0.0,0.0,0.0,0.0,-1,0,0.0,—,1,0,0,0,0,0,1
Florida A&M,Men's Basketball,0,0.0,0.0,0.0,0.0,0.0,0.0,0.0,0.0,0.0,0.0,0.0,0.0,0.0,0.0,0.0,0.0,0.0,0.0,0.0,0.0,0.0,0.0,0.0,0.0,0.0,0.0,0.5,0.0,0.0,0.0,0.0,0.0,0.0,0.0,0.0,0.0,-1,0,0.0,—,1,0,0,0,0,0,1
Alabama A&M,Men's Basketball,0,0.0,0.0,0.0,0.0,0.0,0.0,0.0,0.0,0.0,0.0,0.0,0.0,0.0,0.0,0.0,0.0,0.0,0.0,0.0,0.0,0.0,0.0,0.0,0.0,0.0,0.0,0.464286,0.0,0.0,0.0,0.0,0.0,0.0,0.0,0.0,0.0,-1,0,0.0,—,1,0,0,0,0,0,1
Ark.-Pine Bluff,Men's Basketball,0,0.0,0.0,0.0,0.0,0.0,0.0,0.0,0.0,0.0,0.0,0.0,0.0,0.0,0.0,0.0,0.0,0.0,0.0,0.0,0.0,0.0,0.0,0.0,0.0,0.0,0.0,0.607143,0.0,0.0,0.0,0.0,0.0,0.0,0.0,0.0,0.0,-1,0,0.0,—,1,0,0,0,0,0,1
Texas Southern,Men's Basketball,0,0.0,0.0,0.0,0.0,0.0,0.0,0.0,0.0,0.0,0.0,0.0,0.0,0.0,0.0,0.0,0.0,0.0,0.0,0.0,0.0,0.0,0.0,0.0,0.0,0.0,0.0,0.571429,0.0,0.0,0.0,0.0,0.0,0.0,0.0,0.0,0.0,-1,0,0.0,—,1,0,0,0,0,0,1
Jackson St.,Men's Basketball,0,0.0,0.0,0.0,0.0,0.0,0.0,0.0,0.0,0.0,0.0,0.0,0.0,0.0,0.0,0.0,0.0,0.0,0.0,0.0,0.0,0.0,0.0,0.0,0.0,0.0,0.0,0.678571,0.0,0.0,0.0,0.0,0.0,0.0,0.0,0.0,0.0,-1,0,0.0,—,1,0,0,0,0,0,1
Prairie View,Men's Basketball,0,0.0,0.0,0.0,0.0,0.0,0.0,0.0,0.0,0.0,0.0,0.0,0.0,0.0,0.0,0.0,0.0,0.0,0.0,0.0,0.0,0.0,0.0,0.0,0.0,0.0,0.0,0.571429,0.0,0.0,0.0,0.0,0.0,0.0,0.0,0.0,0.0,-1,0,0.0,—,1,0,0,0,0,0,1
Grambling,Men's Basketball,0,0.0,0.0,0.0,0.0,0.0,0.0,0.0,0.0,0.0,0.0,0.0,0.0,0.0,0.0,0.0,0.0,0.0,0.0,0.0,0.0,0.0,0.0,0.0,0.0,0.0,0.0,0.607143,0.0,0.0,0.0,0.0,0.0,0.0,0.0,0.0,0.0,-1,0,0.0,—,1,0,0,0,0,0,1
Alabama St.,Men's Basketball,0,0.0,0.0,0.0,0.0,0.0,0.0,0.0,0.0,0.0,0.0,0.0,0.0,0.0,0.0,0.0,0.0,0.0,0.0,0.0,0.0,0.0,0.0,0.0,0.0,0.0,0.0,0.714286,0.0,0.0,0.0,0.0,0.0,0.0,0.0,0.0,0.0,-1,0,0.0,—,1,0,0,0,0,0,1
Alcorn,Men's Basketball,0,0.0,0.0,0.0,0.0,0.0,0.0,0.0,0.0,0.0,0.0,0.0,0.0,0.0,0.0,0.0,0.0,0.0,0.0,0.0,0.0,0.0,0.0,0.0,0.0,0.0,0.0,0.75,0.0,0.0,0.0,0.0,0.0,0.0,0.0,0.0,0.0,-1,0,0.0,—,1,0,0,0,0,0,1
Mississippi Val.,Men's Basketball,0,0.0,0.0,0.0,0.0,0.0,0.0,0.0,0.0,0.0,0.0,0.0,0.0,0.0,0.0,0.0,0.0,0.0,0.0,0.0,0.0,0.0,0.0,0.0,0.0,0.0,0.0,1.0,0.0,0.0,0.0,0.0,0.0,0.0,0.0,0.0,0.0,-1,0,0.0,—,1,0,0,0,0,0,1
Utah Valley,Men's Basketball,0,0.0,0.0,0.0,0.0,0.0,0.0,0.0,0.0,0.0,0.0,0.0,0.0,0.0,0.0,0.0,0.0,0.0,0.0,0.0,0.0,0.0,0.0,0.0,0.0,0.0,0.0,0.25,0.0,0.0,0.0,0.0,0.0,0.0,0.0,0.0,0.0,-1,0,0.0,—,1,0,0,0,0,0,1
California Baptist,Men's Basketball,0,0.0,0.0,0.0,0.0,0.0,0.0,0.0,0.0,0.0,0.0,0.0,0.0,0.0,0.0,0.0,0.0,0.0,0.0,0.0,0.0,0.0,0.0,0.0,0.0,0.0,0.0,0.25,0.0,0.0,0.0,0.0,0.0,0.0,0.0,0.0,0.0,-1,0,0.0,—,1,0,0,0,0,0,1
Utah Tech,Men's Basketball,0,0.0,0.0,0.0,0.0,0.0,0.0,0.0,0.0,0.0,0.0,0.0,0.0,0.0,0.0,0.0,0.0,0.0,0.0,0.0,0.0,0.0,0.0,0.0,0.0,0.0,0.0,0.464286,0.0,0.0,0.0,0.0,0.0,0.0,0.0,0.0,0.0,-1,0,0.0,—,1,0,0,0,0,0,1
UT Arlington,Men's Basketball,0,0.0,0.0,0.0,0.0,0.0,0.0,0.0,0.0,0.0,0.0,0.0,0.0,0.0,0.0,0.0,0.0,0.0,0.0,0.0,0.0,0.0,0.0,0.0,0.0,0.0,0.0,0.428571,0.0,0.0,0.0,0.0,0.0,0.0,0.0,0.0,0.0,-1,0,0.0,—,1,0,0,0,0,0,1
Southern Utah,Men's Basketball,0,0.0,0.0,0.0,0.0,0.0,0.0,0.0,0.0,0.0,0.0,0.0,0.0,0.0,0.0,0.0,0.0,0.0,0.0,0.0,0.0,0.0,0.0,0.0,0.0,0.0,0.0,0.714286,0.0,0.0,0.0,0.0,0.0,0.0,0.0,0.0,0.0,-1,0,0.0,—,1,0,0,0,0,0,1
Tarleton St.,Men's Basketball,0,0.0,0.0,0.0,0.0,0.0,0.0,0.0,0.0,0.0,0.0,0.0,0.0,0.0,0.0,0.0,0.0,0.0,0.0,0.0,0.0,0.0,0.0,0.0,0.0,0.0,0.0,0.571429,0.0,0.0,0.0,0.0,0.0,0.0,0.0,0.0,0.0,-1,0,0.0,—,1,0,0,0,0,0,1
Abilene Christian,Men's Basketball,0,0.0,0.0,0.0,0.0,0.0,0.0,0.0,0.0,0.0,0.0,0.0,0.0,0.0,0.0,0.0,0.0,0.0,0.0,0.0,0.0,0.0,0.0,0.0,0.0,0.0,0.0,0.607143,0.0,0.0,0.0,0.0,0.0,0.0,0.0,0.0,0.0,-1,0,0.0,—,1,0,0,0,0,0,1
Gonzaga,Men's Basketball,0,0.0,0.0,0.0,0.0,0.0,0.0,0.0,0.0,0.0,0.0,0.0,0.0,0.0,0.0,0.0,0.0,0.0,0.0,0.0,0.0,0.0,0.0,0.0,0.0,0.0,0.0,0.071429,0.0,0.0,0.0,0.0,0.0,0.0,0.0,0.0,0.0,-1,0,0.0,—,1,0,0,0,0,0,1
Saint Mary's (CA),Men's Basketball,0,0.0,0.0,0.0,0.0,0.0,0.0,0.0,0.0,0.0,0.0,0.0,0.0,0.0,0.0,0.0,0.0,0.0,0.0,0.0,0.0,0.0,0.0,0.0,0.0,0.0,0.0,0.142857,0.0,0.0,0.0,0.0,0.0,0.0,0.0,0.0,0.0,-1,0,0.0,—,1,0,0,0,0,0,1
Santa Clara,Men's Basketball,0,0.0,0.0,0.0,0.0,0.0,0.0,0.0,0.0,0.0,0.0,0.0,0.0,0.0,0.0,0.0,0.0,0.0,0.0,0.0,0.0,0.0,0.0,0.0,0.0,0.0,0.0,0.25,0.0,0.0,0.0,0.0,0.0,0.0,0.0,0.0,0.0,-1,0,0.0,—,1,0,0,0,0,0,1
Oregon St.,Men's Basketball,0,0.0,0.0,0.0,0.0,0.0,0.0,0.0,0.0,0.0,0.0,0.0,0.0,0.0,0.0,0.0,0.0,0.0,0.0,0.0,0.0,0.0,0.0,0.0,0.0,0.0,0.0,0.5,0.0,0.0,0.0,0.0,0.0,0.0,0.0,0.0,0.0,-1,0,0.0,—,1,0,0,0,0,0,1
Seattle U,Men's Basketball,0,0.0,0.0,0.0,0.0,0.0,0.0,0.0,0.0,0.0,0.0,0.0,0.0,0.0,0.0,0.0,0.0,0.0,0.0,0.0,0.0,0.0,0.0,0.0,0.0,0.0,0.0,0.428571,0.0,0.0,0.0,0.0,0.0,0.0,0.0,0.0,0.0,-1,0,0.0,—,1,0,0,0,0,0,1
Pacific,Men's Basketball,0,0.0,0.0,0.0,0.0,0.0,0.0,0.0,0.0,0.0,0.0,0.0,0.0,0.0,0.0,0.0,0.0,0.0,0.0,0.0,0.0,0.0,0.0,0.0,0.0,0.0,0.0,0.464286,0.0,0.0,0.0,0.0,0.0,0.0,0.0,0.0,0.0,-1,0,0.0,—,1,0,0,0,0,0,1
San Francisco,Men's Basketball,0,0.0,0.0,0.0,0.0,0.0,0.0,0.0,0.0,0.0,0.0,0.0,0.0,0.0,0.0,0.0,0.0,0.0,0.0,0.0,0.0,0.0,0.0,0.0,0.0,0.0,0.0,0.5,0.0,0.0,0.0,0.0,0.0,0.0,0.0,0.0,0.0,-1,0,0.0,—,1,0,0,0,0,0,1
Washington St.,Men's Basketball,0,0.0,0.0,0.0,0.0,0.0,0.0,0.0,0.0,0.0,0.0,0.0,0.0,0.0,0.0,0.0,0.0,0.0,0.0,0.0,0.0,0.0,0.0,0.0,0.0,0.0,0.0,0.642857,0.0,0.0,0.0,0.0,0.0,0.0,0.0,0.0,0.0,-1,0,0.0,—,1,0,0,0,0,0,1
LMU (CA),Men's Basketball,0,0.0,0.0,0.0,0.0,0.0,0.0,0.0,0.0,0.0,0.0,0.0,0.0,0.0,0.0,0.0,0.0,0.0,0.0,0.0,0.0,0.0,0.0,0.0,0.0,0.0,0.0,0.535714,0.0,0.0,0.0,0.0,0.0,0.0,0.0,0.0,0.0,-1,0,0.0,—,1,0,0,0,0,0,1
Portland,Men's Basketball,0,0.0,0.0,0.0,0.0,0.0,0.0,0.0,0.0,0.0,0.0,0.0,0.0,0.0,0.0,0.0,0.0,0.0,0.0,0.0,0.0,0.0,0.0,0.0,0.0,0.0,0.0,0.607143,0.0,0.0,0.0,0.0,0.0,0.0,0.0,0.0,0.0,-1,0,0.0,—,1,0,0,0,0,0,1
San Diego,Men's Basketball,0,0.0,0.0,0.0,0.0,0.0,0.0,0.0,0.0,0.0,0.0,0.0,0.0,0.0,0.0,0.0,0.0,0.0,0.0,0.0,0.0,0.0,0.0,0.0,0.0,0.0,0.0,0.678571,0.0,0.0,0.0,0.0,0.0,0.0,0.0,0.0,0.0,-1,0,0.0,—,1,0,0,0,0,0,1
Pepperdine,Men's Basketball,0,0.0,0.0,0.0,0.0,0.0,0.0,0.0,0.0,0.0,0.0,0.0,0.0,0.0,0.0,0.0,0.0,0.0,0.0,0.0,0.0,0.0,0.0,0.0,0.0,0.0,0.0,0.75,0.0,0.0,0.0,0.0,0.0,0.0,0.0,0.0,0.0,-1,0,0.0,—,1,0,0,0,0,0,1
