name,conference,power_conf,norm_win_pct,norm_net_rank,norm_trank,norm_barthag,norm_adj_oe,norm_adj_de,norm_adj_margin,norm_adj_tempo,norm_sos,norm_elite_sos,norm_efg_pct,norm_efg_d,norm_tov_pct,norm_tov_d,norm_orb_pct,norm_drb_pct,norm_ft_rate,norm_ft_rate_d,norm_two_pt_pct,norm_three_pt_pct,norm_three_pt_d,norm_blk_pct,norm_stl_pct,norm_avg_hgt,norm_experience,norm_conf_wins,norm_conf_losses,norm_wins,norm_losses,norm_prob_r64,norm_prob_r32,norm_prob_s16,norm_prob_e8,norm_prob_f4,norm_prob_championship,norm_prob_champion,target_seed,target_in_tourney,target_prob_champion,target_region,conf_Selection_Sunday,region_East,region_West,region_South,region_Midwest,region_Play_in,region_—
Duke,Selection Sunday,0,0.0,0.0,0.0,0.0,0.0,0.0,0.0,0.0,0.0,0.0,0.0,0.0,0.0,0.0,0.0,0.0,0.0,0.0,0.0,0.0,0.0,0.0,0.0,0.0,0.0,0.0,0.034483,0.0,0.0,0.932829,0.977358,0.856115,0.875,0.74026,0.609756,0.609756,1,1,0.0125,East,1,1,0,0,0,0,0
Virginia,Selection Sunday,0,0.0,0.0,0.0,0.0,0.0,0.0,0.0,0.0,0.0,0.0,0.0,0.0,0.0,0.0,0.0,0.0,0.0,0.0,0.0,0.0,0.0,0.0,0.0,0.0,0.0,0.0,0.103448,0.0,0.0,0.929991,0.926415,0.877698,0.854167,0.818182,0.95122,0.95122,1,1,0.0195,West,1,0,1,0,0,0,0
Miami (FL),Selection Sunday,0,0.0,0.0,0.0,0.0,0.0,0.0,0.0,0.0,0.0,0.0,0.0,0.0,0.0,0.0,0.0,0.0,0.0,0.0,0.0,0.0,0.0,0.0,0.0,0.0,0.0,0.0,0.241379,0.0,0.0,0.922422,0.922642,0.848921,0.861111,0.779221,0.609756,0.609756,1,1,0.0125,South,1,0,0,1,0,0,0
North Carolina,Selection Sunday,0,0.0,0.0,0.0,0.0,0.0,0.0,0.0,0.0,0.0,0.0,0.0,0.0,0.0,0.0,0.0,0.0,0.0,0.0,0.0,0.0,0.0,0.0,0.0,0.0,0.0,0.0,0.241379,0.0,0.0,0.926206,0.924528,0.884892,0.951389,0.805195,0.756098,0.756098,1,1,0.0155,Midwest,1,0,0,0,1,0,0
Clemson,Selection Sunday,0,0.0,0.0,0.0,0.0,0.0,0.0,0.0,0.0,0.0,0.0,0.0,0.0,0.0,0.0,0.0,0.0,0.0,0.0,0.0,0.0,0.0,0.0,0.0,0.0,0.0,0.0,0.310345,0.0,0.0,0.959319,0.954717,0.888489,0.930556,0.818182,0.731707,0.731707,2,1,0.015,East,1,1,0,0,0,0,0
Louisville,Selection Sunday,0,0.0,0.0,0.0,0.0,0.0,0.0,0.0,0.0,0.0,0.0,0.0,0.0,0.0,0.0,0.0,0.0,0.0,0.0,0.0,0.0,0.0,0.0,0.0,0.0,0.0,0.0,0.310345,0.0,0.0,0.962157,0.958491,0.866906,0.840278,0.766234,0.829268,0.829268,2,1,0.017,West,1,0,1,0,0,0,0
NC State,Selection Sunday,0,0.0,0.0,0.0,0.0,0.0,0.0,0.0,0.0,0.0,0.0,0.0,0.0,0.0,0.0,0.0,0.0,0.0,0.0,0.0,0.0,0.0,0.0,0.0,0.0,0.0,0.0,0.413793,0.0,0.0,0.969726,0.949057,0.906475,0.826389,0.766234,0.707317,0.707317,2,1,0.0145,South,1,0,0,1,0,0,0
Florida St.,Selection Sunday,0,0.0,0.0,0.0,0.0,0.0,0.0,0.0,0.0,0.0,0.0,0.0,0.0,0.0,0.0,0.0,0.0,0.0,0.0,0.0,0.0,0.0,0.0,0.0,0.0,0.0,0.0,0.482759,0.0,0.0,0.965941,0.977358,0.917266,0.930556,1.0,0.97561,0.97561,2,1,0.02,Midwest,1,0,0,0,1,0,0
California,Selection Sunday,0,0.0,0.0,0.0,0.0,0.0,0.0,0.0,0.0,0.0,0.0,0.0,0.0,0.0,0.0,0.0,0.0,0.0,0.0,0.0,0.0,0.0,0.0,0.0,0.0,0.0,0.0,0.344828,0.0,0.0,1.0,0.975472,1.0,0.965278,0.948052,0.878049,0.878049,3,1,0.018,East,1,1,0,0,0,0,0
Stanford,Selection Sunday,0,0.0,0.0,0.0,0.0,0.0,0.0,0.0,0.0,0.0,0.0,0.0,0.0,0.0,0.0,0.0,0.0,0.0,0.0,0.0,0.0,0.0,0.0,0.0,0.0,0.0,0.0,0.37931,0.0,0.0,0.932829,0.903774,0.877698,0.819444,0.688312,0.585366,0.585366,3,1,0.012,West,1,0,1,0,0,0,0
SMU,Selection Sunday,0,0.0,0.0,0.0,0.0,0.0,0.0,0.0,0.0,0.0,0.0,0.0,0.0,0.0,0.0,0.0,0.0,0.0,0.0,0.0,0.0,0.0,0.0,0.0,0.0,0.0,0.0,0.413793,0.0,0.0,0.939451,0.939623,0.895683,0.868056,0.792208,0.756098,0.756098,3,1,0.0155,South,1,0,0,1,0,0,0
Virginia Tech,Selection Sunday,0,0.0,0.0,0.0,0.0,0.0,0.0,0.0,0.0,0.0,0.0,0.0,0.0,0.0,0.0,0.0,0.0,0.0,0.0,0.0,0.0,0.0,0.0,0.0,0.0,0.0,0.0,0.413793,0.0,0.0,0.92053,0.890566,0.866906,0.840278,0.753247,0.731707,0.731707,3,1,0.015,Midwest,1,0,0,0,1,0,0
Wake Forest,Selection Sunday,0,0.0,0.0,0.0,0.0,0.0,0.0,0.0,0.0,0.0,0.0,0.0,0.0,0.0,0.0,0.0,0.0,0.0,0.0,0.0,0.0,0.0,0.0,0.0,0.0,0.0,0.0,0.517241,0.0,0.0,0.892148,0.866038,0.820144,0.868056,0.818182,0.560976,0.560976,4,1,0.0115,East,1,1,0,0,0,0,0
Syracuse,Selection Sunday,0,0.0,0.0,0.0,0.0,0.0,0.0,0.0,0.0,0.0,0.0,0.0,0.0,0.0,0.0,0.0,0.0,0.0,0.0,0.0,0.0,0.0,0.0,0.0,0.0,0.0,0.0,0.551724,0.0,0.0,0.959319,0.984906,0.931655,0.923611,0.974026,0.95122,0.95122,4,1,0.0195,West,1,0,1,0,0,0,0
Pittsburgh,Selection Sunday,0,0.0,0.0,0.0,0.0,0.0,0.0,0.0,0.0,0.0,0.0,0.0,0.0,0.0,0.0,0.0,0.0,0.0,0.0,0.0,0.0,0.0,0.0,0.0,0.0,0.0,0.0,0.655172,0.0,0.0,0.952696,0.962264,0.895683,0.722222,0.61039,0.560976,0.560976,4,1,0.0115,South,1,0,0,1,0,0,0
Notre Dame,Selection Sunday,0,0.0,0.0,0.0,0.0,0.0,0.0,0.0,0.0,0.0,0.0,0.0,0.0,0.0,0.0,0.0,0.0,0.0,0.0,0.0,0.0,0.0,0.0,0.0,0.0,0.0,0.0,0.586207,0.0,0.0,0.971618,0.981132,0.931655,0.895833,0.792208,0.829268,0.829268,4,1,0.017,Midwest,1,0,0,0,1,0,0
Boston College,Selection Sunday,0,0.0,0.0,0.0,0.0,0.0,0.0,0.0,0.0,0.0,0.0,0.0,0.0,0.0,0.0,0.0,0.0,0.0,0.0,0.0,0.0,0.0,0.0,0.0,0.0,0.0,0.0,0.655172,0.0,0.0,0.939451,1.0,0.960432,0.9375,0.961039,0.97561,0.97561,5,1,0.02,East,1,1,0,0,0,0,0
Georgia Tech,Selection Sunday,0,0.0,0.0,0.0,0.0,0.0,0.0,0.0,0.0,0.0,0.0,0.0,0.0,0.0,0.0,0.0,0.0,0.0,0.0,0.0,0.0,0.0,0.0,0.0,0.0,0.0,0.0,0.655172,0.0,0.0,0.956481,0.975472,0.938849,0.868056,0.87013,0.731707,0.731707,5,1,0.015,West,1,0,1,0,0,0,0
UMBC,Selection Sunday,0,0.0,0.0,0.0,0.0,0.0,0.0,0.0,0.0,0.0,0.0,0.0,0.0,0.0,0.0,0.0,0.0,0.0,0.0,0.0,0.0,0.0,0.0,0.0,0.0,0.0,0.0,0.241379,0.0,0.0,0.956481,0.979245,0.92446,0.909722,0.831169,0.682927,0.682927,5,1,0.014,South,1,0,0,1,0,0,0
Vermont,Selection Sunday,0,0.0,0.0,0.0,0.0,0.0,0.0,0.0,0.0,0.0,0.0,0.0,0.0,0.0,0.0,0.0,0.0,0.0,0.0,0.0,0.0,0.0,0.0,0.0,0.0,0.0,0.0,0.344828,0.0,0.0,0.950804,0.926415,0.895683,0.881944,0.857143,0.560976,0.560976,5,1,0.0115,Midwest,1,0,0,0,1,0,0
NJIT,Selection Sunday,0,0.0,0.0,0.0,0.0,0.0,0.0,0.0,0.0,0.0,0.0,0.0,0.0,0.0,0.0,0.0,0.0,0.0,0.0,0.0,0.0,0.0,0.0,0.0,0.0,0.0,0.0,0.551724,0.0,0.0,0.952696,0.981132,0.92446,0.819444,0.779221,0.609756,0.609756,6,1,0.0125,East,1,1,0,0,0,0,0
UMass Lowell,Selection Sunday,0,0.0,0.0,0.0,0.0,0.0,0.0,0.0,0.0,0.0,0.0,0.0,0.0,0.0,0.0,0.0,0.0,0.0,0.0,0.0,0.0,0.0,0.0,0.0,0.0,0.0,0.0,0.586207,0.0,0.0,0.935667,0.903774,0.866906,0.888889,0.909091,0.926829,0.926829,6,1,0.019,West,1,0,1,0,0,0,0
UAlbany,Selection Sunday,0,0.0,0.0,0.0,0.0,0.0,0.0,0.0,0.0,0.0,0.0,0.0,0.0,0.0,0.0,0.0,0.0,0.0,0.0,0.0,0.0,0.0,0.0,0.0,0.0,0.0,0.0,0.689655,0.0,0.0,0.935667,0.932075,0.852518,0.784722,0.753247,0.804878,0.804878,6,1,0.0165,South,1,0,0,1,0,0,0
Maine,Selection Sunday,0,0.0,0.0,0.0,0.0,0.0,0.0,0.0,0.0,0.0,0.0,0.0,0.0,0.0,0.0,0.0,0.0,0.0,0.0,0.0,0.0,0.0,0.0,0.0,0.0,0.0,0.0,0.793103,0.0,0.0,0.941343,0.913208,0.859712,0.715278,0.623377,0.560976,0.560976,6,1,0.0115,Midwest,1,0,0,0,1,0,0
New Hampshire,Selection Sunday,0,0.0,0.0,0.0,0.0,0.0,0.0,0.0,0.0,0.0,0.0,0.0,0.0,0.0,0.0,0.0,0.0,0.0,0.0,0.0,0.0,0.0,0.0,0.0,0.0,0.0,0.0,0.689655,0.0,0.0,0.95175,0.866038,0.845324,0.909722,0.727273,0.536585,0.536585,7,1,0.011,East,1,1,0,0,0,0,0
Bryant,Selection Sunday,0,0.0,0.0,0.0,0.0,0.0,0.0,0.0,0.0,0.0,0.0,0.0,0.0,0.0,0.0,0.0,0.0,0.0,0.0,0.0,0.0,0.0,0.0,0.0,0.0,0.0,0.0,0.724138,0.0,0.0,0.993377,0.981132,0.964029,0.951389,0.818182,0.926829,0.926829,7,1,0.019,West,1,0,1,0,0,0,0
Binghamton,Selection Sunday,0,0.0,0.0,0.0,0.0,0.0,0.0,0.0,0.0,0.0,0.0,0.0,0.0,0.0,0.0,0.0,0.0,0.0,0.0,0.0,0.0,0.0,0.0,0.0,0.0,0.0,0.0,0.758621,0.0,0.0,0.92053,0.916981,0.870504,0.861111,0.948052,0.95122,0.95122,7,1,0.0195,South,1,0,0,1,0,0,0
South Fla.,Selection Sunday,0,0.0,0.0,0.0,0.0,0.0,0.0,0.0,0.0,0.0,0.0,0.0,0.0,0.0,0.0,0.0,0.0,0.0,0.0,0.0,0.0,0.0,0.0,0.0,0.0,0.0,0.0,0.241379,0.0,0.0,0.944182,0.943396,0.902878,0.833333,0.779221,0.829268,0.829268,7,1,0.017,Midwest,1,0,0,0,1,0,0
Tulsa,Selection Sunday,0,0.0,0.0,0.0,0.0,0.0,0.0,0.0,0.0,0.0,0.0,0.0,0.0,0.0,0.0,0.0,0.0,0.0,0.0,0.0,0.0,0.0,0.0,0.0,0.0,0.0,0.0,0.172414,0.0,0.0,0.940397,0.926415,0.899281,0.909722,0.922078,0.878049,0.878049,8,1,0.018,East,1,1,0,0,0,0,0
Wichita St.,Selection Sunday,0,0.0,0.0,0.0,0.0,0.0,0.0,0.0,0.0,0.0,0.0,0.0,0.0,0.0,0.0,0.0,0.0,0.0,0.0,0.0,0.0,0.0,0.0,0.0,0.0,0.0,0.0,0.310345,0.0,0.0,0.89877,0.913208,0.870504,0.895833,0.883117,0.853659,0.853659,8,1,0.0175,West,1,0,1,0,0,0,0
UAB,Selection Sunday,0,0.0,0.0,0.0,0.0,0.0,0.0,0.0,0.0,0.0,0.0,0.0,0.0,0.0,0.0,0.0,0.0,0.0,0.0,0.0,0.0,0.0,0.0,0.0,0.0,0.0,0.0,0.37931,0.0,0.0,0.971618,0.945283,1.0,1.0,0.987013,0.95122,0.95122,8,1,0.0195,South,1,0,0,1,0,0,0
North Texas,Selection Sunday,0,0.0,0.0,0.0,0.0,0.0,0.0,0.0,0.0,0.0,0.0,0.0,0.0,0.0,0.0,0.0,0.0,0.0,0.0,0.0,0.0,0.0,0.0,0.0,0.0,0.0,0.0,0.448276,0.0,0.0,0.947966,0.990566,0.935252,0.854167,0.831169,0.707317,0.707317,8,1,0.0145,Midwest,1,0,0,0,1,0,0
Fla. Atlantic,Selection Sunday,0,0.0,0.0,0.0,0.0,0.0,0.0,0.0,0.0,0.0,0.0,0.0,0.0,0.0,0.0,0.0,0.0,0.0,0.0,0.0,0.0,0.0,0.0,0.0,0.0,0.0,0.0,0.482759,0.0,0.0,0.980132,0.979245,0.852518,0.819444,0.792208,0.536585,0.536585,9,1,0.011,East,1,1,0,0,0,0,0
Charlotte,Selection Sunday,0,0.0,0.0,0.0,0.0,0.0,0.0,0.0,0.0,0.0,0.0,0.0,0.0,0.0,0.0,0.0,0.0,0.0,0.0,0.0,0.0,0.0,0.0,0.0,0.0,0.0,0.0,0.517241,0.0,0.0,0.958373,0.962264,0.895683,0.833333,0.753247,0.804878,0.804878,9,1,0.0165,West,1,0,1,0,0,0,0
Tulane,Selection Sunday,0,0.0,0.0,0.0,0.0,0.0,0.0,0.0,0.0,0.0,0.0,0.0,0.0,0.0,0.0,0.0,0.0,0.0,0.0,0.0,0.0,0.0,0.0,0.0,0.0,0.0,0.0,0.482759,0.0,0.0,0.923368,0.958491,0.942446,0.979167,0.857143,0.804878,0.804878,9,1,0.0165,South,1,0,0,1,0,0,0
Temple,Selection Sunday,0,0.0,0.0,0.0,0.0,0.0,0.0,0.0,0.0,0.0,0.0,0.0,0.0,0.0,0.0,0.0,0.0,0.0,0.0,0.0,0.0,0.0,0.0,0.0,0.0,0.0,0.0,0.517241,0.0,0.0,0.939451,0.962264,0.928058,0.930556,0.948052,0.95122,0.95122,9,1,0.0195,Midwest,1,0,0,0,1,0,0
Memphis,Selection Sunday,0,0.0,0.0,0.0,0.0,0.0,0.0,0.0,0.0,0.0,0.0,0.0,0.0,0.0,0.0,0.0,0.0,0.0,0.0,0.0,0.0,0.0,0.0,0.0,0.0,0.0,0.0,0.62069,0.0,0.0,0.912015,0.890566,0.856115,0.784722,0.792208,0.731707,0.731707,10,1,0.015,East,1,1,0,0,0,0,0
Rice,Selection Sunday,0,0.0,0.0,0.0,0.0,0.0,0.0,0.0,0.0,0.0,0.0,0.0,0.0,0.0,0.0,0.0,0.0,0.0,0.0,0.0,0.0,0.0,0.0,0.0,0.0,0.0,0.0,0.586207,0.0,0.0,0.933775,0.909434,0.870504,0.875,0.896104,0.902439,0.902439,10,1,0.0185,West,1,0,1,0,0,0,0
East Carolina,Selection Sunday,0,0.0,0.0,0.0,0.0,0.0,0.0,0.0,0.0,0.0,0.0,0.0,0.0,0.0,0.0,0.0,0.0,0.0,0.0,0.0,0.0,0.0,0.0,0.0,0.0,0.0,0.0,0.655172,0.0,0.0,0.96878,0.954717,0.884892,0.854167,0.961039,0.853659,0.853659,10,1,0.0175,South,1,0,0,1,0,0,0
UTSA,Selection Sunday,0,0.0,0.0,0.0,0.0,0.0,0.0,0.0,0.0,0.0,0.0,0.0,0.0,0.0,0.0,0.0,0.0,0.0,0.0,0.0,0.0,0.0,0.0,0.0,0.0,0.0,0.0,0.827586,0.0,0.0,0.952696,0.915094,0.917266,0.875,0.818182,0.902439,0.902439,10,1,0.0185,Midwest,1,0,0,0,1,0,0
Austin Peay,Selection Sunday,0,0.0,0.0,0.0,0.0,0.0,0.0,0.0,0.0,0.0,0.0,0.0,0.0,0.0,0.0,0.0,0.0,0.0,0.0,0.0,0.0,0.0,0.0,0.0,0.0,0.0,0.0,0.275862,0.0,0.0,0.934721,0.933962,0.910072,0.819444,0.74026,0.463415,0.463415,11,1,0.0095,East,1,1,0,0,0,0,0
Central Ark.,Selection Sunday,0,0.0,0.0,0.0,0.0,0.0,0.0,0.0,0.0,0.0,0.0,0.0,0.0,0.0,0.0,0.0,0.0,0.0,0.0,0.0,0.0,0.0,0.0,0.0,0.0,0.0,0.0,0.37931,0.0,0.0,0.944182,0.945283,0.870504,0.847222,0.727273,0.853659,0.853659,11,1,0.0175,West,1,0,1,0,0,0,0
Queens (NC),Selection Sunday,0,0.0,0.0,0.0,0.0,0.0,0.0,0.0,0.0,0.0,0.0,0.0,0.0,0.0,0.0,0.0,0.0,0.0,0.0,0.0,0.0,0.0,0.0,0.0,0.0,0.0,0.0,0.413793,0.0,0.0,0.914853,0.907547,0.899281,0.972222,0.896104,1.0,1.0,11,1,0.0205,South,1,0,0,1,0,0,0
Lipscomb,Selection Sunday,0,0.0,0.0,0.0,0.0,0.0,0.0,0.0,0.0,0.0,0.0,0.0,0.0,0.0,0.0,0.0,0.0,0.0,0.0,0.0,0.0,0.0,0.0,0.0,0.0,0.0,0.0,0.413793,0.0,0.0,0.95175,0.954717,0.899281,0.881944,0.857143,0.95122,0.95122,11,1,0.0195,Midwest,1,0,0,0,1,0,0
FGCU,Selection Sunday,0,0.0,0.0,0.0,0.0,0.0,0.0,0.0,0.0,0.0,0.0,0.0,0.0,0.0,0.0,0.0,0.0,0.0,0.0,0.0,0.0,0.0,0.0,0.0,0.0,0.0,0.0,0.586207,0.0,0.0,0.957427,0.969811,0.953237,0.881944,0.792208,0.756098,0.756098,12,1,0.0155,East,1,1,0,0,0,0,0
West Ga.,Selection Sunday,0,0.0,0.0,0.0,0.0,0.0,0.0,0.0,0.0,0.0,0.0,0.0,0.0,0.0,0.0,0.0,0.0,0.0,0.0,0.0,0.0,0.0,0.0,0.0,0.0,0.0,0.0,0.551724,0.0,0.0,0.947966,0.956604,0.859712,0.847222,0.753247,0.780488,0.780488,12,1,0.016,West,1,0,1,0,0,0,0
Bellarmine,Selection Sunday,0,0.0,0.0,0.0,0.0,0.0,0.0,0.0,0.0,0.0,0.0,0.0,0.0,0.0,0.0,0.0,0.0,0.0,0.0,0.0,0.0,0.0,0.0,0.0,0.0,0.0,0.0,0.62069,0.0,0.0,0.977294,0.95283,0.881295,0.875,0.883117,0.707317,0.707317,12,1,0.0145,South,1,0,0,1,0,0,0
Jacksonville,Selection Sunday,0,0.0,0.0,0.0,0.0,0.0,0.0,0.0,0.0,0.0,0.0,0.0,0.0,0.0,0.0,0.0,0.0,0.0,0.0,0.0,0.0,0.0,0.0,0.0,0.0,0.0,0.0,0.655172,0.0,0.0,0.940397,0.941509,0.780576,0.770833,0.636364,0.560976,0.560976,12,1,0.0115,Midwest,1,0,0,0,1,0,0
Stetson,Selection Sunday,0,0.0,0.0,0.0,0.0,0.0,0.0,0.0,0.0,0.0,0.0,0.0,0.0,0.0,0.0,0.0,0.0,0.0,0.0,0.0,0.0,0.0,0.0,0.0,0.0,0.0,0.0,0.689655,0.0,0.0,0.936613,0.90566,0.856115,0.840278,0.779221,0.731707,0.731707,13,1,0.015,East,1,1,0,0,0,0,0
Eastern Ky.,Selection Sunday,0,0.0,0.0,0.0,0.0,0.0,0.0,0.0,0.0,0.0,0.0,0.0,0.0,0.0,0.0,0.0,0.0,0.0,0.0,0.0,0.0,0.0,0.0,0.0,0.0,0.0,0.0,0.689655,0.0,0.0,0.939451,0.926415,0.942446,0.951389,0.961039,0.878049,0.878049,13,1,0.018,West,1,0,1,0,0,0,0
North Florida,Selection Sunday,0,0.0,0.0,0.0,0.0,0.0,0.0,0.0,0.0,0.0,0.0,0.0,0.0,0.0,0.0,0.0,0.0,0.0,0.0,0.0,0.0,0.0,0.0,0.0,0.0,0.0,0.0,0.827586,0.0,0.0,0.937559,0.920755,0.881295,0.826389,0.74026,0.804878,0.804878,13,1,0.0165,South,1,0,0,1,0,0,0
North Ala.,Selection Sunday,0,0.0,0.0,0.0,0.0,0.0,0.0,0.0,0.0,0.0,0.0,0.0,0.0,0.0,0.0,0.0,0.0,0.0,0.0,0.0,0.0,0.0,0.0,0.0,0.0,0.0,0.0,0.689655,0.0,0.0,0.914853,0.916981,0.938849,0.923611,0.909091,0.682927,0.682927,13,1,0.014,Midwest,1,0,0,0,1,0,0
Saint Louis,Selection Sunday,0,0.0,0.0,0.0,0.0,0.0,0.0,0.0,0.0,0.0,0.0,0.0,0.0,0.0,0.0,0.0,0.0,0.0,0.0,0.0,0.0,0.0,0.0,0.0,0.0,0.0,0.0,0.103448,0.0,0.0,0.955535,0.943396,0.931655,0.854167,0.792208,0.536585,0.536585,14,1,0.011,East,1,1,0,0,0,0,0
VCU,Selection Sunday,0,0.0,0.0,0.0,0.0,0.0,0.0,0.0,0.0,0.0,0.0,0.0,0.0,0.0,0.0,0.0,0.0,0.0,0.0,0.0,0.0,0.0,0.0,0.0,0.0,0.0,0.0,0.206897,0.0,0.0,0.952696,0.962264,0.971223,0.965278,0.831169,0.585366,0.585366,14,1,0.012,West,1,0,1,0,0,0,0
Saint Joseph's,Selection Sunday,0,0.0,0.0,0.0,0.0,0.0,0.0,0.0,0.0,0.0,0.0,0.0,0.0,0.0,0.0,0.0,0.0,0.0,0.0,0.0,0.0,0.0,0.0,0.0,0.0,0.0,0.0,0.310345,0.0,0.0,0.954588,0.907547,0.841727,0.777778,0.714286,0.756098,0.756098,14,1,0.0155,South,1,0,0,1,0,0,0
Dayton,Selection Sunday,0,0.0,0.0,0.0,0.0,0.0,0.0,0.0,0.0,0.0,0.0,0.0,0.0,0.0,0.0,0.0,0.0,0.0,0.0,0.0,0.0,0.0,0.0,0.0,0.0,0.0,0.0,0.310345,0.0,0.0,0.977294,0.977358,0.935252,0.875,0.844156,0.902439,0.902439,14,1,0.0185,Midwest,1,0,0,0,1,0,0
George Mason,Selection Sunday,0,0.0,0.0,0.0,0.0,0.0,0.0,0.0,0.0,0.0,0.0,0.0,0.0,0.0,0.0,0.0,0.0,0.0,0.0,0.0,0.0,0.0,0.0,0.0,0.0,0.0,0.0,0.275862,0.0,0.0,0.953642,1.0,0.964029,0.819444,0.766234,0.902439,0.902439,15,1,0.0185,East,1,1,0,0,0,0,0
Davidson,Selection Sunday,0,0.0,0.0,0.0,0.0,0.0,0.0,0.0,0.0,0.0,0.0,0.0,0.0,0.0,0.0,0.0,0.0,0.0,0.0,0.0,0.0,0.0,0.0,0.0,0.0,0.0,0.0,0.413793,0.0,0.0,0.928098,0.924528,0.859712,0.75,0.714286,0.853659,0.853659,15,1,0.0175,West,1,0,1,0,0,0,0
Duquesne,Selection Sunday,0,0.0,0.0,0.0,0.0,0.0,0.0,0.0,0.0,0.0,0.0,0.0,0.0,0.0,0.0,0.0,0.0,0.0,0.0,0.0,0.0,0.0,0.0,0.0,0.0,0.0,0.0,0.482759,0.0,0.0,0.948912,0.962264,0.888489,0.826389,0.662338,0.487805,0.487805,15,1,0.01,South,1,0,0,1,0,0,0
George Washington,Selection Sunday,0,0.0,0.0,0.0,0.0,0.0,0.0,0.0,0.0,0.0,0.0,0.0,0.0,0.0,0.0,0.0,0.0,0.0,0.0,0.0,0.0,0.0,0.0,0.0,0.0,0.0,0.0,0.482759,0.0,0.0,0.927152,0.941509,0.899281,0.826389,0.714286,0.585366,0.585366,15,1,0.012,Midwest,1,0,0,0,1,0,0
Fordham,Selection Sunday,0,0.0,0.0,0.0,0.0,0.0,0.0,0.0,0.0,0.0,0.0,0.0,0.0,0.0,0.0,0.0,0.0,0.0,0.0,0.0,0.0,0.0,0.0,0.0,0.0,0.0,0.0,0.482759,0.0,0.0,0.938505,0.924528,0.870504,0.854167,0.831169,0.780488,0.780488,16,1,0.016,East,1,1,0,0,0,0,0
Rhode Island,Selection Sunday,0,0.0,0.0,0.0,0.0,0.0,0.0,0.0,0.0,0.0,0.0,0.0,0.0,0.0,0.0,0.0,0.0,0.0,0.0,0.0,0.0,0.0,0.0,0.0,0.0,0.0,0.0,0.517241,0.0,0.0,0.964049,0.960377,0.92446,0.777778,0.61039,0.536585,0.536585,16,1,0.011,West,1,0,1,0,0,0,0
Richmond,Selection Sunday,0,0.0,0.0,0.0,0.0,0.0,0.0,0.0,0.0,0.0,0.0,0.0,0.0,0.0,0.0,0.0,0.0,0.0,0.0,0.0,0.0,0.0,0.0,0.0,0.0,0.0,0.0,0.551724,0.0,0.0,0.943236,0.983019,0.97482,0.944444,0.857143,0.878049,0.878049,16,1,0.018,South,1,0,0,1,0,0,0
La Salle,Selection Sunday,0,0.0,0.0,0.0,0.0,0.0,0.0,0.0,0.0,0.0,0.0,0.0,0.0,0.0,0.0,0.0,0.0,0.0,0.0,0.0,0.0,0.0,0.0,0.0,0.0,0.0,0.0,0.758621,0.0,0.0,0.964995,0.937736,0.895683,0.902778,0.766234,0.804878,0.804878,16,1,0.0165,Midwest,1,0,0,0,1,0,0
St. Bonaventure,Selection Sunday,0,0.0,0.0,0.0,0.0,0.0,0.0,0.0,0.0,0.0,0.0,0.0,0.0,0.0,0.0,0.0,0.0,0.0,0.0,0.0,0.0,0.0,0.0,0.0,0.0,0.0,0.0,0.551724,0.0,0.0,0.0,0.0,0.0,0.0,0.0,0.0,0.0,-1,0,0.0,Play-in,1,0,0,0,0,1,0
Loyola Chicago,Selection Sunday,0,0.0,0.0,0.0,0.0,0.0,0.0,0.0,0.0,0.0,0.0,0.0,0.0,0.0,0.0,0.0,0.0,0.0,0.0,0.0,0.0,0.0,0.0,0.0,0.0,0.0,0.0,0.793103,0.0,0.0,0.0,0.0,0.0,0.0,0.0,0.0,0.0,-1,0,0.0,Play-in,1,0,0,0,0,1,0
Arizona,Selection Sunday,0,0.0,0.0,0.0,0.0,0.0,0.0,0.0,0.0,0.0,0.0,0.0,0.0,0.0,0.0,0.0,0.0,0.0,0.0,0.0,0.0,0.0,0.0,0.0,0.0,0.0,0.0,0.034483,0.0,0.0,0.0,0.0,0.0,0.0,0.0,0.0,0.0,-1,0,0.0,Play-in,1,0,0,0,0,1,0
Houston,Selection Sunday,0,0.0,0.0,0.0,0.0,0.0,0.0,0.0,0.0,0.0,0.0,0.0,0.0,0.0,0.0,0.0,0.0,0.0,0.0,0.0,0.0,0.0,0.0,0.0,0.0,0.0,0.0,0.137931,0.0,0.0,0.0,0.0,0.0,0.0,0.0,0.0,0.0,-1,0,0.0,Play-in,1,0,0,0,0,1,0
Iowa St.,Selection Sunday,0,0.0,0.0,0.0,0.0,0.0,0.0,0.0,0.0,0.0,0.0,0.0,0.0,0.0,0.0,0.0,0.0,0.0,0.0,0.0,0.0,0.0,0.0,0.0,0.0,0.0,0.0,0.206897,0.0,0.0,0.0,0.0,0.0,0.0,0.0,0.0,0.0,-1,0,0.0,—,1,0,0,0,0,0,1
Kansas,Selection Sunday,0,0.0,0.0,0.0,0.0,0.0,0.0,0.0,0.0,0.0,0.0,0.0,0.0,0.0,0.0,0.0,0.0,0.0,0.0,0.0,0.0,0.0,0.0,0.0,0.0,0.0,0.0,0.310345,0.0,0.0,0.0,0.0,0.0,0.0,0.0,0.0,0.0,-1,0,0.0,—,1,0,0,0,0,0,1
Texas Tech,Selection Sunday,0,0.0,0.0,0.0,0.0,0.0,0.0,0.0,0.0,0.0,0.0,0.0,0.0,0.0,0.0,0.0,0.0,0.0,0.0,0.0,0.0,0.0,0.0,0.0,0.0,0.0,0.0,0.310345,0.0,0.0,0.0,0.0,0.0,0.0,0.0,0.0,0.0,-1,0,0.0,—,1,0,0,0,0,0,1
TCU,Selection Sunday,0,0.0,0.0,0.0,0.0,0.0,0.0,0.0,0.0,0.0,0.0,0.0,0.0,0.0,0.0,0.0,0.0,0.0,0.0,0.0,0.0,0.0,0.0,0.0,0.0,0.0,0.0,0.344828,0.0,0.0,0.0,0.0,0.0,0.0,0.0,0.0,0.0,-1,0,0.0,—,1,0,0,0,0,0,1
BYU,Selection Sunday,0,0.0,0.0,0.0,0.0,0.0,0.0,0.0,0.0,0.0,0.0,0.0,0.0,0.0,0.0,0.0,0.0,0.0,0.0,0.0,0.0,0.0,0.0,0.0,0.0,0.0,0.0,0.344828,0.0,0.0,0.0,0.0,0.0,0.0,0.0,0.0,0.0,-1,0,0.0,—,1,0,0,0,0,0,1
UCF,Selection Sunday,0,0.0,0.0,0.0,0.0,0.0,0.0,0.0,0.0,0.0,0.0,0.0,0.0,0.0,0.0,0.0,0.0,0.0,0.0,0.0,0.0,0.0,0.0,0.0,0.0,0.0,0.0,0.344828,0.0,0.0,0.0,0.0,0.0,0.0,0.0,0.0,0.0,-1,0,0.0,—,1,0,0,0,0,0,1
West Virginia,Selection Sunday,0,0.0,0.0,0.0,0.0,0.0,0.0,0.0,0.0,0.0,0.0,0.0,0.0,0.0,0.0,0.0,0.0,0.0,0.0,0.0,0.0,0.0,0.0,0.0,0.0,0.0,0.0,0.448276,0.0,0.0,0.0,0.0,0.0,0.0,0.0,0.0,0.0,-1,0,0.0,—,1,0,0,0,0,0,1
Cincinnati,Selection Sunday,0,0.0,0.0,0.0,0.0,0.0,0.0,0.0,0.0,0.0,0.0,0.0,0.0,0.0,0.0,0.0,0.0,0.0,0.0,0.0,0.0,0.0,0.0,0.0,0.0,0.0,0.0,0.482759,0.0,0.0,0.0,0.0,0.0,0.0,0.0,0.0,0.0,-1,0,0.0,—,1,0,0,0,0,0,1
Colorado,Selection Sunday,0,0.0,0.0,0.0,0.0,0.0,0.0,0.0,0.0,0.0,0.0,0.0,0.0,0.0,0.0,0.0,0.0,0.0,0.0,0.0,0.0,0.0,0.0,0.0,0.0,0.0,0.0,0.482759,0.0,0.0,0.0,0.0,0.0,0.0,0.0,0.0,0.0,-1,0,0.0,—,1,0,0,0,0,0,1
Arizona St.,Selection Sunday,0,0.0,0.0,0.0,0.0,0.0,0.0,0.0,0.0,0.0,0.0,0.0,0.0,0.0,0.0,0.0,0.0,0.0,0.0,0.0,0.0,0.0,0.0,0.0,0.0,0.0,0.0,0.517241,0.0,0.0,0.0,0.0,0.0,0.0,0.0,0.0,0.0,-1,0,0.0,—,1,0,0,0,0,0,1
Oklahoma St.,Selection Sunday,0,0.0,0.0,0.0,0.0,0.0,0.0,0.0,0.0,0.0,0.0,0.0,0.0,0.0,0.0,0.0,0.0,0.0,0.0,0.0,0.0,0.0,0.0,0.0,0.0,0.0,0.0,0.448276,0.0,0.0,0.0,0.0,0.0,0.0,0.0,0.0,0.0,-1,0,0.0,—,1,0,0,0,0,0,1
Baylor,Selection Sunday,0,0.0,0.0,0.0,0.0,0.0,0.0,0.0,0.0,0.0,0.0,0.0,0.0,0.0,0.0,0.0,0.0,0.0,0.0,0.0,0.0,0.0,0.0,0.0,0.0,0.0,0.0,0.517241,0.0,0.0,0.0,0.0,0.0,0.0,0.0,0.0,0.0,-1,0,0.0,—,1,0,0,0,0,0,1
Kansas St.,Selection Sunday,0,0.0,0.0,0.0,0.0,0.0,0.0,0.0,0.0,0.0,0.0,0.0,0.0,0.0,0.0,0.0,0.0,0.0,0.0,0.0,0.0,0.0,0.0,0.0,0.0,0.0,0.0,0.655172,0.0,0.0,0.0,0.0,0.0,0.0,0.0,0.0,0.0,-1,0,0.0,—,1,0,0,0,0,0,1
Utah,Selection Sunday,0,0.0,0.0,0.0,0.0,0.0,0.0,0.0,0.0,0.0,0.0,0.0,0.0,0.0,0.0,0.0,0.0,0.0,0.0,0.0,0.0,0.0,0.0,0.0,0.0,0.0,0.0,0.724138,0.0,0.0,0.0,0.0,0.0,0.0,0.0,0.0,0.0,-1,0,0.0,—,1,0,0,0,0,0,1
St. John's (NY),Selection Sunday,0,0.0,0.0,0.0,0.0,0.0,0.0,0.0,0.0,0.0,0.0,0.0,0.0,0.0,0.0,0.0,0.0,0.0,0.0,0.0,0.0,0.0,0.0,0.0,0.0,0.0,0.0,0.172414,0.0,0.0,0.0,0.0,0.0,0.0,0.0,0.0,0.0,-1,0,0.0,—,1,0,0,0,0,0,1
UConn,Selection Sunday,0,0.0,0.0,0.0,0.0,0.0,0.0,0.0,0.0,0.0,0.0,0.0,0.0,0.0,0.0,0.0,0.0,0.0,0.0,0.0,0.0,0.0,0.0,0.0,0.0,0.0,0.0,0.103448,0.0,0.0,0.0,0.0,0.0,0.0,0.0,0.0,0.0,-1,0,0.0,—,1,0,0,0,0,0,1
Villanova,Selection Sunday,0,0.0,0.0,0.0,0.0,0.0,0.0,0.0,0.0,0.0,0.0,0.0,0.0,0.0,0.0,0.0,0.0,0.0,0.0,0.0,0.0,0.0,0.0,0.0,0.0,0.0,0.0,0.241379,0.0,0.0,0.0,0.0,0.0,0.0,0.0,0.0,0.0,-1,0,0.0,—,1,0,0,0,0,0,1
Seton Hall,Selection Sunday,0,0.0,0.0,0.0,0.0,0.0,0.0,0.0,0.0,0.0,0.0,0.0,0.0,0.0,0.0,0.0,0.0,0.0,0.0,0.0,0.0,0.0,0.0,0.0,0.0,0.0,0.0,0.37931,0.0,0.0,0.0,0.0,0.0,0.0,0.0,0.0,0.0,-1,0,0.0,—,1,0,0,0,0,0,1
Creighton,Selection Sunday,0,0.0,0.0,0.0,0.0,0.0,0.0,0.0,0.0,0.0,0.0,0.0,0.0,0.0,0.0,0.0,0.0,0.0,0.0,0.0,0.0,0.0,0.0,0.0,0.0,0.0,0.0,0.551724,0.0,0.0,0.0,0.0,0.0,0.0,0.0,0.0,0.0,-1,0,0.0,—,1,0,0,0,0,0,1
DePaul,Selection Sunday,0,0.0,0.0,0.0,0.0,0.0,0.0,0.0,0.0,0.0,0.0,0.0,0.0,0.0,0.0,0.0,0.0,0.0,0.0,0.0,0.0,0.0,0.0,0.0,0.0,0.0,0.0,0.517241,0.0,0.0,0.0,0.0,0.0,0.0,0.0,0.0,0.0,-1,0,0.0,—,1,0,0,0,0,0,1
Butler,Selection Sunday,0,0.0,0.0,0.0,0.0,0.0,0.0,0.0,0.0,0.0,0.0,0.0,0.0,0.0,0.0,0.0,0.0,0.0,0.0,0.0,0.0,0.0,0.0,0.0,0.0,0.0,0.0,0.517241,0.0,0.0,0.0,0.0,0.0,0.0,0.0,0.0,0.0,-1,0,0.0,—,1,0,0,0,0,0,1
Providence,Selection Sunday,0,0.0,0.0,0.0,0.0,0.0,0.0,0.0,0.0,0.0,0.0,0.0,0.0,0.0,0.0,0.0,0.0,0.0,0.0,0.0,0.0,0.0,0.0,0.0,0.0,0.0,0.0,0.586207,0.0,0.0,0.0,0.0,0.0,0.0,0.0,0.0,0.0,-1,0,0.0,—,1,0,0,0,0,0,1
Marquette,Selection Sunday,0,0.0,0.0,0.0,0.0,0.0,0.0,0.0,0.0,0.0,0.0,0.0,0.0,0.0,0.0,0.0,0.0,0.0,0.0,0.0,0.0,0.0,0.0,0.0,0.0,0.0,0.0,0.655172,0.0,0.0,0.0,0.0,0.0,0.0,0.0,0.0,0.0,-1,0,0.0,—,1,0,0,0,0,0,1
Georgetown,Selection Sunday,0,0.0,0.0,0.0,0.0,0.0,0.0,0.0,0.0,0.0,0.0,0.0,0.0,0.0,0.0,0.0,0.0,0.0,0.0,0.0,0.0,0.0,0.0,0.0,0.0,0.0,0.0,0.586207,0.0,0.0,0.0,0.0,0.0,0.0,0.0,0.0,0.0,-1,0,0.0,—,1,0,0,0,0,0,1
Xavier,Selection Sunday,0,0.0,0.0,0.0,0.0,0.0,0.0,0.0,0.0,0.0,0.0,0.0,0.0,0.0,0.0,0.0,0.0,0.0,0.0,0.0,0.0,0.0,0.0,0.0,0.0,0.0,0.0,0.586207,0.0,0.0,0.0,0.0,0.0,0.0,0.0,0.0,0.0,-1,0,0.0,—,1,0,0,0,0,0,1
Portland St.,Selection Sunday,0,0.0,0.0,0.0,0.0,0.0,0.0,0.0,0.0,0.0,0.0,0.0,0.0,0.0,0.0,0.0,0.0,0.0,0.0,0.0,0.0,0.0,0.0,0.0,0.0,0.0,0.0,0.344828,0.0,0.0,0.0,0.0,0.0,0.0,0.0,0.0,0.0,-1,0,0.0,—,1,0,0,0,0,0,1
Montana St.,Selection Sunday,0,0.0,0.0,0.0,0.0,0.0,0.0,0.0,0.0,0.0,0.0,0.0,0.0,0.0,0.0,0.0,0.0,0.0,0.0,0.0,0.0,0.0,0.0,0.0,0.0,0.0,0.0,0.448276,0.0,0.0,0.0,0.0,0.0,0.0,0.0,0.0,0.0,-1,0,0.0,—,1,0,0,0,0,0,1
Eastern Wash.,Selection Sunday,0,0.0,0.0,0.0,0.0,0.0,0.0,0.0,0.0,0.0,0.0,0.0,0.0,0.0,0.0,0.0,0.0,0.0,0.0,0.0,0.0,0.0,0.0,0.0,0.0,0.0,0.0,0.62069,0.0,0.0,0.0,0.0,0.0,0.0,0.0,0.0,0.0,-1,0,0.0,—,1,0,0,0,0,0,1
Northern Colo.,Selection Sunday,0,0.0,0.0,0.0,0.0,0.0,0.0,0.0,0.0,0.0,0.0,0.0,0.0,0.0,0.0,0.0,0.0,0.0,0.0,0.0,0.0,0.0,0.0,0.0,0.0,0.0,0.0,0.37931,0.0,0.0,0.0,0.0,0.0,0.0,0.0,0.0,0.0,-1,0,0.0,—,1,0,0,0,0,0,1
Montana,Selection Sunday,0,0.0,0.0,0.0,0.0,0.0,0.0,0.0,0.0,0.0,0.0,0.0,0.0,0.0,0.0,0.0,0.0,0.0,0.0,0.0,0.0,0.0,0.0,0.0,0.0,0.0,0.0,0.517241,0.0,0.0,0.0,0.0,0.0,0.0,0.0,0.0,0.0,-1,0,0.0,—,1,0,0,0,0,0,1
Weber St.,Selection Sunday,0,0.0,0.0,0.0,0.0,0.0,0.0,0.0,0.0,0.0,0.0,0.0,0.0,0.0,0.0,0.0,0.0,0.0,0.0,0.0,0.0,0.0,0.0,0.0,0.0,0.0,0.0,0.517241,0.0,0.0,0.0,0.0,0.0,0.0,0.0,0.0,0.0,-1,0,0.0,—,1,0,0,0,0,0,1
Idaho,Selection Sunday,0,0.0,0.0,0.0,0.0,0.0,0.0,0.0,0.0,0.0,0.0,0.0,0.0,0.0,0.0,0.0,0.0,0.0,0.0,0.0,0.0,0.0,0.0,0.0,0.0,0.0,0.0,0.448276,0.0,0.0,0.0,0.0,0.0,0.0,0.0,0.0,0.0,-1,0,0.0,—,1,0,0,0,0,0,1
Sacramento St.,Selection Sunday,0,0.0,0.0,0.0,0.0,0.0,0.0,0.0,0.0,0.0,0.0,0.0,0.0,0.0,0.0,0.0,0.0,0.0,0.0,0.0,0.0,0.0,0.0,0.0,0.0,0.0,0.0,0.689655,0.0,0.0,0.0,0.0,0.0,0.0,0.0,0.0,0.0,-1,0,0.0,—,1,0,0,0,0,0,1
Idaho St.,Selection Sunday,0,0.0,0.0,0.0,0.0,0.0,0.0,0.0,0.0,0.0,0.0,0.0,0.0,0.0,0.0,0.0,0.0,0.0,0.0,0.0,0.0,0.0,0.0,0.0,0.0,0.0,0.0,0.655172,0.0,0.0,0.0,0.0,0.0,0.0,0.0,0.0,0.0,-1,0,0.0,—,1,0,0,0,0,0,1
Northern Ariz.,Selection Sunday,0,0.0,0.0,0.0,0.0,0.0,0.0,0.0,0.0,0.0,0.0,0.0,0.0,0.0,0.0,0.0,0.0,0.0,0.0,0.0,0.0,0.0,0.0,0.0,0.0,0.0,0.0,0.724138,0.0,0.0,0.0,0.0,0.0,0.0,0.0,0.0,0.0,-1,0,0.0,—,1,0,0,0,0,0,1
High Point,Selection Sunday,0,0.0,0.0,0.0,0.0,0.0,0.0,0.0,0.0,0.0,0.0,0.0,0.0,0.0,0.0,0.0,0.0,0.0,0.0,0.0,0.0,0.0,0.0,0.0,0.0,0.0,0.0,0.103448,0.0,0.0,0.0,0.0,0.0,0.0,0.0,0.0,0.0,-1,0,0.0,—,1,0,0,0,0,0,1
Winthrop,Selection Sunday,0,0.0,0.0,0.0,0.0,0.0,0.0,0.0,0.0,0.0,0.0,0.0,0.0,0.0,0.0,0.0,0.0,0.0,0.0,0.0,0.0,0.0,0.0,0.0,0.0,0.0,0.0,0.344828,0.0,0.0,0.0,0.0,0.0,0.0,0.0,0.0,0.0,-1,0,0.0,—,1,0,0,0,0,0,1
Radford,Selection Sunday,0,0.0,0.0,0.0,0.0,0.0,0.0,0.0,0.0,0.0,0.0,0.0,0.0,0.0,0.0,0.0,0.0,0.0,0.0,0.0,0.0,0.0,0.0,0.0,0.0,0.0,0.0,0.517241,0.0,0.0,0.0,0.0,0.0,0.0,0.0,0.0,0.0,-1,0,0.0,—,1,0,0,0,0,0,1
Longwood,Selection Sunday,0,0.0,0.0,0.0,0.0,0.0,0.0,0.0,0.0,0.0,0.0,0.0,0.0,0.0,0.0,0.0,0.0,0.0,0.0,0.0,0.0,0.0,0.0,0.0,0.0,0.0,0.0,0.517241,0.0,0.0,0.0,0.0,0.0,0.0,0.0,0.0,0.0,-1,0,0.0,—,1,0,0,0,0,0,1
UNC Asheville,Selection Sunday,0,0.0,0.0,0.0,0.0,0.0,0.0,0.0,0.0,0.0,0.0,0.0,0.0,0.0,0.0,0.0,0.0,0.0,0.0,0.0,0.0,0.0,0.0,0.0,0.0,0.0,0.0,0.551724,0.0,0.0,0.0,0.0,0.0,0.0,0.0,0.0,0.0,-1,0,0.0,—,1,0,0,0,0,0,1
Presbyterian,Selection Sunday,0,0.0,0.0,0.0,0.0,0.0,0.0,0.0,0.0,0.0,0.0,0.0,0.0,0.0,0.0,0.0,0.0,0.0,0.0,0.0,0.0,0.0,0.0,0.0,0.0,0.0,0.0,0.586207,0.0,0.0,0.0,0.0,0.0,0.0,0.0,0.0,0.0,-1,0,0.0,—,1,0,0,0,0,0,1
Charleston So.,Selection Sunday,0,0.0,0.0,0.0,0.0,0.0,0.0,0.0,0.0,0.0,0.0,0.0,0.0,0.0,0.0,0.0,0.0,0.0,0.0,0.0,0.0,0.0,0.0,0.0,0.0,0.0,0.0,0.551724,0.0,0.0,0.0,0.0,0.0,0.0,0.0,0.0,0.0,-1,0,0.0,—,1,0,0,0,0,0,1
USC Upstate,Selection Sunday,0,0.0,0.0,0.0,0.0,0.0,0.0,0.0,0.0,0.0,0.0,0.0,0.0,0.0,0.0,0.0,0.0,0.0,0.0,0.0,0.0,0.0,0.0,0.0,0.0,0.0,0.0,0.62069,0.0,0.0,0.0,0.0,0.0,0.0,0.0,0.0,0.0,-1,0,0.0,—,1,0,0,0,0,0,1
Gardner-Webb,Selection Sunday,0,0.0,0.0,0.0,0.0,0.0,0.0,0.0,0.0,0.0,0.0,0.0,0.0,0.0,0.0,0.0,0.0,0.0,0.0,0.0,0.0,0.0,0.0,0.0,0.0,0.0,0.0,0.965517,0.0,0.0,0.0,0.0,0.0,0.0,0.0,0.0,0.0,-1,0,0.0,—,1,0,0,0,0,0,1
Michigan,Selection Sunday,0,0.0,0.0,0.0,0.0,0.0,0.0,0.0,0.0,0.0,0.0,0.0,0.0,0.0,0.0,0.0,0.0,0.0,0.0,0.0,0.0,0.0,0.0,0.0,0.0,0.0,0.0,0.034483,0.0,0.0,0.0,0.0,0.0,0.0,0.0,0.0,0.0,-1,0,0.0,—,1,0,0,0,0,0,1
Nebraska,Selection Sunday,0,0.0,0.0,0.0,0.0,0.0,0.0,0.0,0.0,0.0,0.0,0.0,0.0,0.0,0.0,0.0,0.0,0.0,0.0,0.0,0.0,0.0,0.0,0.0,0.0,0.0,0.0,0.172414,0.0,0.0,0.0,0.0,0.0,0.0,0.0,0.0,0.0,-1,0,0.0,—,1,0,0,0,0,0,1
Michigan St.,Selection Sunday,0,0.0,0.0,0.0,0.0,0.0,0.0,0.0,0.0,0.0,0.0,0.0,0.0,0.0,0.0,0.0,0.0,0.0,0.0,0.0,0.0,0.0,0.0,0.0,0.0,0.0,0.0,0.206897,0.0,0.0,0.0,0.0,0.0,0.0,0.0,0.0,0.0,-1,0,0.0,—,1,0,0,0,0,0,1
Illinois,Selection Sunday,0,0.0,0.0,0.0,0.0,0.0,0.0,0.0,0.0,0.0,0.0,0.0,0.0,0.0,0.0,0.0,0.0,0.0,0.0,0.0,0.0,0.0,0.0,0.0,0.0,0.0,0.0,0.241379,0.0,0.0,0.0,0.0,0.0,0.0,0.0,0.0,0.0,-1,0,0.0,—,1,0,0,0,0,0,1
Wisconsin,Selection Sunday,0,0.0,0.0,0.0,0.0,0.0,0.0,0.0,0.0,0.0,0.0,0.0,0.0,0.0,0.0,0.0,0.0,0.0,0.0,0.0,0.0,0.0,0.0,0.0,0.0,0.0,0.0,0.275862,0.0,0.0,0.0,0.0,0.0,0.0,0.0,0.0,0.0,-1,0,0.0,—,1,0,0,0,0,0,1
Purdue,Selection Sunday,0,0.0,0.0,0.0,0.0,0.0,0.0,0.0,0.0,0.0,0.0,0.0,0.0,0.0,0.0,0.0,0.0,0.0,0.0,0.0,0.0,0.0,0.0,0.0,0.0,0.0,0.0,0.241379,0.0,0.0,0.0,0.0,0.0,0.0,0.0,0.0,0.0,-1,0,0.0,—,1,0,0,0,0,0,1
UCLA,Selection Sunday,0,0.0,0.0,0.0,0.0,0.0,0.0,0.0,0.0,0.0,0.0,0.0,0.0,0.0,0.0,0.0,0.0,0.0,0.0,0.0,0.0,0.0,0.0,0.0,0.0,0.0,0.0,0.310345,0.0,0.0,0.0,0.0,0.0,0.0,0.0,0.0,0.0,-1,0,0.0,—,1,0,0,0,0,0,1
Ohio St.,Selection Sunday,0,0.0,0.0,0.0,0.0,0.0,0.0,0.0,0.0,0.0,0.0,0.0,0.0,0.0,0.0,0.0,0.0,0.0,0.0,0.0,0.0,0.0,0.0,0.0,0.0,0.0,0.0,0.37931,0.0,0.0,0.0,0.0,0.0,0.0,0.0,0.0,0.0,-1,0,0.0,—,1,0,0,0,0,0,1
Iowa,Selection Sunday,0,0.0,0.0,0.0,0.0,0.0,0.0,0.0,0.0,0.0,0.0,0.0,0.0,0.0,0.0,0.0,0.0,0.0,0.0,0.0,0.0,0.0,0.0,0.0,0.0,0.0,0.0,0.37931,0.0,0.0,0.0,0.0,0.0,0.0,0.0,0.0,0.0,-1,0,0.0,—,1,0,0,0,0,0,1
Indiana,Selection Sunday,0,0.0,0.0,0.0,0.0,0.0,0.0,0.0,0.0,0.0,0.0,0.0,0.0,0.0,0.0,0.0,0.0,0.0,0.0,0.0,0.0,0.0,0.0,0.0,0.0,0.0,0.0,0.448276,0.0,0.0,0.0,0.0,0.0,0.0,0.0,0.0,0.0,-1,0,0.0,—,1,0,0,0,0,0,1
Minnesota,Selection Sunday,0,0.0,0.0,0.0,0.0,0.0,0.0,0.0,0.0,0.0,0.0,0.0,0.0,0.0,0.0,0.0,0.0,0.0,0.0,0.0,0.0,0.0,0.0,0.0,0.0,0.0,0.0,0.551724,0.0,0.0,0.0,0.0,0.0,0.0,0.0,0.0,0.0,-1,0,0.0,—,1,0,0,0,0,0,1
Southern California,Selection Sunday,0,0.0,0.0,0.0,0.0,0.0,0.0,0.0,0.0,0.0,0.0,0.0,0.0,0.0,0.0,0.0,0.0,0.0,0.0,0.0,0.0,0.0,0.0,0.0,0.0,0.0,0.0,0.448276,0.0,0.0,0.0,0.0,0.0,0.0,0.0,0.0,0.0,-1,0,0.0,—,1,0,0,0,0,0,1
Washington,Selection Sunday,0,0.0,0.0,0.0,0.0,0.0,0.0,0.0,0.0,0.0,0.0,0.0,0.0,0.0,0.0,0.0,0.0,0.0,0.0,0.0,0.0,0.0,0.0,0.0,0.0,0.0,0.0,0.551724,0.0,0.0,0.0,0.0,0.0,0.0,0.0,0.0,0.0,-1,0,0.0,—,1,0,0,0,0,0,1
Rutgers,Selection Sunday,0,0.0,0.0,0.0,0.0,0.0,0.0,0.0,0.0,0.0,0.0,0.0,0.0,0.0,0.0,0.0,0.0,0.0,0.0,0.0,0.0,0.0,0.0,0.0,0.0,0.0,0.0,0.62069,0.0,0.0,0.0,0.0,0.0,0.0,0.0,0.0,0.0,-1,0,0.0,—,1,0,0,0,0,0,1
Northwestern,Selection Sunday,0,0.0,0.0,0.0,0.0,0.0,0.0,0.0,0.0,0.0,0.0,0.0,0.0,0.0,0.0,0.0,0.0,0.0,0.0,0.0,0.0,0.0,0.0,0.0,0.0,0.0,0.0,0.62069,0.0,0.0,0.0,0.0,0.0,0.0,0.0,0.0,0.0,-1,0,0.0,—,1,0,0,0,0,0,1
Oregon,Selection Sunday,0,0.0,0.0,0.0,0.0,0.0,0.0,0.0,0.0,0.0,0.0,0.0,0.0,0.0,0.0,0.0,0.0,0.0,0.0,0.0,0.0,0.0,0.0,0.0,0.0,0.0,0.0,0.655172,0.0,0.0,0.0,0.0,0.0,0.0,0.0,0.0,0.0,-1,0,0.0,—,1,0,0,0,0,0,1
Maryland,Selection Sunday,0,0.0,0.0,0.0,0.0,0.0,0.0,0.0,0.0,0.0,0.0,0.0,0.0,0.0,0.0,0.0,0.0,0.0,0.0,0.0,0.0,0.0,0.0,0.0,0.0,0.0,0.0,0.689655,0.0,0.0,0.0,0.0,0.0,0.0,0.0,0.0,0.0,-1,0,0.0,—,1,0,0,0,0,0,1
Penn St.,Selection Sunday,0,0.0,0.0,0.0,0.0,0.0,0.0,0.0,0.0,0.0,0.0,0.0,0.0,0.0,0.0,0.0,0.0,0.0,0.0,0.0,0.0,0.0,0.0,0.0,0.0,0.0,0.0,0.655172,0.0,0.0,0.0,0.0,0.0,0.0,0.0,0.0,0.0,-1,0,0.0,—,1,0,0,0,0,0,1
UC Irvine,Selection Sunday,0,0.0,0.0,0.0,0.0,0.0,0.0,0.0,0.0,0.0,0.0,0.0,0.0,0.0,0.0,0.0,0.0,0.0,0.0,0.0,0.0,0.0,0.0,0.0,0.0,0.0,0.0,0.310345,0.0,0.0,0.0,0.0,0.0,0.0,0.0,0.0,0.0,-1,0,0.0,—,1,0,0,0,0,0,1
Hawaii,Selection Sunday,0,0.0,0.0,0.0,0.0,0.0,0.0,0.0,0.0,0.0,0.0,0.0,0.0,0.0,0.0,0.0,0.0,0.0,0.0,0.0,0.0,0.0,0.0,0.0,0.0,0.0,0.0,0.241379,0.0,0.0,0.0,0.0,0.0,0.0,0.0,0.0,0.0,-1,0,0.0,—,1,0,0,0,0,0,1
UC San Diego,Selection Sunday,0,0.0,0.0,0.0,0.0,0.0,0.0,0.0,0.0,0.0,0.0,0.0,0.0,0.0,0.0,0.0,0.0,0.0,0.0,0.0,0.0,0.0,0.0,0.0,0.0,0.0,0.0,0.344828,0.0,0.0,0.0,0.0,0.0,0.0,0.0,0.0,0.0,-1,0,0.0,—,1,0,0,0,0,0,1
CSUN,Selection Sunday,0,0.0,0.0,0.0,0.0,0.0,0.0,0.0,0.0,0.0,0.0,0.0,0.0,0.0,0.0,0.0,0.0,0.0,0.0,0.0,0.0,0.0,0.0,0.0,0.0,0.0,0.0,0.448276,0.0,0.0,0.0,0.0,0.0,0.0,0.0,0.0,0.0,-1,0,0.0,—,1,0,0,0,0,0,1
Cal St. Fullerton,Selection Sunday,0,0.0,0.0,0.0,0.0,0.0,0.0,0.0,0.0,0.0,0.0,0.0,0.0,0.0,0.0,0.0,0.0,0.0,0.0,0.0,0.0,0.0,0.0,0.0,0.0,0.0,0.0,0.517241,0.0,0.0,0.0,0.0,0.0,0.0,0.0,0.0,0.0,-1,0,0.0,—,1,0,0,0,0,0,1
UC Davis,Selection Sunday,0,0.0,0.0,0.0,0.0,0.0,0.0,0.0,0.0,0.0,0.0,0.0,0.0,0.0,0.0,0.0,0.0,0.0,0.0,0.0,0.0,0.0,0.0,0.0,0.0,0.0,0.0,0.448276,0.0,0.0,0.0,0.0,0.0,0.0,0.0,0.0,0.0,-1,0,0.0,—,1,0,0,0,0,0,1
UC Santa Barbara,Selection Sunday,0,0.0,0.0,0.0,0.0,0.0,0.0,0.0,0.0,0.0,0.0,0.0,0.0,0.0,0.0,0.0,0.0,0.0,0.0,0.0,0.0,0.0,0.0,0.0,0.0,0.0,0.0,0.448276,0.0,0.0,0.0,0.0,0.0,0.0,0.0,0.0,0.0,-1,0,0.0,—,1,0,0,0,0,0,1
Cal Poly,Selection Sunday,0,0.0,0.0,0.0,0.0,0.0,0.0,0.0,0.0,0.0,0.0,0.0,0.0,0.0,0.0,0.0,0.0,0.0,0.0,0.0,0.0,0.0,0.0,0.0,0.0,0.0,0.0,0.62069,0.0,0.0,0.0,0.0,0.0,0.0,0.0,0.0,0.0,-1,0,0.0,—,1,0,0,0,0,0,1
Long Beach St.,Selection Sunday,0,0.0,0.0,0.0,0.0,0.0,0.0,0.0,0.0,0.0,0.0,0.0,0.0,0.0,0.0,0.0,0.0,0.0,0.0,0.0,0.0,0.0,0.0,0.0,0.0,0.0,0.0,0.724138,0.0,0.0,0.0,0.0,0.0,0.0,0.0,0.0,0.0,-1,0,0.0,—,1,0,0,0,0,0,1
UC Riverside,Selection Sunday,0,0.0,0.0,0.0,0.0,0.0,0.0,0.0,0.0,0.0,0.0,0.0,0.0,0.0,0.0,0.0,0.0,0.0,0.0,0.0,0.0,0.0,0.0,0.0,0.0,0.0,0.0,0.724138,0.0,0.0,0.0,0.0,0.0,0.0,0.0,0.0,0.0,-1,0,0.0,—,1,0,0,0,0,0,1
CSU Bakersfield,Selection Sunday,0,0.0,0.0,0.0,0.0,0.0,0.0,0.0,0.0,0.0,0.0,0.0,0.0,0.0,0.0,0.0,0.0,0.0,0.0,0.0,0.0,0.0,0.0,0.0,0.0,0.0,0.0,0.793103,0.0,0.0,0.0,0.0,0.0,0.0,0.0,0.0,0.0,-1,0,0.0,—,1,0,0,0,0,0,1
UNCW,Selection Sunday,0,0.0,0.0,0.0,0.0,0.0,0.0,0.0,0.0,0.0,0.0,0.0,0.0,0.0,0.0,0.0,0.0,0.0,0.0,0.0,0.0,0.0,0.0,0.0,0.0,0.0,0.0,0.172414,0.0,0.0,0.0,0.0,0.0,0.0,0.0,0.0,0.0,-1,0,0.0,—,1,0,0,0,0,0,1
Col. of Charleston,Selection Sunday,0,0.0,0.0,0.0,0.0,0.0,0.0,0.0,0.0,0.0,0.0,0.0,0.0,0.0,0.0,0.0,0.0,0.0,0.0,0.0,0.0,0.0,0.0,0.0,0.0,0.0,0.0,0.344828,0.0,0.0,0.0,0.0,0.0,0.0,0.0,0.0,0.0,-1,0,0.0,—,1,0,0,0,0,0,1
Hofstra,Selection Sunday,0,0.0,0.0,0.0,0.0,0.0,0.0,0.0,0.0,0.0,0.0,0.0,0.0,0.0,0.0,0.0,0.0,0.0,0.0,0.0,0.0,0.0,0.0,0.0,0.0,0.0,0.0,0.310345,0.0,0.0,0.0,0.0,0.0,0.0,0.0,0.0,0.0,-1,0,0.0,—,1,0,0,0,0,0,1
Monmouth,Selection Sunday,0,0.0,0.0,0.0,0.0,0.0,0.0,0.0,0.0,0.0,0.0,0.0,0.0,0.0,0.0,0.0,0.0,0.0,0.0,0.0,0.0,0.0,0.0,0.0,0.0,0.0,0.0,0.482759,0.0,0.0,0.0,0.0,0.0,0.0,0.0,0.0,0.0,-1,0,0.0,—,1,0,0,0,0,0,1
William & Mary,Selection Sunday,0,0.0,0.0,0.0,0.0,0.0,0.0,0.0,0.0,0.0,0.0,0.0,0.0,0.0,0.0,0.0,0.0,0.0,0.0,0.0,0.0,0.0,0.0,0.0,0.0,0.0,0.0,0.37931,0.0,0.0,0.0,0.0,0.0,0.0,0.0,0.0,0.0,-1,0,0.0,—,1,0,0,0,0,0,1
Drexel,Selection Sunday,0,0.0,0.0,0.0,0.0,0.0,0.0,0.0,0.0,0.0,0.0,0.0,0.0,0.0,0.0,0.0,0.0,0.0,0.0,0.0,0.0,0.0,0.0,0.0,0.0,0.0,0.0,0.517241,0.0,0.0,0.0,0.0,0.0,0.0,0.0,0.0,0.0,-1,0,0.0,—,1,0,0,0,0,0,1
Towson,Selection Sunday,0,0.0,0.0,0.0,0.0,0.0,0.0,0.0,0.0,0.0,0.0,0.0,0.0,0.0,0.0,0.0,0.0,0.0,0.0,0.0,0.0,0.0,0.0,0.0,0.0,0.0,0.0,0.482759,0.0,0.0,0.0,0.0,0.0,0.0,0.0,0.0,0.0,-1,0,0.0,—,1,0,0,0,0,0,1
Stony Brook,Selection Sunday,0,0.0,0.0,0.0,0.0,0.0,0.0,0.0,0.0,0.0,0.0,0.0,0.0,0.0,0.0,0.0,0.0,0.0,0.0,0.0,0.0,0.0,0.0,0.0,0.0,0.0,0.0,0.482759,0.0,0.0,0.0,0.0,0.0,0.0,0.0,0.0,0.0,-1,0,0.0,—,1,0,0,0,0,0,1
Campbell,Selection Sunday,0,0.0,0.0,0.0,0.0,0.0,0.0,0.0,0.0,0.0,0.0,0.0,0.0,0.0,0.0,0.0,0.0,0.0,0.0,0.0,0.0,0.0,0.0,0.0,0.0,0.0,0.0,0.586207,0.0,0.0,0.0,0.0,0.0,0.0,0.0,0.0,0.0,-1,0,0.0,—,1,0,0,0,0,0,1
Hampton,Selection Sunday,0,0.0,0.0,0.0,0.0,0.0,0.0,0.0,0.0,0.0,0.0,0.0,0.0,0.0,0.0,0.0,0.0,0.0,0.0,0.0,0.0,0.0,0.0,0.0,0.0,0.0,0.0,0.62069,0.0,0.0,0.0,0.0,0.0,0.0,0.0,0.0,0.0,-1,0,0.0,—,1,0,0,0,0,0,1
Elon,Selection Sunday,0,0.0,0.0,0.0,0.0,0.0,0.0,0.0,0.0,0.0,0.0,0.0,0.0,0.0,0.0,0.0,0.0,0.0,0.0,0.0,0.0,0.0,0.0,0.0,0.0,0.0,0.0,0.586207,0.0,0.0,0.0,0.0,0.0,0.0,0.0,0.0,0.0,-1,0,0.0,—,1,0,0,0,0,0,1
N.C. A&T,Selection Sunday,0,0.0,0.0,0.0,0.0,0.0,0.0,0.0,0.0,0.0,0.0,0.0,0.0,0.0,0.0,0.0,0.0,0.0,0.0,0.0,0.0,0.0,0.0,0.0,0.0,0.0,0.0,0.62069,0.0,0.0,0.0,0.0,0.0,0.0,0.0,0.0,0.0,-1,0,0.0,—,1,0,0,0,0,0,1
Northeastern,Selection Sunday,0,0.0,0.0,0.0,0.0,0.0,0.0,0.0,0.0,0.0,0.0,0.0,0.0,0.0,0.0,0.0,0.0,0.0,0.0,0.0,0.0,0.0,0.0,0.0,0.0,0.0,0.0,0.793103,0.0,0.0,0.0,0.0,0.0,0.0,0.0,0.0,0.0,-1,0,0.0,—,1,0,0,0,0,0,1
Liberty,Selection Sunday,0,0.0,0.0,0.0,0.0,0.0,0.0,0.0,0.0,0.0,0.0,0.0,0.0,0.0,0.0,0.0,0.0,0.0,0.0,0.0,0.0,0.0,0.0,0.0,0.0,0.0,0.0,0.206897,0.0,0.0,0.0,0.0,0.0,0.0,0.0,0.0,0.0,-1,0,0.0,—,1,0,0,0,0,0,1
Sam Houston,Selection Sunday,0,0.0,0.0,0.0,0.0,0.0,0.0,0.0,0.0,0.0,0.0,0.0,0.0,0.0,0.0,0.0,0.0,0.0,0.0,0.0,0.0,0.0,0.0,0.0,0.0,0.0,0.0,0.344828,0.0,0.0,0.0,0.0,0.0,0.0,0.0,0.0,0.0,-1,0,0.0,—,1,0,0,0,0,0,1
Louisiana Tech,Selection Sunday,0,0.0,0.0,0.0,0.0,0.0,0.0,0.0,0.0,0.0,0.0,0.0,0.0,0.0,0.0,0.0,0.0,0.0,0.0,0.0,0.0,0.0,0.0,0.0,0.0,0.0,0.0,0.413793,0.0,0.0,0.0,0.0,0.0,0.0,0.0,0.0,0.0,-1,0,0.0,—,1,0,0,0,0,0,1
Western Ky.,Selection Sunday,0,0.0,0.0,0.0,0.0,0.0,0.0,0.0,0.0,0.0,0.0,0.0,0.0,0.0,0.0,0.0,0.0,0.0,0.0,0.0,0.0,0.0,0.0,0.0,0.0,0.0,0.0,0.448276,0.0,0.0,0.0,0.0,0.0,0.0,0.0,0.0,0.0,-1,0,0.0,—,1,0,0,0,0,0,1
Middle Tenn.,Selection Sunday,0,0.0,0.0,0.0,0.0,0.0,0.0,0.0,0.0,0.0,0.0,0.0,0.0,0.0,0.0,0.0,0.0,0.0,0.0,0.0,0.0,0.0,0.0,0.0,0.0,0.0,0.0,0.482759,0.0,0.0,0.0,0.0,0.0,0.0,0.0,0.0,0.0,-1,0,0.0,—,1,0,0,0,0,0,1
Kennesaw St.,Selection Sunday,0,0.0,0.0,0.0,0.0,0.0,0.0,0.0,0.0,0.0,0.0,0.0,0.0,0.0,0.0,0.0,0.0,0.0,0.0,0.0,0.0,0.0,0.0,0.0,0.0,0.0,0.0,0.413793,0.0,0.0,0.0,0.0,0.0,0.0,0.0,0.0,0.0,-1,0,0.0,—,1,0,0,0,0,0,1
Jacksonville St.,Selection Sunday,0,0.0,0.0,0.0,0.0,0.0,0.0,0.0,0.0,0.0,0.0,0.0,0.0,0.0,0.0,0.0,0.0,0.0,0.0,0.0,0.0,0.0,0.0,0.0,0.0,0.0,0.0,0.551724,0.0,0.0,0.0,0.0,0.0,0.0,0.0,0.0,0.0,-1,0,0.0,—,1,0,0,0,0,0,1
New Mexico St.,Selection Sunday,0,0.0,0.0,0.0,0.0,0.0,0.0,0.0,0.0,0.0,0.0,0.0,0.0,0.0,0.0,0.0,0.0,0.0,0.0,0.0,0.0,0.0,0.0,0.0,0.0,0.0,0.0,0.517241,0.0,0.0,0.0,0.0,0.0,0.0,0.0,0.0,0.0,-1,0,0.0,—,1,0,0,0,0,0,1
Missouri St.,Selection Sunday,0,0.0,0.0,0.0,0.0,0.0,0.0,0.0,0.0,0.0,0.0,0.0,0.0,0.0,0.0,0.0,0.0,0.0,0.0,0.0,0.0,0.0,0.0,0.0,0.0,0.0,0.0,0.586207,0.0,0.0,0.0,0.0,0.0,0.0,0.0,0.0,0.0,-1,0,0.0,—,1,0,0,0,0,0,1
FIU,Selection Sunday,0,0.0,0.0,0.0,0.0,0.0,0.0,0.0,0.0,0.0,0.0,0.0,0.0,0.0,0.0,0.0,0.0,0.0,0.0,0.0,0.0,0.0,0.0,0.0,0.0,0.0,0.0,0.551724,0.0,0.0,0.0,0.0,0.0,0.0,0.0,0.0,0.0,-1,0,0.0,—,1,0,0,0,0,0,1
UTEP,Selection Sunday,0,0.0,0.0,0.0,0.0,0.0,0.0,0.0,0.0,0.0,0.0,0.0,0.0,0.0,0.0,0.0,0.0,0.0,0.0,0.0,0.0,0.0,0.0,0.0,0.0,0.0,0.0,0.655172,0.0,0.0,0.0,0.0,0.0,0.0,0.0,0.0,0.0,-1,0,0.0,—,1,0,0,0,0,0,1
Delaware,Selection Sunday,0,0.0,0.0,0.0,0.0,0.0,0.0,0.0,0.0,0.0,0.0,0.0,0.0,0.0,0.0,0.0,0.0,0.0,0.0,0.0,0.0,0.0,0.0,0.0,0.0,0.0,0.0,0.689655,0.0,0.0,0.0,0.0,0.0,0.0,0.0,0.0,0.0,-1,0,0.0,—,1,0,0,0,0,0,1
Wright St.,Selection Sunday,0,0.0,0.0,0.0,0.0,0.0,0.0,0.0,0.0,0.0,0.0,0.0,0.0,0.0,0.0,0.0,0.0,0.0,0.0,0.0,0.0,0.0,0.0,0.0,0.0,0.0,0.0,0.344828,0.0,0.0,0.0,0.0,0.0,0.0,0.0,0.0,0.0,-1,0,0.0,—,1,0,0,0,0,0,1
Robert Morris,Selection Sunday,0,0.0,0.0,0.0,0.0,0.0,0.0,0.0,0.0,0.0,0.0,0.0,0.0,0.0,0.0,0.0,0.0,0.0,0.0,0.0,0.0,0.0,0.0,0.0,0.0,0.0,0.0,0.344828,0.0,0.0,0.0,0.0,0.0,0.0,0.0,0.0,0.0,-1,0,0.0,—,1,0,0,0,0,0,1
Green Bay,Selection Sunday,0,0.0,0.0,0.0,0.0,0.0,0.0,0.0,0.0,0.0,0.0,0.0,0.0,0.0,0.0,0.0,0.0,0.0,0.0,0.0,0.0,0.0,0.0,0.0,0.0,0.0,0.0,0.482759,0.0,0.0,0.0,0.0,0.0,0.0,0.0,0.0,0.0,-1,0,0.0,—,1,0,0,0,0,0,1
Detroit Mercy,Selection Sunday,0,0.0,0.0,0.0,0.0,0.0,0.0,0.0,0.0,0.0,0.0,0.0,0.0,0.0,0.0,0.0,0.0,0.0,0.0,0.0,0.0,0.0,0.0,0.0,0.0,0.0,0.0,0.482759,0.0,0.0,0.0,0.0,0.0,0.0,0.0,0.0,0.0,-1,0,0.0,—,1,0,0,0,0,0,1
Oakland,Selection Sunday,0,0.0,0.0,0.0,0.0,0.0,0.0,0.0,0.0,0.0,0.0,0.0,0.0,0.0,0.0,0.0,0.0,0.0,0.0,0.0,0.0,0.0,0.0,0.0,0.0,0.0,0.0,0.517241,0.0,0.0,0.0,0.0,0.0,0.0,0.0,0.0,0.0,-1,0,0.0,—,1,0,0,0,0,0,1
Purdue Fort Wayne,Selection Sunday,0,0.0,0.0,0.0,0.0,0.0,0.0,0.0,0.0,0.0,0.0,0.0,0.0,0.0,0.0,0.0,0.0,0.0,0.0,0.0,0.0,0.0,0.0,0.0,0.0,0.0,0.0,0.482759,0.0,0.0,0.0,0.0,0.0,0.0,0.0,0.0,0.0,-1,0,0.0,—,1,0,0,0,0,0,1
Northern Ky.,Selection Sunday,0,0.0,0.0,0.0,0.0,0.0,0.0,0.0,0.0,0.0,0.0,0.0,0.0,0.0,0.0,0.0,0.0,0.0,0.0,0.0,0.0,0.0,0.0,0.0,0.0,0.0,0.0,0.448276,0.0,0.0,0.0,0.0,0.0,0.0,0.0,0.0,0.0,-1,0,0.0,—,1,0,0,0,0,0,1
Youngstown St.,Selection Sunday,0,0.0,0.0,0.0,0.0,0.0,0.0,0.0,0.0,0.0,0.0,0.0,0.0,0.0,0.0,0.0,0.0,0.0,0.0,0.0,0.0,0.0,0.0,0.0,0.0,0.0,0.0,0.551724,0.0,0.0,0.0,0.0,0.0,0.0,0.0,0.0,0.0,-1,0,0.0,—,1,0,0,0,0,0,1
Milwaukee,Selection Sunday,0,0.0,0.0,0.0,0.0,0.0,0.0,0.0,0.0,0.0,0.0,0.0,0.0,0.0,0.0,0.0,0.0,0.0,0.0,0.0,0.0,0.0,0.0,0.0,0.0,0.0,0.0,0.655172,0.0,0.0,0.0,0.0,0.0,0.0,0.0,0.0,0.0,-1,0,0.0,—,1,0,0,0,0,0,1
Cleveland St.,Selection Sunday,0,0.0,0.0,0.0,0.0,0.0,0.0,0.0,0.0,0.0,0.0,0.0,0.0,0.0,0.0,0.0,0.0,0.0,0.0,0.0,0.0,0.0,0.0,0.0,0.0,0.0,0.0,0.724138,0.0,0.0,0.0,0.0,0.0,0.0,0.0,0.0,0.0,-1,0,0.0,—,1,0,0,0,0,0,1
IU Indy,Selection Sunday,0,0.0,0.0,0.0,0.0,0.0,0.0,0.0,0.0,0.0,0.0,0.0,0.0,0.0,0.0,0.0,0.0,0.0,0.0,0.0,0.0,0.0,0.0,0.0,0.0,0.0,0.0,0.827586,0.0,0.0,0.0,0.0,0.0,0.0,0.0,0.0,0.0,-1,0,0.0,—,1,0,0,0,0,0,1
Yale,Selection Sunday,0,0.0,0.0,0.0,0.0,0.0,0.0,0.0,0.0,0.0,0.0,0.0,0.0,0.0,0.0,0.0,0.0,0.0,0.0,0.0,0.0,0.0,0.0,0.0,0.0,0.0,0.0,0.137931,0.0,0.0,0.0,0.0,0.0,0.0,0.0,0.0,0.0,-1,0,0.0,—,1,0,0,0,0,0,1
Harvard,Selection Sunday,0,0.0,0.0,0.0,0.0,0.0,0.0,0.0,0.0,0.0,0.0,0.0,0.0,0.0,0.0,0.0,0.0,0.0,0.0,0.0,0.0,0.0,0.0,0.0,0.0,0.0,0.0,0.344828,0.0,0.0,0.0,0.0,0.0,0.0,0.0,0.0,0.0,-1,0,0.0,—,1,0,0,0,0,0,1
Penn,Selection Sunday,0,0.0,0.0,0.0,0.0,0.0,0.0,0.0,0.0,0.0,0.0,0.0,0.0,0.0,0.0,0.0,0.0,0.0,0.0,0.0,0.0,0.0,0.0,0.0,0.0,0.0,0.0,0.344828,0.0,0.0,0.0,0.0,0.0,0.0,0.0,0.0,0.0,-1,0,0.0,—,1,0,0,0,0,0,1
Cornell,Selection Sunday,0,0.0,0.0,0.0,0.0,0.0,0.0,0.0,0.0,0.0,0.0,0.0,0.0,0.0,0.0,0.0,0.0,0.0,0.0,0.0,0.0,0.0,0.0,0.0,0.0,0.0,0.0,0.37931,0.0,0.0,0.0,0.0,0.0,0.0,0.0,0.0,0.0,-1,0,0.0,—,1,0,0,0,0,0,1
Columbia,Selection Sunday,0,0.0,0.0,0.0,0.0,0.0,0.0,0.0,0.0,0.0,0.0,0.0,0.0,0.0,0.0,0.0,0.0,0.0,0.0,0.0,0.0,0.0,0.0,0.0,0.0,0.0,0.0,0.37931,0.0,0.0,0.0,0.0,0.0,0.0,0.0,0.0,0.0,-1,0,0.0,—,1,0,0,0,0,0,1
Dartmouth,Selection Sunday,0,0.0,0.0,0.0,0.0,0.0,0.0,0.0,0.0,0.0,0.0,0.0,0.0,0.0,0.0,0.0,0.0,0.0,0.0,0.0,0.0,0.0,0.0,0.0,0.0,0.0,0.0,0.517241,0.0,0.0,0.0,0.0,0.0,0.0,0.0,0.0,0.0,-1,0,0.0,—,1,0,0,0,0,0,1
Princeton,Selection Sunday,0,0.0,0.0,0.0,0.0,0.0,0.0,0.0,0.0,0.0,0.0,0.0,0.0,0.0,0.0,0.0,0.0,0.0,0.0,0.0,0.0,0.0,0.0,0.0,0.0,0.0,0.0,0.655172,0.0,0.0,0.0,0.0,0.0,0.0,0.0,0.0,0.0,-1,0,0.0,—,1,0,0,0,0,0,1
Brown,Selection Sunday,0,0.0,0.0,0.0,0.0,0.0,0.0,0.0,0.0,0.0,0.0,0.0,0.0,0.0,0.0,0.0,0.0,0.0,0.0,0.0,0.0,0.0,0.0,0.0,0.0,0.0,0.0,0.586207,0.0,0.0,0.0,0.0,0.0,0.0,0.0,0.0,0.0,-1,0,0.0,—,1,0,0,0,0,0,1
Merrimack,Selection Sunday,0,0.0,0.0,0.0,0.0,0.0,0.0,0.0,0.0,0.0,0.0,0.0,0.0,0.0,0.0,0.0,0.0,0.0,0.0,0.0,0.0,0.0,0.0,0.0,0.0,0.0,0.0,0.344828,0.0,0.0,0.0,0.0,0.0,0.0,0.0,0.0,0.0,-1,0,0.0,—,1,0,0,0,0,0,1
Saint Peter's,Selection Sunday,0,0.0,0.0,0.0,0.0,0.0,0.0,0.0,0.0,0.0,0.0,0.0,0.0,0.0,0.0,0.0,0.0,0.0,0.0,0.0,0.0,0.0,0.0,0.0,0.0,0.0,0.0,0.37931,0.0,0.0,0.0,0.0,0.0,0.0,0.0,0.0,0.0,-1,0,0.0,—,1,0,0,0,0,0,1
Siena,Selection Sunday,0,0.0,0.0,0.0,0.0,0.0,0.0,0.0,0.0,0.0,0.0,0.0,0.0,0.0,0.0,0.0,0.0,0.0,0.0,0.0,0.0,0.0,0.0,0.0,0.0,0.0,0.0,0.344828,0.0,0.0,0.0,0.0,0.0,0.0,0.0,0.0,0.0,-1,0,0.0,—,1,0,0,0,0,0,1
Marist,Selection Sunday,0,0.0,0.0,0.0,0.0,0.0,0.0,0.0,0.0,0.0,0.0,0.0,0.0,0.0,0.0,0.0,0.0,0.0,0.0,0.0,0.0,0.0,0.0,0.0,0.0,0.0,0.0,0.37931,0.0,0.0,0.0,0.0,0.0,0.0,0.0,0.0,0.0,-1,0,0.0,—,1,0,0,0,0,0,1
Quinnipiac,Selection Sunday,0,0.0,0.0,0.0,0.0,0.0,0.0,0.0,0.0,0.0,0.0,0.0,0.0,0.0,0.0,0.0,0.0,0.0,0.0,0.0,0.0,0.0,0.0,0.0,0.0,0.0,0.0,0.413793,0.0,0.0,0.0,0.0,0.0,0.0,0.0,0.0,0.0,-1,0,0.0,—,1,0,0,0,0,0,1
Fairfield,Selection Sunday,0,0.0,0.0,0.0,0.0,0.0,0.0,0.0,0.0,0.0,0.0,0.0,0.0,0.0,0.0,0.0,0.0,0.0,0.0,0.0,0.0,0.0,0.0,0.0,0.0,0.0,0.0,0.413793,0.0,0.0,0.0,0.0,0.0,0.0,0.0,0.0,0.0,-1,0,0.0,—,1,0,0,0,0,0,1
Mount St. Mary's,Selection Sunday,0,0.0,0.0,0.0,0.0,0.0,0.0,0.0,0.0,0.0,0.0,0.0,0.0,0.0,0.0,0.0,0.0,0.0,0.0,0.0,0.0,0.0,0.0,0.0,0.0,0.0,0.0,0.551724,0.0,0.0,0.0,0.0,0.0,0.0,0.0,0.0,0.0,-1,0,0.0,—,1,0,0,0,0,0,1
Iona,Selection Sunday,0,0.0,0.0,0.0,0.0,0.0,0.0,0.0,0.0,0.0,0.0,0.0,0.0,0.0,0.0,0.0,0.0,0.0,0.0,0.0,0.0,0.0,0.0,0.0,0.0,0.0,0.0,0.448276,0.0,0.0,0.0,0.0,0.0,0.0,0.0,0.0,0.0,-1,0,0.0,—,1,0,0,0,0,0,1
Sacred Heart,Selection Sunday,0,0.0,0.0,0.0,0.0,0.0,0.0,0.0,0.0,0.0,0.0,0.0,0.0,0.0,0.0,0.0,0.0,0.0,0.0,0.0,0.0,0.0,0.0,0.0,0.0,0.0,0.0,0.62069,0.0,0.0,0.0,0.0,0.0,0.0,0.0,0.0,0.0,-1,0,0.0,—,1,0,0,0,0,0,1
Manhattan,Selection Sunday,0,0.0,0.0,0.0,0.0,0.0,0.0,0.0,0.0,0.0,0.0,0.0,0.0,0.0,0.0,0.0,0.0,0.0,0.0,0.0,0.0,0.0,0.0,0.0,0.0,0.0,0.0,0.655172,0.0,0.0,0.0,0.0,0.0,0.0,0.0,0.0,0.0,-1,0,0.0,—,1,0,0,0,0,0,1
Canisius,Selection Sunday,0,0.0,0.0,0.0,0.0,0.0,0.0,0.0,0.0,0.0,0.0,0.0,0.0,0.0,0.0,0.0,0.0,0.0,0.0,0.0,0.0,0.0,0.0,0.0,0.0,0.0,0.0,0.689655,0.0,0.0,0.0,0.0,0.0,0.0,0.0,0.0,0.0,-1,0,0.0,—,1,0,0,0,0,0,1
Niagara,Selection Sunday,0,0.0,0.0,0.0,0.0,0.0,0.0,0.0,0.0,0.0,0.0,0.0,0.0,0.0,0.0,0.0,0.0,0.0,0.0,0.0,0.0,0.0,0.0,0.0,0.0,0.0,0.0,0.724138,0.0,0.0,0.0,0.0,0.0,0.0,0.0,0.0,0.0,-1,0,0.0,—,1,0,0,0,0,0,1
Rider,Selection Sunday,0,0.0,0.0,0.0,0.0,0.0,0.0,0.0,0.0,0.0,0.0,0.0,0.0,0.0,0.0,0.0,0.0,0.0,0.0,0.0,0.0,0.0,0.0,0.0,0.0,0.0,0.0,0.827586,0.0,0.0,0.0,0.0,0.0,0.0,0.0,0.0,0.0,-1,0,0.0,—,1,0,0,0,0,0,1
Miami (OH),Selection Sunday,0,0.0,0.0,0.0,0.0,0.0,0.0,0.0,0.0,0.0,0.0,0.0,0.0,0.0,0.0,0.0,0.0,0.0,0.0,0.0,0.0,0.0,0.0,0.0,0.0,0.0,0.0,0.0,0.0,0.0,0.0,0.0,0.0,0.0,0.0,0.0,0.0,-1,0,0.0,—,1,0,0,0,0,0,1
Akron,Selection Sunday,0,0.0,0.0,0.0,0.0,0.0,0.0,0.0,0.0,0.0,0.0,0.0,0.0,0.0,0.0,0.0,0.0,0.0,0.0,0.0,0.0,0.0,0.0,0.0,0.0,0.0,0.0,0.137931,0.0,0.0,0.0,0.0,0.0,0.0,0.0,0.0,0.0,-1,0,0.0,—,1,0,0,0,0,0,1
Kent St.,Selection Sunday,0,0.0,0.0,0.0,0.0,0.0,0.0,0.0,0.0,0.0,0.0,0.0,0.0,0.0,0.0,0.0,0.0,0.0,0.0,0.0,0.0,0.0,0.0,0.0,0.0,0.0,0.0,0.275862,0.0,0.0,0.0,0.0,0.0,0.0,0.0,0.0,0.0,-1,0,0.0,—,1,0,0,0,0,0,1
Toledo,Selection Sunday,0,0.0,0.0,0.0,0.0,0.0,0.0,0.0,0.0,0.0,0.0,0.0,0.0,0.0,0.0,0.0,0.0,0.0,0.0,0.0,0.0,0.0,0.0,0.0,0.0,0.0,0.0,0.448276,0.0,0.0,0.0,0.0,0.0,0.0,0.0,0.0,0.0,-1,0,0.0,—,1,0,0,0,0,0,1
Bowling Green,Selection Sunday,0,0.0,0.0,0.0,0.0,0.0,0.0,0.0,0.0,0.0,0.0,0.0,0.0,0.0,0.0,0.0,0.0,0.0,0.0,0.0,0.0,0.0,0.0,0.0,0.0,0.0,0.0,0.448276,0.0,0.0,0.0,0.0,0.0,0.0,0.0,0.0,0.0,-1,0,0.0,—,1,0,0,0,0,0,1
Ohio,Selection Sunday,0,0.0,0.0,0.0,0.0,0.0,0.0,0.0,0.0,0.0,0.0,0.0,0.0,0.0,0.0,0.0,0.0,0.0,0.0,0.0,0.0,0.0,0.0,0.0,0.0,0.0,0.0,0.551724,0.0,0.0,0.0,0.0,0.0,0.0,0.0,0.0,0.0,-1,0,0.0,—,1,0,0,0,0,0,1
Buffalo,Selection Sunday,0,0.0,0.0,0.0,0.0,0.0,0.0,0.0,0.0,0.0,0.0,0.0,0.0,0.0,0.0,0.0,0.0,0.0,0.0,0.0,0.0,0.0,0.0,0.0,0.0,0.0,0.0,0.482759,0.0,0.0,0.0,0.0,0.0,0.0,0.0,0.0,0.0,-1,0,0.0,—,1,0,0,0,0,0,1
Massachusetts,Selection Sunday,0,0.0,0.0,0.0,0.0,0.0,0.0,0.0,0.0,0.0,0.0,0.0,0.0,0.0,0.0,0.0,0.0,0.0,0.0,0.0,0.0,0.0,0.0,0.0,0.0,0.0,0.0,0.517241,0.0,0.0,0.0,0.0,0.0,0.0,0.0,0.0,0.0,-1,0,0.0,—,1,0,0,0,0,0,1
Ball St.,Selection Sunday,0,0.0,0.0,0.0,0.0,0.0,0.0,0.0,0.0,0.0,0.0,0.0,0.0,0.0,0.0,0.0,0.0,0.0,0.0,0.0,0.0,0.0,0.0,0.0,0.0,0.0,0.0,0.62069,0.0,0.0,0.0,0.0,0.0,0.0,0.0,0.0,0.0,-1,0,0.0,—,1,0,0,0,0,0,1
Central Mich.,Selection Sunday,0,0.0,0.0,0.0,0.0,0.0,0.0,0.0,0.0,0.0,0.0,0.0,0.0,0.0,0.0,0.0,0.0,0.0,0.0,0.0,0.0,0.0,0.0,0.0,0.0,0.0,0.0,0.689655,0.0,0.0,0.0,0.0,0.0,0.0,0.0,0.0,0.0,-1,0,0.0,—,1,0,0,0,0,0,1
Western Mich.,Selection Sunday,0,0.0,0.0,0.0,0.0,0.0,0.0,0.0,0.0,0.0,0.0,0.0,0.0,0.0,0.0,0.0,0.0,0.0,0.0,0.0,0.0,0.0,0.0,0.0,0.0,0.0,0.0,0.689655,0.0,0.0,0.0,0.0,0.0,0.0,0.0,0.0,0.0,-1,0,0.0,—,1,0,0,0,0,0,1
Eastern Mich.,Selection Sunday,0,0.0,0.0,0.0,0.0,0.0,0.0,0.0,0.0,0.0,0.0,0.0,0.0,0.0,0.0,0.0,0.0,0.0,0.0,0.0,0.0,0.0,0.0,0.0,0.0,0.0,0.0,0.689655,0.0,0.0,0.0,0.0,0.0,0.0,0.0,0.0,0.0,-1,0,0.0,—,1,0,0,0,0,0,1
NIU,Selection Sunday,0,0.0,0.0,0.0,0.0,0.0,0.0,0.0,0.0,0.0,0.0,0.0,0.0,0.0,0.0,0.0,0.0,0.0,0.0,0.0,0.0,0.0,0.0,0.0,0.0,0.0,0.0,0.689655,0.0,0.0,0.0,0.0,0.0,0.0,0.0,0.0,0.0,-1,0,0.0,—,1,0,0,0,0,0,1
Howard,Selection Sunday,0,0.0,0.0,0.0,0.0,0.0,0.0,0.0,0.0,0.0,0.0,0.0,0.0,0.0,0.0,0.0,0.0,0.0,0.0,0.0,0.0,0.0,0.0,0.0,0.0,0.0,0.0,0.310345,0.0,0.0,0.0,0.0,0.0,0.0,0.0,0.0,0.0,-1,0,0.0,—,1,0,0,0,0,0,1
Morgan St.,Selection Sunday,0,0.0,0.0,0.0,0.0,0.0,0.0,0.0,0.0,0.0,0.0,0.0,0.0,0.0,0.0,0.0,0.0,0.0,0.0,0.0,0.0,0.0,0.0,0.0,0.0,0.0,0.0,0.517241,0.0,0.0,0.0,0.0,0.0,0.0,0.0,0.0,0.0,-1,0,0.0,—,1,0,0,0,0,0,1
Norfolk St.,Selection Sunday,0,0.0,0.0,0.0,0.0,0.0,0.0,0.0,0.0,0.0,0.0,0.0,0.0,0.0,0.0,0.0,0.0,0.0,0.0,0.0,0.0,0.0,0.0,0.0,0.0,0.0,0.0,0.551724,0.0,0.0,0.0,0.0,0.0,0.0,0.0,0.0,0.0,-1,0,0.0,—,1,0,0,0,0,0,1
N.C. Central,Selection Sunday,0,0.0,0.0,0.0,0.0,0.0,0.0,0.0,0.0,0.0,0.0,0.0,0.0,0.0,0.0,0.0,0.0,0.0,0.0,0.0,0.0,0.0,0.0,0.0,0.0,0.0,0.0,0.551724,0.0,0.0,0.0,0.0,0.0,0.0,0.0,0.0,0.0,-1,0,0.0,—,1,0,0,0,0,0,1
South Carolina St.,Selection Sunday,0,0.0,0.0,0.0,0.0,0.0,0.0,0.0,0.0,0.0,0.0,0.0,0.0,0.0,0.0,0.0,0.0,0.0,0.0,0.0,0.0,0.0,0.0,0.0,0.0,0.0,0.0,0.724138,0.0,0.0,0.0,0.0,0.0,0.0,0.0,0.0,0.0,-1,0,0.0,—,1,0,0,0,0,0,1
UMES,Selection Sunday,0,0.0,0.0,0.0,0.0,0.0,0.0,0.0,0.0,0.0,0.0,0.0,0.0,0.0,0.0,0.0,0.0,0.0,0.0,0.0,0.0,0.0,0.0,0.0,0.0,0.0,0.0,0.758621,0.0,0.0,0.0,0.0,0.0,0.0,0.0,0.0,0.0,-1,0,0.0,—,1,0,0,0,0,0,1
Coppin St.,Selection Sunday,0,0.0,0.0,0.0,0.0,0.0,0.0,0.0,0.0,0.0,0.0,0.0,0.0,0.0,0.0,0.0,0.0,0.0,0.0,0.0,0.0,0.0,0.0,0.0,0.0,0.0,0.0,0.793103,0.0,0.0,0.0,0.0,0.0,0.0,0.0,0.0,0.0,-1,0,0.0,—,1,0,0,0,0,0,1
Delaware St.,Selection Sunday,0,0.0,0.0,0.0,0.0,0.0,0.0,0.0,0.0,0.0,0.0,0.0,0.0,0.0,0.0,0.0,0.0,0.0,0.0,0.0,0.0,0.0,0.0,0.0,0.0,0.0,0.0,0.758621,0.0,0.0,0.0,0.0,0.0,0.0,0.0,0.0,0.0,-1,0,0.0,—,1,0,0,0,0,0,1
Utah St.,Selection Sunday,0,0.0,0.0,0.0,0.0,0.0,0.0,0.0,0.0,0.0,0.0,0.0,0.0,0.0,0.0,0.0,0.0,0.0,0.0,0.0,0.0,0.0,0.0,0.0,0.0,0.0,0.0,0.172414,0.0,0.0,0.0,0.0,0.0,0.0,0.0,0.0,0.0,-1,0,0.0,—,1,0,0,0,0,0,1
San Diego St.,Selection Sunday,0,0.0,0.0,0.0,0.0,0.0,0.0,0.0,0.0,0.0,0.0,0.0,0.0,0.0,0.0,0.0,0.0,0.0,0.0,0.0,0.0,0.0,0.0,0.0,0.0,0.0,0.0,0.310345,0.0,0.0,0.0,0.0,0.0,0.0,0.0,0.0,0.0,-1,0,0.0,—,1,0,0,0,0,0,1
New Mexico,Selection Sunday,0,0.0,0.0,0.0,0.0,0.0,0.0,0.0,0.0,0.0,0.0,0.0,0.0,0.0,0.0,0.0,0.0,0.0,0.0,0.0,0.0,0.0,0.0,0.0,0.0,0.0,0.0,0.310345,0.0,0.0,0.0,0.0,0.0,0.0,0.0,0.0,0.0,-1,0,0.0,—,1,0,0,0,0,0,1
Grand Canyon,Selection Sunday,0,0.0,0.0,0.0,0.0,0.0,0.0,0.0,0.0,0.0,0.0,0.0,0.0,0.0,0.0,0.0,0.0,0.0,0.0,0.0,0.0,0.0,0.0,0.0,0.0,0.0,0.0,0.37931,0.0,0.0,0.0,0.0,0.0,0.0,0.0,0.0,0.0,-1,0,0.0,—,1,0,0,0,0,0,1
Nevada,Selection Sunday,0,0.0,0.0,0.0,0.0,0.0,0.0,0.0,0.0,0.0,0.0,0.0,0.0,0.0,0.0,0.0,0.0,0.0,0.0,0.0,0.0,0.0,0.0,0.0,0.0,0.0,0.0,0.37931,0.0,0.0,0.0,0.0,0.0,0.0,0.0,0.0,0.0,-1,0,0.0,—,1,0,0,0,0,0,1
Boise St.,Selection Sunday,0,0.0,0.0,0.0,0.0,0.0,0.0,0.0,0.0,0.0,0.0,0.0,0.0,0.0,0.0,0.0,0.0,0.0,0.0,0.0,0.0,0.0,0.0,0.0,0.0,0.0,0.0,0.37931,0.0,0.0,0.0,0.0,0.0,0.0,0.0,0.0,0.0,-1,0,0.0,—,1,0,0,0,0,0,1
Colorado St.,Selection Sunday,0,0.0,0.0,0.0,0.0,0.0,0.0,0.0,0.0,0.0,0.0,0.0,0.0,0.0,0.0,0.0,0.0,0.0,0.0,0.0,0.0,0.0,0.0,0.0,0.0,0.0,0.0,0.37931,0.0,0.0,0.0,0.0,0.0,0.0,0.0,0.0,0.0,-1,0,0.0,—,1,0,0,0,0,0,1
UNLV,Selection Sunday,0,0.0,0.0,0.0,0.0,0.0,0.0,0.0,0.0,0.0,0.0,0.0,0.0,0.0,0.0,0.0,0.0,0.0,0.0,0.0,0.0,0.0,0.0,0.0,0.0,0.0,0.0,0.517241,0.0,0.0,0.0,0.0,0.0,0.0,0.0,0.0,0.0,-1,0,0.0,—,1,0,0,0,0,0,1
Wyoming,Selection Sunday,0,0.0,0.0,0.0,0.0,0.0,0.0,0.0,0.0,0.0,0.0,0.0,0.0,0.0,0.0,0.0,0.0,0.0,0.0,0.0,0.0,0.0,0.0,0.0,0.0,0.0,0.0,0.448276,0.0,0.0,0.0,0.0,0.0,0.0,0.0,0.0,0.0,-1,0,0.0,—,1,0,0,0,0,0,1
Fresno St.,Selection Sunday,0,0.0,0.0,0.0,0.0,0.0,0.0,0.0,0.0,0.0,0.0,0.0,0.0,0.0,0.0,0.0,0.0,0.0,0.0,0.0,0.0,0.0,0.0,0.0,0.0,0.0,0.0,0.62069,0.0,0.0,0.0,0.0,0.0,0.0,0.0,0.0,0.0,-1,0,0.0,—,1,0,0,0,0,0,1
San Jose St.,Selection Sunday,0,0.0,0.0,0.0,0.0,0.0,0.0,0.0,0.0,0.0,0.0,0.0,0.0,0.0,0.0,0.0,0.0,0.0,0.0,0.0,0.0,0.0,0.0,0.0,0.0,0.0,0.0,0.793103,0.0,0.0,0.0,0.0,0.0,0.0,0.0,0.0,0.0,-1,0,0.0,—,1,0,0,0,0,0,1
Air Force,Selection Sunday,0,0.0,0.0,0.0,0.0,0.0,0.0,0.0,0.0,0.0,0.0,0.0,0.0,0.0,0.0,0.0,0.0,0.0,0.0,0.0,0.0,0.0,0.0,0.0,0.0,0.0,0.0,0.965517,0.0,0.0,0.0,0.0,0.0,0.0,0.0,0.0,0.0,-1,0,0.0,—,1,0,0,0,0,0,1
Belmont,Selection Sunday,0,0.0,0.0,0.0,0.0,0.0,0.0,0.0,0.0,0.0,0.0,0.0,0.0,0.0,0.0,0.0,0.0,0.0,0.0,0.0,0.0,0.0,0.0,0.0,0.0,0.0,0.0,0.172414,0.0,0.0,0.0,0.0,0.0,0.0,0.0,0.0,0.0,-1,0,0.0,—,1,0,0,0,0,0,1
Bradley,Selection Sunday,0,0.0,0.0,0.0,0.0,0.0,0.0,0.0,0.0,0.0,0.0,0.0,0.0,0.0,0.0,0.0,0.0,0.0,0.0,0.0,0.0,0.0,0.0,0.0,0.0,0.0,0.0,0.37931,0.0,0.0,0.0,0.0,0.0,0.0,0.0,0.0,0.0,-1,0,0.0,—,1,0,0,0,0,0,1
Murray St.,Selection Sunday,0,0.0,0.0,0.0,0.0,0.0,0.0,0.0,0.0,0.0,0.0,0.0,0.0,0.0,0.0,0.0,0.0,0.0,0.0,0.0,0.0,0.0,0.0,0.0,0.0,0.0,0.0,0.37931,0.0,0.0,0.0,0.0,0.0,0.0,0.0,0.0,0.0,-1,0,0.0,—,1,0,0,0,0,0,1
Illinois St.,Selection Sunday,0,0.0,0.0,0.0,0.0,0.0,0.0,0.0,0.0,0.0,0.0,0.0,0.0,0.0,0.0,0.0,0.0,0.0,0.0,0.0,0.0,0.0,0.0,0.0,0.0,0.0,0.0,0.37931,0.0,0.0,0.0,0.0,0.0,0.0,0.0,0.0,0.0,-1,0,0.0,—,1,0,0,0,0,0,1
UIC,Selection Sunday,0,0.0,0.0,0.0,0.0,0.0,0.0,0.0,0.0,0.0,0.0,0.0,0.0,0.0,0.0,0.0,0.0,0.0,0.0,0.0,0.0,0.0,0.0,0.0,0.0,0.0,0.0,0.482759,0.0,0.0,0.0,0.0,0.0,0.0,0.0,0.0,0.0,-1,0,0.0,—,1,0,0,0,0,0,1
UNI,Selection Sunday,0,0.0,0.0,0.0,0.0,0.0,0.0,0.0,0.0,0.0,0.0,0.0,0.0,0.0,0.0,0.0,0.0,0.0,0.0,0.0,0.0,0.0,0.0,0.0,0.0,0.0,0.0,0.37931,0.0,0.0,0.0,0.0,0.0,0.0,0.0,0.0,0.0,-1,0,0.0,—,1,0,0,0,0,0,1
Valparaiso,Selection Sunday,0,0.0,0.0,0.0,0.0,0.0,0.0,0.0,0.0,0.0,0.0,0.0,0.0,0.0,0.0,0.0,0.0,0.0,0.0,0.0,0.0,0.0,0.0,0.0,0.0,0.0,0.0,0.482759,0.0,0.0,0.0,0.0,0.0,0.0,0.0,0.0,0.0,-1,0,0.0,—,1,0,0,0,0,0,1
Southern Ill.,Selection Sunday,0,0.0,0.0,0.0,0.0,0.0,0.0,0.0,0.0,0.0,0.0,0.0,0.0,0.0,0.0,0.0,0.0,0.0,0.0,0.0,0.0,0.0,0.0,0.0,0.0,0.0,0.0,0.517241,0.0,0.0,0.0,0.0,0.0,0.0,0.0,0.0,0.0,-1,0,0.0,—,1,0,0,0,0,0,1
Drake,Selection Sunday,0,0.0,0.0,0.0,0.0,0.0,0.0,0.0,0.0,0.0,0.0,0.0,0.0,0.0,0.0,0.0,0.0,0.0,0.0,0.0,0.0,0.0,0.0,0.0,0.0,0.0,0.0,0.655172,0.0,0.0,0.0,0.0,0.0,0.0,0.0,0.0,0.0,-1,0,0.0,—,1,0,0,0,0,0,1
Indiana St.,Selection Sunday,0,0.0,0.0,0.0,0.0,0.0,0.0,0.0,0.0,0.0,0.0,0.0,0.0,0.0,0.0,0.0,0.0,0.0,0.0,0.0,0.0,0.0,0.0,0.0,0.0,0.0,0.0,0.689655,0.0,0.0,0.0,0.0,0.0,0.0,0.0,0.0,0.0,-1,0,0.0,—,1,0,0,0,0,0,1
Evansville,Selection Sunday,0,0.0,0.0,0.0,0.0,0.0,0.0,0.0,0.0,0.0,0.0,0.0,0.0,0.0,0.0,0.0,0.0,0.0,0.0,0.0,0.0,0.0,0.0,0.0,0.0,0.0,0.0,0.827586,0.0,0.0,0.0,0.0,0.0,0.0,0.0,0.0,0.0,-1,0,0.0,—,1,0,0,0,0,0,1
LIU,Selection Sunday,0,0.0,0.0,0.0,0.0,0.0,0.0,0.0,0.0,0.0,0.0,0.0,0.0,0.0,0.0,0.0,0.0,0.0,0.0,0.0,0.0,0.0,0.0,0.0,0.0,0.0,0.0,0.310345,0.0,0.0,0.0,0.0,0.0,0.0,0.0,0.0,0.0,-1,0,0.0,—,1,0,0,0,0,0,1
Central Conn. St.,Selection Sunday,0,0.0,0.0,0.0,0.0,0.0,0.0,0.0,0.0,0.0,0.0,0.0,0.0,0.0,0.0,0.0,0.0,0.0,0.0,0.0,0.0,0.0,0.0,0.0,0.0,0.0,0.0,0.37931,0.0,0.0,0.0,0.0,0.0,0.0,0.0,0.0,0.0,-1,0,0.0,—,1,0,0,0,0,0,1
Mercyhurst,Selection Sunday,0,0.0,0.0,0.0,0.0,0.0,0.0,0.0,0.0,0.0,0.0,0.0,0.0,0.0,0.0,0.0,0.0,0.0,0.0,0.0,0.0,0.0,0.0,0.0,0.0,0.0,0.0,0.551724,0.0,0.0,0.0,0.0,0.0,0.0,0.0,0.0,0.0,-1,0,0.0,—,1,0,0,0,0,0,1
Le Moyne,Selection Sunday,0,0.0,0.0,0.0,0.0,0.0,0.0,0.0,0.0,0.0,0.0,0.0,0.0,0.0,0.0,0.0,0.0,0.0,0.0,0.0,0.0,0.0,0.0,0.0,0.0,0.0,0.0,0.551724,0.0,0.0,0.0,0.0,0.0,0.0,0.0,0.0,0.0,-1,0,0.0,—,1,0,0,0,0,0,1
New Haven,Selection Sunday,0,0.0,0.0,0.0,0.0,0.0,0.0,0.0,0.0,0.0,0.0,0.0,0.0,0.0,0.0,0.0,0.0,0.0,0.0,0.0,0.0,0.0,0.0,0.0,0.0,0.0,0.0,0.551724,0.0,0.0,0.0,0.0,0.0,0.0,0.0,0.0,0.0,-1,0,0.0,—,1,0,0,0,0,0,1
Wagner,Selection Sunday,0,0.0,0.0,0.0,0.0,0.0,0.0,0.0,0.0,0.0,0.0,0.0,0.0,0.0,0.0,0.0,0.0,0.0,0.0,0.0,0.0,0.0,0.0,0.0,0.0,0.0,0.0,0.551724,0.0,0.0,0.0,0.0,0.0,0.0,0.0,0.0,0.0,-1,0,0.0,—,1,0,0,0,0,0,1
Stonehill,Selection Sunday,0,0.0,0.0,0.0,0.0,0.0,0.0,0.0,0.0,0.0,0.0,0.0,0.0,0.0,0.0,0.0,0.0,0.0,0.0,0.0,0.0,0.0,0.0,0.0,0.0,0.0,0.0,0.689655,0.0,0.0,0.0,0.0,0.0,0.0,0.0,0.0,0.0,-1,0,0.0,—,1,0,0,0,0,0,1
FDU,Selection Sunday,0,0.0,0.0,0.0,0.0,0.0,0.0,0.0,0.0,0.0,0.0,0.0,0.0,0.0,0.0,0.0,0.0,0.0,0.0,0.0,0.0,0.0,0.0,0.0,0.0,0.0,0.0,0.689655,0.0,0.0,0.0,0.0,0.0,0.0,0.0,0.0,0.0,-1,0,0.0,—,1,0,0,0,0,0,1
Saint Francis,Selection Sunday,0,0.0,0.0,0.0,0.0,0.0,0.0,0.0,0.0,0.0,0.0,0.0,0.0,0.0,0.0,0.0,0.0,0.0,0.0,0.0,0.0,0.0,0.0,0.0,0.0,0.0,0.0,0.793103,0.0,0.0,0.0,0.0,0.0,0.0,0.0,0.0,0.0,-1,0,0.0,—,1,0,0,0,0,0,1
Chicago St.,Selection Sunday,0,0.0,0.0,0.0,0.0,0.0,0.0,0.0,0.0,0.0,0.0,0.0,0.0,0.0,0.0,0.0,0.0,0.0,0.0,0.0,0.0,0.0,0.0,0.0,0.0,0.0,0.0,0.827586,0.0,0.0,0.0,0.0,0.0,0.0,0.0,0.0,0.0,-1,0,0.0,—,1,0,0,0,0,0,1
Tennessee St.,Selection Sunday,0,0.0,0.0,0.0,0.0,0.0,0.0,0.0,0.0,0.0,0.0,0.0,0.0,0.0,0.0,0.0,0.0,0.0,0.0,0.0,0.0,0.0,0.0,0.0,0.0,0.0,0.0,0.275862,0.0,0.0,0.0,0.0,0.0,0.0,0.0,0.0,0.0,-1,0,0.0,—,1,0,0,0,0,0,1
Morehead St.,Selection Sunday,0,0.0,0.0,0.0,0.0,0.0,0.0,0.0,0.0,0.0,0.0,0.0,0.0,0.0,0.0,0.0,0.0,0.0,0.0,0.0,0.0,0.0,0.0,0.0,0.0,0.0,0.0,0.413793,0.0,0.0,0.0,0.0,0.0,0.0,0.0,0.0,0.0,-1,0,0.0,—,1,0,0,0,0,0,1
Southeast Mo. St.,Selection Sunday,0,0.0,0.0,0.0,0.0,0.0,0.0,0.0,0.0,0.0,0.0,0.0,0.0,0.0,0.0,0.0,0.0,0.0,0.0,0.0,0.0,0.0,0.0,0.0,0.0,0.0,0.0,0.413793,0.0,0.0,0.0,0.0,0.0,0.0,0.0,0.0,0.0,-1,0,0.0,—,1,0,0,0,0,0,1
UT Martin,Selection Sunday,0,0.0,0.0,0.0,0.0,0.0,0.0,0.0,0.0,0.0,0.0,0.0,0.0,0.0,0.0,0.0,0.0,0.0,0.0,0.0,0.0,0.0,0.0,0.0,0.0,0.0,0.0,0.344828,0.0,0.0,0.0,0.0,0.0,0.0,0.0,0.0,0.0,-1,0,0.0,—,1,0,0,0,0,0,1
SIUE,Selection Sunday,0,0.0,0.0,0.0,0.0,0.0,0.0,0.0,0.0,0.0,0.0,0.0,0.0,0.0,0.0,0.0,0.0,0.0,0.0,0.0,0.0,0.0,0.0,0.0,0.0,0.0,0.0,0.413793,0.0,0.0,0.0,0.0,0.0,0.0,0.0,0.0,0.0,-1,0,0.0,—,1,0,0,0,0,0,1
Lindenwood,Selection Sunday,0,0.0,0.0,0.0,0.0,0.0,0.0,0.0,0.0,0.0,0.0,0.0,0.0,0.0,0.0,0.0,0.0,0.0,0.0,0.0,0.0,0.0,0.0,0.0,0.0,0.0,0.0,0.482759,0.0,0.0,0.0,0.0,0.0,0.0,0.0,0.0,0.0,-1,0,0.0,—,1,0,0,0,0,0,1
Little Rock,Selection Sunday,0,0.0,0.0,0.0,0.0,0.0,0.0,0.0,0.0,0.0,0.0,0.0,0.0,0.0,0.0,0.0,0.0,0.0,0.0,0.0,0.0,0.0,0.0,0.0,0.0,0.0,0.0,0.655172,0.0,0.0,0.0,0.0,0.0,0.0,0.0,0.0,0.0,-1,0,0.0,—,1,0,0,0,0,0,1
Tennessee Tech,Selection Sunday,0,0.0,0.0,0.0,0.0,0.0,0.0,0.0,0.0,0.0,0.0,0.0,0.0,0.0,0.0,0.0,0.0,0.0,0.0,0.0,0.0,0.0,0.0,0.0,0.0,0.0,0.0,0.586207,0.0,0.0,0.0,0.0,0.0,0.0,0.0,0.0,0.0,-1,0,0.0,—,1,0,0,0,0,0,1
Eastern Ill.,Selection Sunday,0,0.0,0.0,0.0,0.0,0.0,0.0,0.0,0.0,0.0,0.0,0.0,0.0,0.0,0.0,0.0,0.0,0.0,0.0,0.0,0.0,0.0,0.0,0.0,0.0,0.0,0.0,0.655172,0.0,0.0,0.0,0.0,0.0,0.0,0.0,0.0,0.0,-1,0,0.0,—,1,0,0,0,0,0,1
Southern Ind.,Selection Sunday,0,0.0,0.0,0.0,0.0,0.0,0.0,0.0,0.0,0.0,0.0,0.0,0.0,0.0,0.0,0.0,0.0,0.0,0.0,0.0,0.0,0.0,0.0,0.0,0.0,0.0,0.0,0.758621,0.0,0.0,0.0,0.0,0.0,0.0,0.0,0.0,0.0,-1,0,0.0,—,1,0,0,0,0,0,1
Western Ill.,Selection Sunday,0,0.0,0.0,0.0,0.0,0.0,0.0,0.0,0.0,0.0,0.0,0.0,0.0,0.0,0.0,0.0,0.0,0.0,0.0,0.0,0.0,0.0,0.0,0.0,0.0,0.0,0.0,0.862069,0.0,0.0,0.0,0.0,0.0,0.0,0.0,0.0,0.0,-1,0,0.0,—,1,0,0,0,0,0,1
Navy,Selection Sunday,0,0.0,0.0,0.0,0.0,0.0,0.0,0.0,0.0,0.0,0.0,0.0,0.0,0.0,0.0,0.0,0.0,0.0,0.0,0.0,0.0,0.0,0.0,0.0,0.0,0.0,0.0,0.206897,0.0,0.0,0.0,0.0,0.0,0.0,0.0,0.0,0.0,-1,0,0.0,—,1,0,0,0,0,0,1
Colgate,Selection Sunday,0,0.0,0.0,0.0,0.0,0.0,0.0,0.0,0.0,0.0,0.0,0.0,0.0,0.0,0.0,0.0,0.0,0.0,0.0,0.0,0.0,0.0,0.0,0.0,0.0,0.0,0.0,0.482759,0.0,0.0,0.0,0.0,0.0,0.0,0.0,0.0,0.0,-1,0,0.0,—,1,0,0,0,0,0,1
Lehigh,Selection Sunday,0,0.0,0.0,0.0,0.0,0.0,0.0,0.0,0.0,0.0,0.0,0.0,0.0,0.0,0.0,0.0,0.0,0.0,0.0,0.0,0.0,0.0,0.0,0.0,0.0,0.0,0.0,0.517241,0.0,0.0,0.0,0.0,0.0,0.0,0.0,0.0,0.0,-1,0,0.0,—,1,0,0,0,0,0,1
Boston U.,Selection Sunday,0,0.0,0.0,0.0,0.0,0.0,0.0,0.0,0.0,0.0,0.0,0.0,0.0,0.0,0.0,0.0,0.0,0.0,0.0,0.0,0.0,0.0,0.0,0.0,0.0,0.0,0.0,0.551724,0.0,0.0,0.0,0.0,0.0,0.0,0.0,0.0,0.0,-1,0,0.0,—,1,0,0,0,0,0,1
American,Selection Sunday,0,0.0,0.0,0.0,0.0,0.0,0.0,0.0,0.0,0.0,0.0,0.0,0.0,0.0,0.0,0.0,0.0,0.0,0.0,0.0,0.0,0.0,0.0,0.0,0.0,0.0,0.0,0.517241,0.0,0.0,0.0,0.0,0.0,0.0,0.0,0.0,0.0,-1,0,0.0,—,1,0,0,0,0,0,1
Loyola Maryland,Selection Sunday,0,0.0,0.0,0.0,0.0,0.0,0.0,0.0,0.0,0.0,0.0,0.0,0.0,0.0,0.0,0.0,0.0,0.0,0.0,0.0,0.0,0.0,0.0,0.0,0.0,0.0,0.0,0.655172,0.0,0.0,0.0,0.0,0.0,0.0,0.0,0.0,0.0,-1,0,0.0,—,1,0,0,0,0,0,1
Lafayette,Selection Sunday,0,0.0,0.0,0.0,0.0,0.0,0.0,0.0,0.0,0.0,0.0,0.0,0.0,0.0,0.0,0.0,0.0,0.0,0.0,0.0,0.0,0.0,0.0,0.0,0.0,0.0,0.0,0.689655,0.0,0.0,0.0,0.0,0.0,0.0,0.0,0.0,0.0,-1,0,0.0,—,1,0,0,0,0,0,1
Bucknell,Selection Sunday,0,0.0,0.0,0.0,0.0,0.0,0.0,0.0,0.0,0.0,0.0,0.0,0.0,0.0,0.0,0.0,0.0,0.0,0.0,0.0,0.0,0.0,0.0,0.0,0.0,0.0,0.0,0.758621,0.0,0.0,0.0,0.0,0.0,0.0,0.0,0.0,0.0,-1,0,0.0,—,1,0,0,0,0,0,1
Army West Point,Selection Sunday,0,0.0,0.0,0.0,0.0,0.0,0.0,0.0,0.0,0.0,0.0,0.0,0.0,0.0,0.0,0.0,0.0,0.0,0.0,0.0,0.0,0.0,0.0,0.0,0.0,0.0,0.0,0.689655,0.0,0.0,0.0,0.0,0.0,0.0,0.0,0.0,0.0,-1,0,0.0,—,1,0,0,0,0,0,1
Holy Cross,Selection Sunday,0,0.0,0.0,0.0,0.0,0.0,0.0,0.0,0.0,0.0,0.0,0.0,0.0,0.0,0.0,0.0,0.0,0.0,0.0,0.0,0.0,0.0,0.0,0.0,0.0,0.0,0.0,0.724138,0.0,0.0,0.0,0.0,0.0,0.0,0.0,0.0,0.0,-1,0,0.0,—,1,0,0,0,0,0,1
Florida,Selection Sunday,0,0.0,0.0,0.0,0.0,0.0,0.0,0.0,0.0,0.0,0.0,0.0,0.0,0.0,0.0,0.0,0.0,0.0,0.0,0.0,0.0,0.0,0.0,0.0,0.0,0.0,0.0,0.172414,0.0,0.0,0.0,0.0,0.0,0.0,0.0,0.0,0.0,-1,0,0.0,—,1,0,0,0,0,0,1
Arkansas,Selection Sunday,0,0.0,0.0,0.0,0.0,0.0,0.0,0.0,0.0,0.0,0.0,0.0,0.0,0.0,0.0,0.0,0.0,0.0,0.0,0.0,0.0,0.0,0.0,0.0,0.0,0.0,0.0,0.241379,0.0,0.0,0.0,0.0,0.0,0.0,0.0,0.0,0.0,-1,0,0.0,—,1,0,0,0,0,0,1
Alabama,Selection Sunday,0,0.0,0.0,0.0,0.0,0.0,0.0,0.0,0.0,0.0,0.0,0.0,0.0,0.0,0.0,0.0,0.0,0.0,0.0,0.0,0.0,0.0,0.0,0.0,0.0,0.0,0.0,0.275862,0.0,0.0,0.0,0.0,0.0,0.0,0.0,0.0,0.0,-1,0,0.0,—,1,0,0,0,0,0,1
Vanderbilt,Selection Sunday,0,0.0,0.0,0.0,0.0,0.0,0.0,0.0,0.0,0.0,0.0,0.0,0.0,0.0,0.0,0.0,0.0,0.0,0.0,0.0,0.0,0.0,0.0,0.0,0.0,0.0,0.0,0.206897,0.0,0.0,0.0,0.0,0.0,0.0,0.0,0.0,0.0,-1,0,0.0,—,1,0,0,0,0,0,1
Tennessee,Selection Sunday,0,0.0,0.0,0.0,0.0,0.0,0.0,0.0,0.0,0.0,0.0,0.0,0.0,0.0,0.0,0.0,0.0,0.0,0.0,0.0,0.0,0.0,0.0,0.0,0.0,0.0,0.0,0.344828,0.0,0.0,0.0,0.0,0.0,0.0,0.0,0.0,0.0,-1,0,0.0,—,1,0,0,0,0,0,1
Texas A&M,Selection Sunday,0,0.0,0.0,0.0,0.0,0.0,0.0,0.0,0.0,0.0,0.0,0.0,0.0,0.0,0.0,0.0,0.0,0.0,0.0,0.0,0.0,0.0,0.0,0.0,0.0,0.0,0.0,0.344828,0.0,0.0,0.0,0.0,0.0,0.0,0.0,0.0,0.0,-1,0,0.0,—,1,0,0,0,0,0,1
Georgia,Selection Sunday,0,0.0,0.0,0.0,0.0,0.0,0.0,0.0,0.0,0.0,0.0,0.0,0.0,0.0,0.0,0.0,0.0,0.0,0.0,0.0,0.0,0.0,0.0,0.0,0.0,0.0,0.0,0.310345,0.0,0.0,0.0,0.0,0.0,0.0,0.0,0.0,0.0,-1,0,0.0,—,1,0,0,0,0,0,1
Missouri,Selection Sunday,0,0.0,0.0,0.0,0.0,0.0,0.0,0.0,0.0,0.0,0.0,0.0,0.0,0.0,0.0,0.0,0.0,0.0,0.0,0.0,0.0,0.0,0.0,0.0,0.0,0.0,0.0,0.37931,0.0,0.0,0.0,0.0,0.0,0.0,0.0,0.0,0.0,-1,0,0.0,—,1,0,0,0,0,0,1
Kentucky,Selection Sunday,0,0.0,0.0,0.0,0.0,0.0,0.0,0.0,0.0,0.0,0.0,0.0,0.0,0.0,0.0,0.0,0.0,0.0,0.0,0.0,0.0,0.0,0.0,0.0,0.0,0.0,0.0,0.413793,0.0,0.0,0.0,0.0,0.0,0.0,0.0,0.0,0.0,-1,0,0.0,—,1,0,0,0,0,0,1
Texas,Selection Sunday,0,0.0,0.0,0.0,0.0,0.0,0.0,0.0,0.0,0.0,0.0,0.0,0.0,0.0,0.0,0.0,0.0,0.0,0.0,0.0,0.0,0.0,0.0,0.0,0.0,0.0,0.0,0.448276,0.0,0.0,0.0,0.0,0.0,0.0,0.0,0.0,0.0,-1,0,0.0,—,1,0,0,0,0,0,1
Oklahoma,Selection Sunday,0,0.0,0.0,0.0,0.0,0.0,0.0,0.0,0.0,0.0,0.0,0.0,0.0,0.0,0.0,0.0,0.0,0.0,0.0,0.0,0.0,0.0,0.0,0.0,0.0,0.0,0.0,0.482759,0.0,0.0,0.0,0.0,0.0,0.0,0.0,0.0,0.0,-1,0,0.0,—,1,0,0,0,0,0,1
Auburn,Selection Sunday,0,0.0,0.0,0.0,0.0,0.0,0.0,0.0,0.0,0.0,0.0,0.0,0.0,0.0,0.0,0.0,0.0,0.0,0.0,0.0,0.0,0.0,0.0,0.0,0.0,0.0,0.0,0.517241,0.0,0.0,0.0,0.0,0.0,0.0,0.0,0.0,0.0,-1,0,0.0,—,1,0,0,0,0,0,1
Mississippi St.,Selection Sunday,0,0.0,0.0,0.0,0.0,0.0,0.0,0.0,0.0,0.0,0.0,0.0,0.0,0.0,0.0,0.0,0.0,0.0,0.0,0.0,0.0,0.0,0.0,0.0,0.0,0.0,0.0,0.62069,0.0,0.0,0.0,0.0,0.0,0.0,0.0,0.0,0.0,-1,0,0.0,—,1,0,0,0,0,0,1
Ole Miss,Selection Sunday,0,0.0,0.0,0.0,0.0,0.0,0.0,0.0,0.0,0.0,0.0,0.0,0.0,0.0,0.0,0.0,0.0,0.0,0.0,0.0,0.0,0.0,0.0,0.0,0.0,0.0,0.0,0.62069,0.0,0.0,0.0,0.0,0.0,0.0,0.0,0.0,0.0,-1,0,0.0,—,1,0,0,0,0,0,1
South Carolina,Selection Sunday,0,0.0,0.0,0.0,0.0,0.0,0.0,0.0,0.0,0.0,0.0,0.0,0.0,0.0,0.0,0.0,0.0,0.0,0.0,0.0,0.0,0.0,0.0,0.0,0.0,0.0,0.0,0.62069,0.0,0.0,0.0,0.0,0.0,0.0,0.0,0.0,0.0,-1,0,0.0,—,1,0,0,0,0,0,1
LSU,Selection Sunday,0,0.0,0.0,0.0,0.0,0.0,0.0,0.0,0.0,0.0,0.0,0.0,0.0,0.0,0.0,0.0,0.0,0.0,0.0,0.0,0.0,0.0,0.0,0.0,0.0,0.0,0.0,0.551724,0.0,0.0,0.0,0.0,0.0,0.0,0.0,0.0,0.0,-1,0,0.0,—,1,0,0,0,0,0,1
ETSU,Selection Sunday,0,0.0,0.0,0.0,0.0,0.0,0.0,0.0,0.0,0.0,0.0,0.0,0.0,0.0,0.0,0.0,0.0,0.0,0.0,0.0,0.0,0.0,0.0,0.0,0.0,0.0,0.0,0.344828,0.0,0.0,0.0,0.0,0.0,0.0,0.0,0.0,0.0,-1,0,0.0,—,1,0,0,0,0,0,1
Mercer,Selection Sunday,0,0.0,0.0,0.0,0.0,0.0,0.0,0.0,0.0,0.0,0.0,0.0,0.0,0.0,0.0,0.0,0.0,0.0,0.0,0.0,0.0,0.0,0.0,0.0,0.0,0.0,0.0,0.413793,0.0,0.0,0.0,0.0,0.0,0.0,0.0,0.0,0.0,-1,0,0.0,—,1,0,0,0,0,0,1
Wofford,Selection Sunday,0,0.0,0.0,0.0,0.0,0.0,0.0,0.0,0.0,0.0,0.0,0.0,0.0,0.0,0.0,0.0,0.0,0.0,0.0,0.0,0.0,0.0,0.0,0.0,0.0,0.0,0.0,0.413793,0.0,0.0,0.0,0.0,0.0,0.0,0.0,0.0,0.0,-1,0,0.0,—,1,0,0,0,0,0,1
Samford,Selection Sunday,0,0.0,0.0,0.0,0.0,0.0,0.0,0.0,0.0,0.0,0.0,0.0,0.0,0.0,0.0,0.0,0.0,0.0,0.0,0.0,0.0,0.0,0.0,0.0,0.0,0.0,0.0,0.448276,0.0,0.0,0.0,0.0,0.0,0.0,0.0,0.0,0.0,-1,0,0.0,—,1,0,0,0,0,0,1
Furman,Selection Sunday,0,0.0,0.0,0.0,0.0,0.0,0.0,0.0,0.0,0.0,0.0,0.0,0.0,0.0,0.0,0.0,0.0,0.0,0.0,0.0,0.0,0.0,0.0,0.0,0.0,0.0,0.0,0.37931,0.0,0.0,0.0,0.0,0.0,0.0,0.0,0.0,0.0,-1,0,0.0,—,1,0,0,0,0,0,1
Western Caro.,Selection Sunday,0,0.0,0.0,0.0,0.0,0.0,0.0,0.0,0.0,0.0,0.0,0.0,0.0,0.0,0.0,0.0,0.0,0.0,0.0,0.0,0.0,0.0,0.0,0.0,0.0,0.0,0.0,0.517241,0.0,0.0,0.0,0.0,0.0,0.0,0.0,0.0,0.0,-1,0,0.0,—,1,0,0,0,0,0,1
UNC Greensboro,Selection Sunday,0,0.0,0.0,0.0,0.0,0.0,0.0,0.0,0.0,0.0,0.0,0.0,0.0,0.0,0.0,0.0,0.0,0.0,0.0,0.0,0.0,0.0,0.0,0.0,0.0,0.0,0.0,0.62069,0.0,0.0,0.0,0.0,0.0,0.0,0.0,0.0,0.0,-1,0,0.0,—,1,0,0,0,0,0,1
Chattanooga,Selection Sunday,0,0.0,0.0,0.0,0.0,0.0,0.0,0.0,0.0,0.0,0.0,0.0,0.0,0.0,0.0,0.0,0.0,0.0,0.0,0.0,0.0,0.0,0.0,0.0,0.0,0.0,0.0,0.62069,0.0,0.0,0.0,0.0,0.0,0.0,0.0,0.0,0.0,-1,0,0.0,—,1,0,0,0,0,0,1
The Citadel,Selection Sunday,0,0.0,0.0,0.0,0.0,0.0,0.0,0.0,0.0,0.0,0.0,0.0,0.0,0.0,0.0,0.0,0.0,0.0,0.0,0.0,0.0,0.0,0.0,0.0,0.0,0.0,0.0,0.724138,0.0,0.0,0.0,0.0,0.0,0.0,0.0,0.0,0.0,-1,0,0.0,—,1,0,0,0,0,0,1
VMI,Selection Sunday,0,0.0,0.0,0.0,0.0,0.0,0.0,0.0,0.0,0.0,0.0,0.0,0.0,0.0,0.0,0.0,0.0,0.0,0.0,0.0,0.0,0.0,0.0,0.0,0.0,0.0,0.0,0.862069,0.0,0.0,0.0,0.0,0.0,0.0,0.0,0.0,0.0,-1,0,0.0,—,1,0,0,0,0,0,1
SFA,Selection Sunday,0,0.0,0.0,0.0,0.0,0.0,0.0,0.0,0.0,0.0,0.0,0.0,0.0,0.0,0.0,0.0,0.0,0.0,0.0,0.0,0.0,0.0,0.0,0.0,0.0,0.0,0.0,0.137931,0.0,0.0,0.0,0.0,0.0,0.0,0.0,0.0,0.0,-1,0,0.0,—,1,0,0,0,0,0,1
McNeese,Selection Sunday,0,0.0,0.0,0.0,0.0,0.0,0.0,0.0,0.0,0.0,0.0,0.0,0.0,0.0,0.0,0.0,0.0,0.0,0.0,0.0,0.0,0.0,0.0,0.0,0.0,0.0,0.0,0.137931,0.0,0.0,0.0,0.0,0.0,0.0,0.0,0.0,0.0,-1,0,0.0,—,1,0,0,0,0,0,1
UTRGV,Selection Sunday,0,0.0,0.0,0.0,0.0,0.0,0.0,0.0,0.0,0.0,0.0,0.0,0.0,0.0,0.0,0.0,0.0,0.0,0.0,0.0,0.0,0.0,0.0,0.0,0.0,0.0,0.0,0.448276,0.0,0.0,0.0,0.0,0.0,0.0,0.0,0.0,0.0,-1,0,0.0,—,1,0,0,0,0,0,1
A&M-Corpus Christi,Selection Sunday,0,0.0,0.0,0.0,0.0,0.0,0.0,0.0,0.0,0.0,0.0,0.0,0.0,0.0,0.0,0.0,0.0,0.0,0.0,0.0,0.0,0.0,0.0,0.0,0.0,0.0,0.0,0.482759,0.0,0.0,0.0,0.0,0.0,0.0,0.0,0.0,0.0,-1,0,0.0,—,1,0,0,0,0,0,1
New Orleans,Selection Sunday,0,0.0,0.0,0.0,0.0,0.0,0.0,0.0,0.0,0.0,0.0,0.0,0.0,0.0,0.0,0.0,0.0,0.0,0.0,0.0,0.0,0.0,0.0,0.0,0.0,0.0,0.0,0.586207,0.0,0.0,0.0,0.0,0.0,0.0,0.0,0.0,0.0,-1,0,0.0,—,1,0,0,0,0,0,1
Nicholls,Selection Sunday,0,0.0,0.0,0.0,0.0,0.0,0.0,0.0,0.0,0.0,0.0,0.0,0.0,0.0,0.0,0.0,0.0,0.0,0.0,0.0,0.0,0.0,0.0,0.0,0.0,0.0,0.0,0.62069,0.0,0.0,0.0,0.0,0.0,0.0,0.0,0.0,0.0,-1,0,0.0,—,1,0,0,0,0,0,1
Houston Christian,Selection Sunday,0,0.0,0.0,0.0,0.0,0.0,0.0,0.0,0.0,0.0,0.0,0.0,0.0,0.0,0.0,0.0,0.0,0.0,0.0,0.0,0.0,0.0,0.0,0.0,0.0,0.0,0.0,0.655172,0.0,0.0,0.0,0.0,0.0,0.0,0.0,0.0,0.0,-1,0,0.0,—,1,0,0,0,0,0,1
Northwestern St.,Selection Sunday,0,0.0,0.0,0.0,0.0,0.0,0.0,0.0,0.0,0.0,0.0,0.0,0.0,0.0,0.0,0.0,0.0,0.0,0.0,0.0,0.0,0.0,0.0,0.0,0.0,0.0,0.0,0.724138,0.0,0.0,0.0,0.0,0.0,0.0,0.0,0.0,0.0,-1,0,0.0,—,1,0,0,0,0,0,1
UIW,Selection Sunday,0,0.0,0.0,0.0,0.0,0.0,0.0,0.0,0.0,0.0,0.0,0.0,0.0,0.0,0.0,0.0,0.0,0.0,0.0,0.0,0.0,0.0,0.0,0.0,0.0,0.0,0.0,0.62069,0.0,0.0,0.0,0.0,0.0,0.0,0.0,0.0,0.0,-1,0,0.0,—,1,0,0,0,0,0,1
Lamar University,Selection Sunday,0,0.0,0.0,0.0,0.0,0.0,0.0,0.0,0.0,0.0,0.0,0.0,0.0,0.0,0.0,0.0,0.0,0.0,0.0,0.0,0.0,0.0,0.0,0.0,0.0,0.0,0.0,0.62069,0.0,0.0,0.0,0.0,0.0,0.0,0.0,0.0,0.0,-1,0,0.0,—,1,0,0,0,0,0,1
East Texas A&M,Selection Sunday,0,0.0,0.0,0.0,0.0,0.0,0.0,0.0,0.0,0.0,0.0,0.0,0.0,0.0,0.0,0.0,0.0,0.0,0.0,0.0,0.0,0.0,0.0,0.0,0.0,0.0,0.0,0.689655,0.0,0.0,0.0,0.0,0.0,0.0,0.0,0.0,0.0,-1,0,0.0,—,1,0,0,0,0,0,1
Southeastern La.,Selection Sunday,0,0.0,0.0,0.0,0.0,0.0,0.0,0.0,0.0,0.0,0.0,0.0,0.0,0.0,0.0,0.0,0.0,0.0,0.0,0.0,0.0,0.0,0.0,0.0,0.0,0.0,0.0,0.724138,0.0,0.0,0.0,0.0,0.0,0.0,0.0,0.0,0.0,-1,0,0.0,—,1,0,0,0,0,0,1
North Dakota St.,Selection Sunday,0,0.0,0.0,0.0,0.0,0.0,0.0,0.0,0.0,0.0,0.0,0.0,0.0,0.0,0.0,0.0,0.0,0.0,0.0,0.0,0.0,0.0,0.0,0.0,0.0,0.0,0.0,0.206897,0.0,0.0,0.0,0.0,0.0,0.0,0.0,0.0,0.0,-1,0,0.0,—,1,0,0,0,0,0,1
St. Thomas (MN),Selection Sunday,0,0.0,0.0,0.0,0.0,0.0,0.0,0.0,0.0,0.0,0.0,0.0,0.0,0.0,0.0,0.0,0.0,0.0,0.0,0.0,0.0,0.0,0.0,0.0,0.0,0.0,0.0,0.275862,0.0,0.0,0.0,0.0,0.0,0.0,0.0,0.0,0.0,-1,0,0.0,—,1,0,0,0,0,0,1
North Dakota,Selection Sunday,0,0.0,0.0,0.0,0.0,0.0,0.0,0.0,0.0,0.0,0.0,0.0,0.0,0.0,0.0,0.0,0.0,0.0,0.0,0.0,0.0,0.0,0.0,0.0,0.0,0.0,0.0,0.551724,0.0,0.0,0.0,0.0,0.0,0.0,0.0,0.0,0.0,-1,0,0.0,—,1,0,0,0,0,0,1
South Dakota,Selection Sunday,0,0.0,0.0,0.0,0.0,0.0,0.0,0.0,0.0,0.0,0.0,0.0,0.0,0.0,0.0,0.0,0.0,0.0,0.0,0.0,0.0,0.0,0.0,0.0,0.0,0.0,0.0,0.517241,0.0,0.0,0.0,0.0,0.0,0.0,0.0,0.0,0.0,-1,0,0.0,—,1,0,0,0,0,0,1
Omaha,Selection Sunday,0,0.0,0.0,0.0,0.0,0.0,0.0,0.0,0.0,0.0,0.0,0.0,0.0,0.0,0.0,0.0,0.0,0.0,0.0,0.0,0.0,0.0,0.0,0.0,0.0,0.0,0.0,0.551724,0.0,0.0,0.0,0.0,0.0,0.0,0.0,0.0,0.0,-1,0,0.0,—,1,0,0,0,0,0,1
Denver,Selection Sunday,0,0.0,0.0,0.0,0.0,0.0,0.0,0.0,0.0,0.0,0.0,0.0,0.0,0.0,0.0,0.0,0.0,0.0,0.0,0.0,0.0,0.0,0.0,0.0,0.0,0.0,0.0,0.551724,0.0,0.0,0.0,0.0,0.0,0.0,0.0,0.0,0.0,-1,0,0.0,—,1,0,0,0,0,0,1
South Dakota St.,Selection Sunday,0,0.0,0.0,0.0,0.0,0.0,0.0,0.0,0.0,0.0,0.0,0.0,0.0,0.0,0.0,0.0,0.0,0.0,0.0,0.0,0.0,0.0,0.0,0.0,0.0,0.0,0.0,0.586207,0.0,0.0,0.0,0.0,0.0,0.0,0.0,0.0,0.0,-1,0,0.0,—,1,0,0,0,0,0,1
Oral Roberts,Selection Sunday,0,0.0,0.0,0.0,0.0,0.0,0.0,0.0,0.0,0.0,0.0,0.0,0.0,0.0,0.0,0.0,0.0,0.0,0.0,0.0,0.0,0.0,0.0,0.0,0.0,0.0,0.0,0.758621,0.0,0.0,0.0,0.0,0.0,0.0,0.0,0.0,0.0,-1,0,0.0,—,1,0,0,0,0,0,1
Kansas City,Selection Sunday,0,0.0,0.0,0.0,0.0,0.0,0.0,0.0,0.0,0.0,0.0,0.0,0.0,0.0,0.0,0.0,0.0,0.0,0.0,0.0,0.0,0.0,0.0,0.0,0.0,0.0,0.0,0.896552,0.0,0.0,0.0,0.0,0.0,0.0,0.0,0.0,0.0,-1,0,0.0,—,1,0,0,0,0,0,1
Troy,Selection Sunday,0,0.0,0.0,0.0,0.0,0.0,0.0,0.0,0.0,0.0,0.0,0.0,0.0,0.0,0.0,0.0,0.0,0.0,0.0,0.0,0.0,0.0,0.0,0.0,0.0,0.0,0.0,0.344828,0.0,0.0,0.0,0.0,0.0,0.0,0.0,0.0,0.0,-1,0,0.0,—,1,0,0,0,0,0,1
South Alabama,Selection Sunday,0,0.0,0.0,0.0,0.0,0.0,0.0,0.0,0.0,0.0,0.0,0.0,0.0,0.0,0.0,0.0,0.0,0.0,0.0,0.0,0.0,0.0,0.0,0.0,0.0,0.0,0.0,0.344828,0.0,0.0,0.0,0.0,0.0,0.0,0.0,0.0,0.0,-1,0,0.0,—,1,0,0,0,0,0,1
Arkansas St.,Selection Sunday,0,0.0,0.0,0.0,0.0,0.0,0.0,0.0,0.0,0.0,0.0,0.0,0.0,0.0,0.0,0.0,0.0,0.0,0.0,0.0,0.0,0.0,0.0,0.0,0.0,0.0,0.0,0.37931,0.0,0.0,0.0,0.0,0.0,0.0,0.0,0.0,0.0,-1,0,0.0,—,1,0,0,0,0,0,1
Marshall,Selection Sunday,0,0.0,0.0,0.0,0.0,0.0,0.0,0.0,0.0,0.0,0.0,0.0,0.0,0.0,0.0,0.0,0.0,0.0,0.0,0.0,0.0,0.0,0.0,0.0,0.0,0.0,0.0,0.413793,0.0,0.0,0.0,0.0,0.0,0.0,0.0,0.0,0.0,-1,0,0.0,—,1,0,0,0,0,0,1
Texas St.,Selection Sunday,0,0.0,0.0,0.0,0.0,0.0,0.0,0.0,0.0,0.0,0.0,0.0,0.0,0.0,0.0,0.0,0.0,0.0,0.0,0.0,0.0,0.0,0.0,0.0,0.0,0.0,0.0,0.413793,0.0,0.0,0.0,0.0,0.0,0.0,0.0,0.0,0.0,-1,0,0.0,—,1,0,0,0,0,0,1
Coastal Carolina,Selection Sunday,0,0.0,0.0,0.0,0.0,0.0,0.0,0.0,0.0,0.0,0.0,0.0,0.0,0.0,0.0,0.0,0.0,0.0,0.0,0.0,0.0,0.0,0.0,0.0,0.0,0.0,0.0,0.413793,0.0,0.0,0.0,0.0,0.0,0.0,0.0,0.0,0.0,-1,0,0.0,—,1,0,0,0,0,0,1
App State,Selection Sunday,0,0.0,0.0,0.0,0.0,0.0,0.0,0.0,0.0,0.0,0.0,0.0,0.0,0.0,0.0,0.0,0.0,0.0,0.0,0.0,0.0,0.0,0.0,0.0,0.0,0.0,0.0,0.413793,0.0,0.0,0.0,0.0,0.0,0.0,0.0,0.0,0.0,-1,0,0.0,—,1,0,0,0,0,0,1
James Madison,Selection Sunday,0,0.0,0.0,0.0,0.0,0.0,0.0,0.0,0.0,0.0,0.0,0.0,0.0,0.0,0.0,0.0,0.0,0.0,0.0,0.0,0.0,0.0,0.0,0.0,0.0,0.0,0.0,0.482759,0.0,0.0,0.0,0.0,0.0,0.0,0.0,0.0,0.0,-1,0,0.0,—,1,0,0,0,0,0,1
Southern Miss.,Selection Sunday,0,0.0,0.0,0.0,0.0,0.0,0.0,0.0,0.0,0.0,0.0,0.0,0.0,0.0,0.0,0.0,0.0,0.0,0.0,0.0,0.0,0.0,0.0,0.0,0.0,0.0,0.0,0.517241,0.0,0.0,0.0,0.0,0.0,0.0,0.0,0.0,0.0,-1,0,0.0,—,1,0,0,0,0,0,1
Ga. Southern,Selection Sunday,0,0.0,0.0,0.0,0.0,0.0,0.0,0.0,0.0,0.0,0.0,0.0,0.0,0.0,0.0,0.0,0.0,0.0,0.0,0.0,0.0,0.0,0.0,0.0,0.0,0.0,0.0,0.517241,0.0,0.0,0.0,0.0,0.0,0.0,0.0,0.0,0.0,-1,0,0.0,—,1,0,0,0,0,0,1
Old Dominion,Selection Sunday,0,0.0,0.0,0.0,0.0,0.0,0.0,0.0,0.0,0.0,0.0,0.0,0.0,0.0,0.0,0.0,0.0,0.0,0.0,0.0,0.0,0.0,0.0,0.0,0.0,0.0,0.0,0.689655,0.0,0.0,0.0,0.0,0.0,0.0,0.0,0.0,0.0,-1,0,0.0,—,1,0,0,0,0,0,1
Louisiana,Selection Sunday,0,0.0,0.0,0.0,0.0,0.0,0.0,0.0,0.0,0.0,0.0,0.0,0.0,0.0,0.0,0.0,0.0,0.0,0.0,0.0,0.0,0.0,0.0,0.0,0.0,0.0,0.0,0.724138,0.0,0.0,0.0,0.0,0.0,0.0,0.0,0.0,0.0,-1,0,0.0,—,1,0,0,0,0,0,1
Georgia St.,Selection Sunday,0,0.0,0.0,0.0,0.0,0.0,0.0,0.0,0.0,0.0,0.0,0.0,0.0,0.0,0.0,0.0,0.0,0.0,0.0,0.0,0.0,0.0,0.0,0.0,0.0,0.0,0.0,0.724138,0.0,0.0,0.0,0.0,0.0,0.0,0.0,0.0,0.0,-1,0,0.0,—,1,0,0,0,0,0,1
ULM,Selection Sunday,0,0.0,0.0,0.0,0.0,0.0,0.0,0.0,0.0,0.0,0.0,0.0,0.0,0.0,0.0,0.0,0.0,0.0,0.0,0.0,0.0,0.0,0.0,0.0,0.0,0.0,0.0,0.931034,0.0,0.0,0.0,0.0,0.0,0.0,0.0,0.0,0.0,-1,0,0.0,—,1,0,0,0,0,0,1
Bethune-Cookman,Selection Sunday,0,0.0,0.0,0.0,0.0,0.0,0.0,0.0,0.0,0.0,0.0,0.0,0.0,0.0,0.0,0.0,0.0,0.0,0.0,0.0,0.0,0.0,0.0,0.0,0.0,0.0,0.0,0.482759,0.0,0.0,0.0,0.0,0.0,0.0,0.0,0.0,0.0,-1,0,0.0,—,1,0,0,0,0,0,1
Southern U.,Selection Sunday,0,0.0,0.0,0.0,0.0,0.0,0.0,0.0,0.0,0.0,0.0,0.0,0.0,0.0,0.0,0.0,0.0,0.0,0.0,0.0,0.0,0.0,0.0,0.0,0.0,0.0,0.0,0.517241,0.0,0.0,0.0,0.0,0.0,0.0,0.0,0.0,0.0,-1,0,0.0,—,1,0,0,0,0,0,1
Florida A&M,Selection Sunday,0,0.0,0.0,0.0,0.0,0.0,0.0,0.0,0.0,0.0,0.0,0.0,0.0,0.0,0.0,0.0,0.0,0.0,0.0,0.0,0.0,0.0,0.0,0.0,0.0,0.0,0.0,0.517241,0.0,0.0,0.0,0.0,0.0,0.0,0.0,0.0,0.0,-1,0,0.0,—,1,0,0,0,0,0,1
Alabama A&M,Selection Sunday,0,0.0,0.0,0.0,0.0,0.0,0.0,0.0,0.0,0.0,0.0,0.0,0.0,0.0,0.0,0.0,0.0,0.0,0.0,0.0,0.0,0.0,0.0,0.0,0.0,0.0,0.0,0.482759,0.0,0.0,0.0,0.0,0.0,0.0,0.0,0.0,0.0,-1,0,0.0,—,1,0,0,0,0,0,1
Ark.-Pine Bluff,Selection Sunday,0,0.0,0.0,0.0,0.0,0.0,0.0,0.0,0.0,0.0,0.0,0.0,0.0,0.0,0.0,0.0,0.0,0.0,0.0,0.0,0.0,0.0,0.0,0.0,0.0,0.0,0.0,0.62069,0.0,0.0,0.0,0.0,0.0,0.0,0.0,0.0,0.0,-1,0,0.0,—,1,0,0,0,0,0,1
Texas Southern,Selection Sunday,0,0.0,0.0,0.0,0.0,0.0,0.0,0.0,0.0,0.0,0.0,0.0,0.0,0.0,0.0,0.0,0.0,0.0,0.0,0.0,0.0,0.0,0.0,0.0,0.0,0.0,0.0,0.586207,0.0,0.0,0.0,0.0,0.0,0.0,0.0,0.0,0.0,-1,0,0.0,—,1,0,0,0,0,0,1
Jackson St.,Selection Sunday,0,0.0,0.0,0.0,0.0,0.0,0.0,0.0,0.0,0.0,0.0,0.0,0.0,0.0,0.0,0.0,0.0,0.0,0.0,0.0,0.0,0.0,0.0,0.0,0.0,0.0,0.0,0.689655,0.0,0.0,0.0,0.0,0.0,0.0,0.0,0.0,0.0,-1,0,0.0,—,1,0,0,0,0,0,1
Prairie View,Selection Sunday,0,0.0,0.0,0.0,0.0,0.0,0.0,0.0,0.0,0.0,0.0,0.0,0.0,0.0,0.0,0.0,0.0,0.0,0.0,0.0,0.0,0.0,0.0,0.0,0.0,0.0,0.0,0.551724,0.0,0.0,0.0,0.0,0.0,0.0,0.0,0.0,0.0,-1,0,0.0,—,1,0,0,0,0,0,1
Grambling,Selection Sunday,0,0.0,0.0,0.0,0.0,0.0,0.0,0.0,0.0,0.0,0.0,0.0,0.0,0.0,0.0,0.0,0.0,0.0,0.0,0.0,0.0,0.0,0.0,0.0,0.0,0.0,0.0,0.62069,0.0,0.0,0.0,0.0,0.0,0.0,0.0,0.0,0.0,-1,0,0.0,—,1,0,0,0,0,0,1
Alabama St.,Selection Sunday,0,0.0,0.0,0.0,0.0,0.0,0.0,0.0,0.0,0.0,0.0,0.0,0.0,0.0,0.0,0.0,0.0,0.0,0.0,0.0,0.0,0.0,0.0,0.0,0.0,0.0,0.0,0.724138,0.0,0.0,0.0,0.0,0.0,0.0,0.0,0.0,0.0,-1,0,0.0,—,1,0,0,0,0,0,1
Alcorn,Selection Sunday,0,0.0,0.0,0.0,0.0,0.0,0.0,0.0,0.0,0.0,0.0,0.0,0.0,0.0,0.0,0.0,0.0,0.0,0.0,0.0,0.0,0.0,0.0,0.0,0.0,0.0,0.0,0.758621,0.0,0.0,0.0,0.0,0.0,0.0,0.0,0.0,0.0,-1,0,0.0,—,1,0,0,0,0,0,1
Mississippi Val.,Selection Sunday,0,0.0,0.0,0.0,0.0,0.0,0.0,0.0,0.0,0.0,0.0,0.0,0.0,0.0,0.0,0.0,0.0,0.0,0.0,0.0,0.0,0.0,0.0,0.0,0.0,0.0,0.0,1.0,0.0,0.0,0.0,0.0,0.0,0.0,0.0,0.0,0.0,-1,0,0.0,—,1,0,0,0,0,0,1
Utah Valley,Selection Sunday,0,0.0,0.0,0.0,0.0,0.0,0.0,0.0,0.0,0.0,0.0,0.0,0.0,0.0,0.0,0.0,0.0,0.0,0.0,0.0,0.0,0.0,0.0,0.0,0.0,0.0,0.0,0.206897,0.0,0.0,0.0,0.0,0.0,0.0,0.0,0.0,0.0,-1,0,0.0,—,1,0,0,0,0,0,1
California Baptist,Selection Sunday,0,0.0,0.0,0.0,0.0,0.0,0.0,0.0,0.0,0.0,0.0,0.0,0.0,0.0,0.0,0.0,0.0,0.0,0.0,0.0,0.0,0.0,0.0,0.0,0.0,0.0,0.0,0.241379,0.0,0.0,0.0,0.0,0.0,0.0,0.0,0.0,0.0,-1,0,0.0,—,1,0,0,0,0,0,1
Utah Tech,Selection Sunday,0,0.0,0.0,0.0,0.0,0.0,0.0,0.0,0.0,0.0,0.0,0.0,0.0,0.0,0.0,0.0,0.0,0.0,0.0,0.0,0.0,0.0,0.0,0.0,0.0,0.0,0.0,0.482759,0.0,0.0,0.0,0.0,0.0,0.0,0.0,0.0,0.0,-1,0,0.0,—,1,0,0,0,0,0,1
UT Arlington,Selection Sunday,0,0.0,0.0,0.0,0.0,0.0,0.0,0.0,0.0,0.0,0.0,0.0,0.0,0.0,0.0,0.0,0.0,0.0,0.0,0.0,0.0,0.0,0.0,0.0,0.0,0.0,0.0,0.448276,0.0,0.0,0.0,0.0,0.0,0.0,0.0,0.0,0.0,-1,0,0.0,—,1,0,0,0,0,0,1
Southern Utah,Selection Sunday,0,0.0,0.0,0.0,0.0,0.0,0.0,0.0,0.0,0.0,0.0,0.0,0.0,0.0,0.0,0.0,0.0,0.0,0.0,0.0,0.0,0.0,0.0,0.0,0.0,0.0,0.0,0.724138,0.0,0.0,0.0,0.0,0.0,0.0,0.0,0.0,0.0,-1,0,0.0,—,1,0,0,0,0,0,1
Tarleton St.,Selection Sunday,0,0.0,0.0,0.0,0.0,0.0,0.0,0.0,0.0,0.0,0.0,0.0,0.0,0.0,0.0,0.0,0.0,0.0,0.0,0.0,0.0,0.0,0.0,0.0,0.0,0.0,0.0,0.586207,0.0,0.0,0.0,0.0,0.0,0.0,0.0,0.0,0.0,-1,0,0.0,—,1,0,0,0,0,0,1
Abilene Christian,Selection Sunday,0,0.0,0.0,0.0,0.0,0.0,0.0,0.0,0.0,0.0,0.0,0.0,0.0,0.0,0.0,0.0,0.0,0.0,0.0,0.0,0.0,0.0,0.0,0.0,0.0,0.0,0.0,0.62069,0.0,0.0,0.0,0.0,0.0,0.0,0.0,0.0,0.0,-1,0,0.0,—,1,0,0,0,0,0,1
Gonzaga,Selection Sunday,0,0.0,0.0,0.0,0.0,0.0,0.0,0.0,0.0,0.0,0.0,0.0,0.0,0.0,0.0,0.0,0.0,0.0,0.0,0.0,0.0,0.0,0.0,0.0,0.0,0.0,0.0,0.068966,0.0,0.0,0.0,0.0,0.0,0.0,0.0,0.0,0.0,-1,0,0.0,—,1,0,0,0,0,0,1
Saint Mary's (CA),Selection Sunday,0,0.0,0.0,0.0,0.0,0.0,0.0,0.0,0.0,0.0,0.0,0.0,0.0,0.0,0.0,0.0,0.0,0.0,0.0,0.0,0.0,0.0,0.0,0.0,0.0,0.0,0.0,0.137931,0.0,0.0,0.0,0.0,0.0,0.0,0.0,0.0,0.0,-1,0,0.0,—,1,0,0,0,0,0,1
Santa Clara,Selection Sunday,0,0.0,0.0,0.0,0.0,0.0,0.0,0.0,0.0,0.0,0.0,0.0,0.0,0.0,0.0,0.0,0.0,0.0,0.0,0.0,0.0,0.0,0.0,0.0,0.0,0.0,0.0,0.241379,0.0,0.0,0.0,0.0,0.0,0.0,0.0,0.0,0.0,-1,0,0.0,—,1,0,0,0,0,0,1
Oregon St.,Selection Sunday,0,0.0,0.0,0.0,0.0,0.0,0.0,0.0,0.0,0.0,0.0,0.0,0.0,0.0,0.0,0.0,0.0,0.0,0.0,0.0,0.0,0.0,0.0,0.0,0.0,0.0,0.0,0.517241,0.0,0.0,0.0,0.0,0.0,0.0,0.0,0.0,0.0,-1,0,0.0,—,1,0,0,0,0,0,1
Seattle U,Selection Sunday,0,0.0,0.0,0.0,0.0,0.0,0.0,0.0,0.0,0.0,0.0,0.0,0.0,0.0,0.0,0.0,0.0,0.0,0.0,0.0,0.0,0.0,0.0,0.0,0.0,0.0,0.0,0.413793,0.0,0.0,0.0,0.0,0.0,0.0,0.0,0.0,0.0,-1,0,0.0,—,1,0,0,0,0,0,1
Pacific,Selection Sunday,0,0.0,0.0,0.0,0.0,0.0,0.0,0.0,0.0,0.0,0.0,0.0,0.0,0.0,0.0,0.0,0.0,0.0,0.0,0.0,0.0,0.0,0.0,0.0,0.0,0.0,0.0,0.482759,0.0,0.0,0.0,0.0,0.0,0.0,0.0,0.0,0.0,-1,0,0.0,—,1,0,0,0,0,0,1
San Francisco,Selection Sunday,0,0.0,0.0,0.0,0.0,0.0,0.0,0.0,0.0,0.0,0.0,0.0,0.0,0.0,0.0,0.0,0.0,0.0,0.0,0.0,0.0,0.0,0.0,0.0,0.0,0.0,0.0,0.517241,0.0,0.0,0.0,0.0,0.0,0.0,0.0,0.0,0.0,-1,0,0.0,—,1,0,0,0,0,0,1
Washington St.,Selection Sunday,0,0.0,0.0,0.0,0.0,0.0,0.0,0.0,0.0,0.0,0.0,0.0,0.0,0.0,0.0,0.0,0.0,0.0,0.0,0.0,0.0,0.0,0.0,0.0,0.0,0.0,0.0,0.655172,0.0,0.0,0.0,0.0,0.0,0.0,0.0,0.0,0.0,-1,0,0.0,—,1,0,0,0,0,0,1
LMU (CA),Selection Sunday,0,0.0,0.0,0.0,0.0,0.0,0.0,0.0,0.0,0.0,0.0,0.0,0.0,0.0,0.0,0.0,0.0,0.0,0.0,0.0,0.0,0.0,0.0,0.0,0.0,0.0,0.0,0.551724,0.0,0.0,0.0,0.0,0.0,0.0,0.0,0.0,0.0,-1,0,0.0,—,1,0,0,0,0,0,1
Portland,Selection Sunday,0,0.0,0.0,0.0,0.0,0.0,0.0,0.0,0.0,0.0,0.0,0.0,0.0,0.0,0.0,0.0,0.0,0.0,0.0,0.0,0.0,0.0,0.0,0.0,0.0,0.0,0.0,0.62069,0.0,0.0,0.0,0.0,0.0,0.0,0.0,0.0,0.0,-1,0,0.0,—,1,0,0,0,0,0,1
San Diego,Selection Sunday,0,0.0,0.0,0.0,0.0,0.0,0.0,0.0,0.0,0.0,0.0,0.0,0.0,0.0,0.0,0.0,0.0,0.0,0.0,0.0,0.0,0.0,0.0,0.0,0.0,0.0,0.0,0.689655,0.0,0.0,0.0,0.0,0.0,0.0,0.0,0.0,0.0,-1,0,0.0,—,1,0,0,0,0,0,1
Pepperdine,Selection Sunday,0,0.0,0.0,0.0,0.0,0.0,0.0,0.0,0.0,0.0,0.0,0.0,0.0,0.0,0.0,0.0,0.0,0.0,0.0,0.0,0.0,0.0,0.0,0.0,0.0,0.0,0.0,0.758621,0.0,0.0,0.0,0.0,0.0,0.0,0.0,0.0,0.0,-1,0,0.0,—,1,0,0,0,0,0,1
